1.000000000000000000e+00
6.767982756277133305e-01
4.488539211802122786e-01
2.746676309681796435e-01
1.340600677562461540e-01
1.502251736413168226e-02
-9.031604960535100091e-02
-1.874566232410406486e-01
-2.804501388367958148e-01
-3.724275375447794190e-01
-4.659268223911216533e-01
-5.631054866836557871e-01
-6.658844689040357423e-01
-7.760495187952372032e-01
-8.953252849513809730e-01
-1.025431556179231984e+00
-1.168127651652682397e+00
-1.325248856349305226e+00
-1.498737463916872681e+00
-1.690670102303727163e+00
-1.903282394279255163e+00
-2.138991532364957315e+00
-2.400416951268008692e+00
-2.690398906935524970e+00
-3.012014376320562903e+00
-3.368589236002966558e+00
-3.763705120321832354e+00
-4.201198656259500730e+00
-4.685149872913971336e+00
-5.219855431779136801e+00
-5.809780859465198510e+00
-6.459484126927280023e+00
-7.173500660821237496e+00
-7.956177178693615737e+00
-8.811438665728090314e+00
-9.742469541623682616e+00
-1.075128700785774427e+01
-1.183818247756394904e+01
-1.300100716246021193e+01
-1.423428235366645289e+01
-1.552812665107645884e+01
-1.686701533699332245e+01
-1.822842594212035294e+01
-1.958148322528310814e+01
-2.088579819881347532e+01
-2.209079499915650757e+01
-2.313591986183193328e+01
-2.395219383645562772e+01
-2.446555046731138461e+01
-2.460222443560248351e+01
-2.429607419129370172e+01
-2.349713914695930228e+01
-2.218007181952264872e+01
-2.035059956719613083e+01
-1.804817166277778995e+01
-1.534363668875039011e+01
-1.233207065905154387e+01
-9.122280892766051252e+00
-5.825433148706503417e+00
-2.545285227579417775e+00
6.282885375736126932e-01
3.621986674996598321e+00
6.378541791348782297e+00
8.854109794658890920e+00
1.101485697873136083e+01
1.283379936785368081e+01
1.428859384611878980e+01
1.536061783623860677e+01
1.603536083594374517e+01
1.630389721857642726e+01
1.616501370148598582e+01
1.562743576766278331e+01
1.471155860780425151e+01
1.345016503400299612e+01
1.188781048190908507e+01
1.007884104214042864e+01
8.084313461260631328e+00
5.968318936745220071e+00
3.794307461967179051e+00
1.621947671511493549e+00
-4.951253434307769652e-01
-2.510554473332449188e+00
-4.385588328543392755e+00
-6.088724759026929334e+00
-7.594960518757993384e+00
-8.884923948665102600e+00
-9.944107397538383353e+00
-1.076233442771628113e+01
-1.133351287705040455e+01
-1.165565078589919601e+01
-1.173105505611217403e+01
-1.156659652597037713e+01
-1.117391223421608615e+01
-1.056942651628308383e+01
-9.774105014387062695e+00
-8.812903925380254577e+00
-7.713931687372866719e+00
-6.507390802106868932e+00
-5.224403396343764605e+00
-3.895838829080583210e+00
-2.551253900778877259e+00
-1.218030129343922408e+00
7.924409419003586308e-02
1.319137028649530752e+00
2.483505986488739659e+00
3.557444183686892192e+00
4.529098326956632725e+00
5.389413520365393673e+00
6.131854620610368123e+00
6.752141114811504252e+00
7.248018794881867954e+00
7.619078168116566019e+00
7.866618163332820046e+00
7.993545125958682718e+00
8.004291720320894754e+00
7.904738191512539203e+00
7.702119225204888231e+00
7.404902894667877433e+00
7.022633219432712792e+00
6.565733856089527976e+00
6.045276513275177344e+00
5.472722990468324333e+00
4.859653606494538813e+00
4.217496790726295686e+00
3.557274651197373405e+00
2.889377606266962939e+00
2.223378106164819901e+00
1.567889649503926730e+00
9.304733099905568849e-01
3.175903428391250172e-01
-2.654034944879015701e-01
-8.142283019027620750e-01
-1.325622561878781358e+00
-1.797265560066875212e+00
-2.227687002555504669e+00
-2.616170235301531921e+00
-2.962654311480849678e+00
-3.267638903374388004e+00
-3.532094850767736105e+00
-3.757382067852097052e+00
-3.945175645605816239e+00
-4.097400304633090684e+00
-4.216172868842760657e+00
-4.303752122202259223e+00
-4.362495249711306755e+00
-4.394820017204732032e+00
-4.403171880727291487e+00
-4.389995306134028219e+00
-4.357708698688896654e+00
-4.308682471077189824e+00
-4.245219901647545591e+00
-4.169540542699602170e+00
-4.083766025163871660e+00
-3.989908168457387827e+00
-3.889859342770026096e+00
-3.785385047720703611e+00
-3.678118669780851668e+00
-3.569558365430465230e+00
-3.461065992277651215e+00
-3.353867980753307165e+00
-3.249058008419863253e+00
-3.147601310645396833e+00
-3.050340437829802465e+00
-2.958002252144788624e+00
-2.871205946707855450e+00
-2.790471867420051932e+00
-2.716230921978126656e+00
-2.648834371035762469e+00
-2.588563812078473525e+00
-2.535641186091534660e+00
-2.490238659301958979e+00
-2.452488255972478548e+00
-2.422491142332329872e+00
-2.400326485304863144e+00
-2.386059831955658961e+00
-2.379750975920798872e+00
-2.381461295020117941e+00
-2.391260559485282489e+00
-2.409233222516065531e+00
-2.435484214077864529e+00
-2.470144264874508000e+00
-2.513374790193487751e+00
-2.565372362729644085e+00
-2.626372799401928582e+00
-2.696654879356711110e+00
-2.776543698453024955e+00
-2.866413649048795254e+00
-2.966690992158659945e+00
-3.077855961106267912e+00
-3.200444300443734402e+00
-3.335048099636455099e+00
-3.482315725933561090e+00
-3.642950592698654511e+00
-3.817708415608231931e+00
-4.007392506531356702e+00
-4.212846530340223161e+00
-4.434944000119273255e+00
-4.674573608413153281e+00
-4.932619284591883257e+00
-5.209933631713790980e+00
-5.507303135091484059e+00
-5.825403260466227806e+00
-6.164741294103290414e+00
-6.525584557776508809e+00
-6.907871518669308486e+00
-7.311103399011853909e+00
-7.734214304968067388e+00
-8.175418821041896322e+00
-8.632037692463907064e+00
-9.100304931276312459e+00
-9.575163744712257952e+00
-1.005006437395998020e+01
-1.051678437484680551e+01
-1.096530086176401397e+01
-1.138375396788390503e+01
-1.175854953636888922e+01
-1.207465396036202954e+01
-1.231613102793642334e+01
-1.246695475059982350e+01
-1.251209917037483876e+01
-1.243885462185567903e+01
-1.223825426309940312e+01
-1.190642754185758179e+01
-1.144564947659778831e+01
-1.086485054077155610e+01
-1.017940963190148906e+01
-9.410172205716895277e+00
-8.581792233521024826e+00
-7.720644605685061279e+00
-6.852644870617994322e+00
-6.001315551957660865e+00
-5.186355872786849730e+00
-4.422838434572570421e+00
-3.721019183528078145e+00
-3.086644522898829734e+00
-2.521589226542431117e+00
-2.024657125707898686e+00
-1.592406968240509535e+00
-1.219909558399328242e+00
-9.013848393186284502e-01
-6.307011436574486707e-01
-4.017411900635709521e-01
-2.086517446064433678e-01
-4.599879926842384559e-02
9.114966348174699529e-02
2.071935822026788887e-01
3.060070520223157065e-01
3.909680694466753925e-01
4.650021883982992099e-01
5.306331907758631283e-01
5.900360253893019991e-01
6.450889139945105155e-01
6.974227400018256917e-01
7.484667082527256543e-01
7.994898705366008107e-01
8.516385171515451491e-01
9.059696930923146763e-01
9.634812499603706559e-01
1.025138922941293940e+00
1.091900949358801221e+00
1.164740737824375039e+00
1.244668065858453465e+00
1.332749235635442453e+00
1.430126555032760649e+00
1.538037433917465613e+00
1.657833289772461249e+00
1.790998335006771525e+00
1.939168159147402593e+00
2.104147806009700528e+00
2.287928755819296445e+00
2.492703823675025188e+00
2.720878436605586259e+00
2.975075996479084051e+00
3.258134004282771556e+00
3.573086225112464209e+00
3.923124310044554086e+00
4.311529852258907169e+00
4.741564747729649199e+00
5.216303925409293996e+00
5.738390128653522382e+00
6.309685894896113645e+00
6.930794180339681532e+00
7.600418140737488670e+00
8.314535800189602810e+00
9.065382138529075817e+00
9.840267280184820109e+00
1.062032449750100049e+01
1.137938408277565827e+01
1.208330915083198498e+01
1.269028652408253954e+01
1.315268088615245645e+01
1.342102252387148198e+01
1.345036007948411161e+01
1.320846000883617499e+01
1.268425289280807355e+01
1.189393599195194895e+01
1.088197086836897398e+01
9.715472822078217163e+00
8.472980206817251059e+00
7.231046470511845570e+00
6.052934782757548149e+00
4.982368999315064606e+00
4.042813613407221673e+00
3.240730060366619369e+00
2.570568694105378693e+00
2.019692324142387196e+00
1.572278297733232577e+00
1.211963303234774081e+00
9.233943545248348705e-01
6.929838345654266707e-01
5.091538646447100191e-01
3.622883152254448014e-01
2.445393419491252718e-01
1.495783347523683415e-01
7.234162584510567262e-02
8.796206265558242920e-03
-4.426415149169460328e-02
-8.939017002807231327e-02
-1.286176921109413451e-01
-1.635813961484478551e-01
-1.956058472181951280e-01
-2.257779757188040359e-01
-2.550046287292589420e-01
-2.840582966437191215e-01
-3.136135815384044623e-01
-3.442764910329482175e-01
-3.766082290180506331e-01
-4.111448137735489450e-01
-4.484135785187761680e-01
-4.889473902501872415e-01
-5.332972502299475615e-01
-5.820438046927393083e-01
-6.358081892759721576e-01
-6.952625485011633133e-01
-7.611405064817579058e-01
-8.342478118189321501e-01
-9.154733337959609640e-01
-1.005800544134562990e+00
-1.106319574269585715e+00
-1.218239887401700416e+00
-1.342903541685414481e+00
-1.481798938596747606e+00
-1.636574839593894382e+00
-1.809054282672833747e+00
-2.001247822698040579e+00
-2.215365235079542749e+00
-2.453824435141719995e+00
-2.719255841883782665e+00
-3.014499713125188940e+00
-3.342593049294805940e+00
-3.706741448632324243e+00
-4.110269738832776021e+00
-4.556543260154223951e+00
-5.048849315043013597e+00
-5.590225582207676069e+00
-6.183219407618468111e+00
-6.829559259205986166e+00
-7.529718085083496604e+00
-8.282349260034649774e+00
-9.083581483236068621e+00
-9.926172662959428905e+00
-1.079854874632301431e+01
-1.168379629439046319e+01
-1.255874078875968713e+01
-1.339332497179873194e+01
-1.415059162577318119e+01
-1.478764484122912926e+01
-1.525796333342487188e+01
-1.551530285671849541e+01
-1.551909535836629317e+01
-1.524073258404973075e+01
-1.466953283200319547e+01
-1.381679225779609332e+01
-1.271643192372963682e+01
-1.142153420984211465e+01
-9.997323945960211233e+00
-8.512337072508032065e+00
-7.030028298727066804e+00
-5.602664804908415341e+00
-4.268331300916551996e+00
-3.050808976752138246e+00
-1.961435239821655019e+00
-1.001908897199957682e+00
-1.672158832605429302e-01
5.518166550725436270e-01
1.166536651505679423e+00
1.689060589156191616e+00
2.131355831090944619e+00
2.504694730385080614e+00
2.819370340521301976e+00
3.084584656649365986e+00
3.308443648903080625e+00
3.498013574125910630e+00
3.659408624930415854e+00
3.797891122049693369e+00
3.917973035704782170e+00
4.023512571074755684e+00
4.117802670042985724e+00
4.203650173097380538e+00
4.283445483440389445e+00
4.359223174048547200e+00
4.432714271438684683e+00
4.505391061758920124e+00
4.578505273710682388e+00
4.653120446738792104e+00
4.730139220683147627e+00
4.810326201421744052e+00
4.894326975321352968e+00
4.982683768481681597e+00
5.075848177143021722e+00
5.174191334086367000e+00
5.278011822459612645e+00
5.387541602899748483e+00
5.502950181624004955e+00
5.624347215846520420e+00
5.751783728001213625e+00
5.885252081451540995e+00
6.024684857360886880e+00
6.169952764973555048e+00
6.320861715559273009e+00
6.477149193572491193e+00
6.638480067028880605e+00
6.804441992506460757e+00
6.974540588230085270e+00
7.148194570918048107e+00
7.324731077744635499e+00
7.503381422881600038e+00
7.683277567227912108e+00
7.863449608287039538e+00
8.042824622391377076e+00
8.220227210799782469e+00
8.394382111344008024e+00
8.563919234647077161e+00
8.727381464662476773e+00
8.883235523635857334e+00
9.029886138238611082e+00
9.165693654094200227e+00
9.288995129108890580e+00
9.398128792723092317e+00
9.491461591606666914e+00
9.567419358394339213e+00
9.624518947704924443e+00
9.661401494636058018e+00
9.676865779210681140e+00
9.669900541296026830e+00
9.639714499809068471e+00
9.585762801485403273e+00
9.507768668697336167e+00
9.405739138298924829e+00
9.279973983408776661e+00
9.131067179464489314e+00
8.959900599819635048e+00
8.767629983593806742e+00
8.555663584227072960e+00
8.325634254340542384e+00
8.079366025309832722e+00
7.818836476553231662e+00
7.546136344226935577e+00
7.263427883764117077e+00
6.972903475600149115e+00
6.676745856238537336e+00
6.377091181536468589e+00
6.075995904010611071e+00
5.775408191395257518e+00
5.477144349771482013e+00
5.182870459444591127e+00
4.894089200119855043e+00
4.612131644423874910e+00
4.338153641733612176e+00
4.073136299868977517e+00
3.817889999334812323e+00
3.573061339730940755e+00
3.339142415231013405e+00
3.116481839304778401e+00
2.905296981556550584e+00
2.705686935429349571e+00
2.517645799020070019e+00
2.341075917701537001e+00
2.175800802962177816e+00
2.021577504118784674e+00
1.878108266468535570e+00
1.745051359905780419e+00
1.622031005526277880e+00
1.508646364231934101e+00
1.404479581125448462e+00
1.309102903064873313e+00
1.222084904785190496e+00
1.142995872202006380e+00
1.071412400614788929e+00
1.006921271218750968e+00
9.491226722582422060e-01
8.976328318867069500e-01
8.520861288430726654e-01
8.121367448431664471e-01
7.774599194792169987e-01
7.477528647184812360e-01
7.227353920341342830e-01
7.021503009784050287e-01
6.857635737675245036e-01
6.733644163023401186e-01
6.647651820798180511e-01
6.598012117172081803e-01
6.583306173511026538e-01
6.602340380113658203e-01
6.654143892163649765e-01
6.737966274934199529e-01
6.853275482923444351e-01
6.999756338208178441e-01
7.177309656748349642e-01
7.386052157498296244e-01
7.626317277805487738e-01
7.898657009513179172e-01
8.203844863226800177e-01
8.542880063141160552e-01
8.916993071426770889e-01
9.327652539190468550e-01
9.776573780181128104e-01
1.026572886339100599e+00
1.079735842113849209e+00
1.137398526966794110e+00
1.199842993922793921e+00
1.267382820932137166e+00
1.340365074151824931e+00
1.419172489581973284e+00
1.504225880570032814e+00
1.595986776989790856e+00
1.694960299354165922e+00
1.801698267445200674e+00
1.916802537875494483e+00
2.040928557863881831e+00
2.174789112814978775e+00
2.319158232271891329e+00
2.474875201489085352e+00
2.642848603010261588e+00
2.824060282667561150e+00
3.019569095370171041e+00
3.230514235449582383e+00
3.458117891097747254e+00
3.703686878775046321e+00
3.968612806740619003e+00
4.254370181487493241e+00
4.562511700257872782e+00
4.894659759386721376e+00
5.252492943575713724e+00
5.637725936571020391e+00
6.052080900879562186e+00
6.497247907031248104e+00
6.974831450253404341e+00
7.486279482207900848e+00
8.032790731369601644e+00
8.615195436951758268e+00
9.233804066632874452e+00
9.888218274386774809e+00
1.057709850988997324e+01
1.129788365277325646e+01
1.204646028639032806e+01
1.281678337075187635e+01
1.360045688328811408e+01
1.438629329030670156e+01
1.515988519000071477e+01
1.590324135823038887e+01
1.659456192767855498e+01
1.720825092512878385e+01
1.771528358029418371e+01
1.808405209249414014e+01
1.828179526692308698e+01
1.827666209418394772e+01
1.804035838331711261e+01
1.755118185011456688e+01
1.679708694309618267e+01
1.577828155550221467e+01
1.450880475131613068e+01
1.301662248106161712e+01
1.134202351922802698e+01
9.534453962688671069e+00
7.648289180975226031e+00
5.738281065082408539e+00
3.855450207401218243e+00
2.044015555702627385e+00
3.396479406826218295e-01
-1.230985240391474056e+00
-2.649653007961562778e+00
-3.905351121930274338e+00
-4.992825788736978687e+00
-5.911129460880395037e+00
-6.662401242353879205e+00
-7.250962422450465183e+00
-7.682737025856361868e+00
-7.964952597084492325e+00
-8.106045387289794846e+00
-8.115681975076528332e+00
-8.004811595313357842e+00
-7.785676443157909965e+00
-7.471727923409730465e+00
-7.077422146091847388e+00
-6.617894415495952032e+00
-6.108536196755771641e+00
-5.564515533532877534e+00
-5.000290695550147824e+00
-4.429166265625896770e+00
-3.862932157919551468e+00
-3.311611928191408261e+00
-2.783330620204051531e+00
-2.284297492247867822e+00
-1.818887563487213921e+00
-1.389799065715889848e+00
-9.982615024743141108e-01
-6.442702386525496205e-01
-3.268271450732069261e-01
-4.417158425401790378e-02
2.060090399215422918e-01
4.263954946279717717e-01
6.198823993450071068e-01
7.894533970880441842e-01
9.380840263850015459e-01
1.068669426893124719e+00
1.183973495765294981e+00
1.286595995106837531e+00
1.378954255170650178e+00
1.463276416234504884e+00
1.541603526804047553e+00
1.615798214101226371e+00
1.687558031088574495e+00
1.758431942754235422e+00
1.829838732732643525e+00
1.903086385407638303e+00
1.979391728044373577e+00
2.059899803934972518e+00
2.145702593724179152e+00
2.237856810960067389e+00
2.337400572197320781e+00
2.445368783772170929e+00
2.562807097908448739e+00
2.690784270258991473e+00
2.830402698216334834e+00
2.982806831777558454e+00
3.149189022278217731e+00
3.330792203134483209e+00
3.528908573497128831e+00
3.744873171835203074e+00
3.980050872890052993e+00
4.235814910229205310e+00
4.513514513721180954e+00
4.814428661155549349e+00
5.139702296576789564e+00
5.490260713052412811e+00
5.866697227735723885e+00
6.269128953985676489e+00
6.697015660138232462e+00
7.148937793495679927e+00
7.622332305496227534e+00
8.113189685426661413e+00
8.615723482822479795e+00
9.122035455208816757e+00
9.621815863955937687e+00
1.010213896504655828e+01
1.054743615958361147e+01
1.093974835965786774e+01
1.125936577099411906e+01
1.148594466892448551e+01
1.160013298505464441e+01
1.158563117752932570e+01
1.143146893254688123e+01
1.113412412530137274e+01
1.069900750738033501e+01
1.014085468358778641e+01
9.482749982210547657e+00
8.753831546953851017e+00
7.986089064856460418e+00
7.210918275825136448e+00
6.456129888042950959e+00
5.743918414939139794e+00
5.089977798145471688e+00
4.503645451473103911e+00
3.988766604541355232e+00
3.544922289696132989e+00
3.168720761177633349e+00
2.854955107938636161e+00
2.597531500383268632e+00
2.390148168597182377e+00
2.226749867167614472e+00
2.101802028686079460e+00
2.010431933150934825e+00
1.948478813053101444e+00
1.912486204532243050e+00
1.899661073431452296e+00
1.907816687680692347e+00
1.935310297251287448e+00
1.980982349707928192e+00
2.044100943494101763e+00
2.124313190058457312e+00
2.221603835589965659e+00
2.336260651652029452e+00
2.468845563055108716e+00
2.620170107823553085e+00
2.791273519635892431e+00
2.983401413837652338e+00
3.197982686954396581e+00
3.436601760843928322e+00
3.700962679455102933e+00
3.992840772024224272e+00
4.314016621087329639e+00
4.666185935637281013e+00
5.050837699391372837e+00
5.469091799097097528e+00
5.921486535925036598e+00
6.407706494118197149e+00
6.926242993680448379e+00
7.473983978385343008e+00
8.045739293190141694e+00
8.633722802081315706e+00
9.227036511043735345e+00
9.811234604656382530e+00
1.036808523753082767e+01
1.087568814854199317e+01
1.130913213947686202e+01
1.164186485077904187e+01
1.184786940219060547e+01
1.190457605867425350e+01
1.179618743015620907e+01
1.151681941093719708e+01
1.107267208537396996e+01
1.048248423255726003e+01
9.775872963426717632e+00
8.989750213679206681e+00
8.163610689518144170e+00
7.334817947436166108e+00
6.534919208531452028e+00
5.787570804139535063e+00
5.108101628061243460e+00
4.504327649356665297e+00
3.978067209241034963e+00
3.526858488950615378e+00
3.145540425701987441e+00
2.827528698638894333e+00
2.565746389456696086e+00
2.353242940167693753e+00
2.183565709942461908e+00
2.050952234163625043e+00
1.950402031280916493e+00
1.877673369577202545e+00
1.829237431779603407e+00
1.802211660643113778e+00
1.794286091746102985e+00
1.803650872749071432e+00
1.828929416601367208e+00
1.869119233722483786e+00
1.923541017653714880e+00
1.991795705424992846e+00
2.073728773566241301e+00
2.169400809369101513e+00
2.279063311983974494e+00
2.403138662176651508e+00
2.542203209973426858e+00
2.696972438520595983e+00
2.868287152727651890e+00
3.057099601296931368e+00
3.264458363103925898e+00
3.491490708814575239e+00
3.739380983738939346e+00
4.009343348795447959e+00
4.302586968043422999e+00
4.620271455329769239e+00
4.963450111556765521e+00
5.332998236049146357e+00
5.729523641197615369e+00
6.153256530571516336e+00
6.603916248542991418e+00
7.080553253633305566e+00
7.581366239205699742e+00
8.103496898928600700e+00
8.642808702542657429e+00
9.193661457996533670e+00
9.748700484692424340e+00
1.029868768461707695e+01
1.083241090289201658e+01
1.133671615143935618e+01
1.179671198404324706e+01
1.219619307022738575e+01
1.251831686491564888e+01
1.274653991415777732e+01
1.286577794467120661e+01
1.286370023256457173e+01
1.273201375717764883e+01
1.246755194835797198e+01
1.207297413130935837e+01
1.155691807410940797e+01
1.093353004982249921e+01
1.022140861517944721e+01
9.442110198612136074e+00
8.618443618524278094e+00
7.772804157438852002e+00
6.925762825373206866e+00
6.095049623530091942e+00
5.294978361035466818e+00
4.536280910399611344e+00
3.826266593979603670e+00
3.169201119832473879e+00
2.566803269423350464e+00
2.018776472932914956e+00
1.523316990258033021e+00
1.077563913730340328e+00
6.779750857609047054e-01
3.206262637299872598e-01
1.438965013268289628e-03
-2.836534572842613344e-01
-5.385905709427658561e-01
-7.671097957106620679e-01
-9.727020063318638776e-01
-1.158589811608057074e+00
-1.327722055954843716e+00
-1.482779500536181239e+00
-1.626187847858193480e+00
-1.760135260869728935e+00
-1.886592309165447734e+00
-2.007332878079240768e+00
-2.123955032211125360e+00
-2.237901162781214204e+00
-2.350476994018174448e+00
-2.462869199070655490e+00
-2.576161497939490452e+00
-2.691349192177357796e+00
-2.809352143967382531e+00
-2.931026238520330729e+00
-3.057173384379067382e+00
-3.188550110508923563e+00
-3.325874815133152751e+00
-3.469833711413681243e+00
-3.621085500897541110e+00
-3.780264788294237732e+00
-3.947984231432106306e+00
-4.124835398756622418e+00
-4.311388283950231326e+00
-4.508189403600027845e+00
-4.715758379781823884e+00
-4.934582885547136755e+00
-5.165111808371392499e+00
-5.407746465712557793e+00
-5.662829689392305355e+00
-5.930632583496376675e+00
-6.211338756461091570e+00
-6.505025835266440737e+00
-6.811644092333599687e+00
-7.130992058891024499e+00
-7.462689068243184565e+00
-7.806144775441024031e+00
-8.160525843858238204e+00
-8.524720181873671976e+00
-8.897299361454184208e+00
-9.276480160437905909e+00
-9.660086543928775527e+00
-1.004551383414219679e+01
-1.042969730084091928e+01
-1.080908791349449594e+01
-1.117963849444430835e+01
-1.153680394560226397e+01
-1.187555951717785696e+01
-1.219044115610848777e+01
-1.247561171266608504e+01
-1.272495609264862892e+01
-1.293220723050753840e+01
-1.309110297301754677e+01
-1.319557161345583474e+01
-1.323994100084339109e+01
-1.321916307315895800e+01
-1.312904264464614457e+01
-1.296645672503819569e+01
-1.272954901772301994e+01
-1.241788396064450950e+01
-1.203254604385566751e+01
-1.157617325708645772e+01
-1.105291821286934173e+01
-1.046833629405264077e+01
-9.829206393927117702e+00
-9.143295636754485756e+00
-8.419084099979984970e+00
-7.665468402440353657e+00
-6.891463766912699462e+00
-6.105922844345746725e+00
-5.317286547587134038e+00
-4.533377950117579047e+00
-3.761245617995053081e+00
-3.007058184333385675e+00
-2.276048037469423857e+00
-1.572498985749573475e+00
-8.997708035479838884e-01
-2.603526143758114753e-01
3.440630243240370145e-01
9.124929148294392833e-01
1.444569493438486951e+00
1.940445990744901206e+00
2.400704631990130622e+00
2.826270844610333732e+00
3.218335391875415397e+00
3.578285479473195529e+00
3.907645195409656935e+00
4.208025133071870094e+00
4.481080691935737548e+00
4.728478324242748165e+00
4.951868872154027379e+00
5.152867093320798730e+00
5.333036481615179625e+00
5.493878535869786361e+00
5.636825698604131851e+00
5.763237268060884766e+00
5.874397672594585451e+00
5.971516581130824619e+00
6.055730403525942052e+00
6.128104808121157987e+00
6.189637949560320429e+00
6.241264157716698513e+00
6.283857888527582425e+00
6.318237780144372984e+00
6.345170693718512389e+00
6.365375648083299254e+00
6.379527582293871291e+00
6.388260900159362876e+00
6.392172767196839800e+00
6.391826143445988428e+00
6.387752545827362738e+00
6.380454541658171053e+00
6.370407980946994897e+00
6.358063979503445040e+00
6.343850668000256654e+00
6.328174724148756702e+00
6.311422706291128115e+00
6.293962207139252030e+00
6.276142846238242257e+00
6.258297119118735097e+00
6.240741120122793362e+00
6.223775154625968753e+00
6.207684254902027021e+00
6.192738612246101226e+00
6.179193936236957008e+00
6.167291750222645419e+00
6.157259630293117958e+00
6.149311393190106223e+00
6.143647236826140556e+00
6.140453835364747093e+00
6.139904389173355348e+00
6.142158628417607069e+00
6.147362767637297942e+00
6.155649407345640256e+00
6.167137377540382381e+00
6.181931517023174116e+00
6.200122381609730837e+00
6.221785873696974889e+00
6.246982785256956383e+00
6.275758246177327138e+00
6.308141069996010764e+00
6.344142989520674014e+00
6.383757775625627851e+00
6.426960233730926397e+00
6.473705074149298966e+00
6.523925654702133592e+00
6.577532596828671529e+00
6.634412279920904432e+00
6.694425222891241312e+00
6.757404367100917852e+00
6.823153280818695876e+00
6.891444312402880357e+00
6.962016727444592767e+00
7.034574874182457194e+00
7.108786431556989527e+00
7.184280805211516352e+00
7.260647748377161648e+00
7.337436296610547082e+00
7.414154117368055630e+00
7.490267386838473485e+00
7.565201316593738845e+00
7.638341460560461371e+00
7.709035937496768298e+00
7.776598704358205438e+00
7.840314010312594561e+00
7.899442148320545698e+00
7.953226599776336947e+00
8.000902636507086996e+00
8.041707402582046527e+00
8.074891445522029088e+00
8.099731602964251209e+00
8.115545077882011071e+00
8.121704455412851686e+00
8.117653330733562100e+00
8.102922134957404765e+00
8.077143670521230945e+00
8.040067805580040528e+00
7.991574735480955205e+00
7.931686205119713229e+00
7.860574104545481333e+00
7.778565905415747217e+00
7.686146499092002315e+00
7.583956126442170209e+00
7.472784249461760453e+00
7.353559396954596039e+00
7.227335209171794617e+00
7.095273096000847879e+00
6.958622095854756218e+00
6.818696664439457322e+00
6.676853222904506779e+00
6.534466345794024633e+00
6.392905467297883781e+00
6.253512930762002320e+00
6.117584106835384006e+00
5.986350169219837980e+00
5.860963955442168860e+00
5.742489166224208574e+00
5.631892983501711747e+00
5.530042025148342866e+00
5.437701412904099918e+00
5.355536614972146836e+00
5.284117639347633677e+00
5.223925098504779818e+00
5.175357638571735031e+00
5.138740222780184830e+00
5.114332774879900789e+00
5.102338717946031110e+00
5.102912982201982750e+00
5.116169097217290407e+00
5.142185024969903040e+00
5.181007427603653959e+00
5.232654095159880114e+00
5.297114283145969438e+00
5.374346727714451433e+00
5.464275118850554946e+00
5.566780821944129265e+00
5.681692649446031140e+00
5.808773502468413952e+00
5.947703734343653181e+00
6.098061143316046540e+00
6.259297590671274669e+00
6.430712376584516221e+00
6.611422703197655792e+00
6.800331827960636843e+00
6.996095874058777753e+00
7.197090728853940078e+00
7.401381027560107739e+00
7.606693875584685571e+00
7.810400675139876014e+00
8.009511125653284935e+00
8.200684060592125846e+00
8.380260119570007049e+00
8.544321146782035470e+00
8.688780440939172678e+00
8.809506349533071656e+00
8.902479052026125217e+00
8.963976694590442662e+00
8.990782517715834032e+00
8.980399729574905621e+00
8.931256389067200985e+00
8.842879465028552488e+00
8.716016572302663690e+00
8.552686464704388314e+00
8.356145464991950433e+00
8.130766129457839497e+00
7.881835246195493028e+00
7.615288804283196100e+00
7.337409749188302577e+00
7.054518488790574970e+00
6.772685478617002097e+00
6.497490155787881250e+00
6.233842335476150964e+00
5.985872785133032892e+00
5.756890888402096174e+00
5.549400475918898401e+00
5.365160715897296484e+00
5.205277428455246991e+00
5.070310828324176455e+00
4.960387786052756098e+00
4.875309488876040653e+00
4.814648273544894330e+00
4.777829985782257260e+00
4.764200279820797412e+00
4.773074745795979901e+00
4.803773683561745500e+00
4.855642823828048016e+00
4.928061444966020055e+00
5.020439256275657236e+00
5.132203211282256206e+00
5.262775155619049627e+00
5.411540965758809385e+00
5.577811648764273933e+00
5.760776794819056690e+00
5.959450847411929431e+00
6.172612925577622534e+00
6.398741444575552606e+00
6.635945579190339672e+00
6.881896729121964817e+00
7.133764582789440034e+00
7.388164087174596162e+00
7.641121487804904966e+00
7.888069358649568485e+00
8.123881804740008761e+00
8.342961245247790814e+00
8.539386709446560531e+00
8.707129732053076054e+00
8.840337237940005366e+00
8.933671251456006601e+00
8.982683625596346033e+00
8.984192029768971466e+00
8.936613878672876154e+00
8.840210927925303608e+00
8.697201669817594905e+00
8.511712600434076847e+00
8.289561501055393578e+00
8.037891923161849306e+00
7.764702076541746933e+00
7.478327296759007758e+00
7.186939326953117657e+00
6.898117389326214877e+00
6.618528518168903751e+00
6.353733088844771615e+00
6.108111291318029323e+00
5.884891357194431016e+00
5.686252290666564235e+00
5.513472238218931842e+00
5.367096728322082733e+00
5.247106689738401997e+00
5.153072550854219003e+00
5.084286555914975914e+00
5.039870049916930661e+00
5.018855710499899203e+00
5.020246672374849339e+00
5.043055466937909515e+00
5.086325983629548020e+00
5.149141512955300648e+00
5.230621558146505201e+00
5.329909647661766670e+00
5.446153938399022287e+00
5.578482026699073337e+00
5.725971113031629756e+00
5.887614513212796830e+00
6.062285481581475288e+00
6.248699411642970603e+00
6.445375704440196252e+00
6.650600935429745064e+00
6.862395388700205601e+00
7.078485530781910562e+00
7.296285513546922452e+00
7.512891251081141419e+00
7.725090906448637718e+00
7.929395623888226829e+00
8.122093908366547765e+00
8.299332051216515183e+00
8.457221328797082549e+00
8.591970340684399687e+00
8.700037908601727210e+00
8.778298690222625211e+00
8.824210504867242122e+00
8.835969886829778019e+00
8.812641187992609204e+00
8.754245163921117623e+00
8.661795665349862006e+00
8.537277704478709595e+00
8.383566220507217892e+00
8.204291408377617500e+00
8.003662392088770616e+00
7.786265290821582141e+00
7.556853648386911537e+00
7.320148578822248453e+00
7.080663146432970123e+00
6.842561165030075720e+00
6.609555666558959430e+00
6.384847604309362268e+00
6.171101552023224635e+00
5.970452570845299789e+00
5.784537087611629325e+00
5.614540392775004385e+00
5.461253939174966376e+00
5.325136689992723049e+00
5.206376045983842182e+00
5.104945166111770405e+00
5.020654644812139189e+00
4.953197452784567467e+00
4.902186766430805420e+00
4.867186816860026966e+00
4.847737213736515116e+00
4.843371379891689976e+00
4.853629806831015969e+00
4.878068841853888671e+00
4.916265671192992848e+00
4.967820090836482905e+00
5.032353572392133323e+00
5.109506045766570637e+00
5.198930740322774469e+00
5.300287355757690833e+00
5.413233775689613836e+00
5.537416492244392252e+00
5.672459879529694327e+00
5.817954438218851720e+00
5.973444132833762410e+00
6.138412957977957163e+00
6.312270899927837853e+00
6.494339505692495962e+00
6.683837332624960048e+00
6.879865627062135225e+00
7.081394668551724614e+00
7.287251314004638658e+00
7.496108378959913665e+00
7.706476594419715553e+00
7.916699968452840963e+00
8.124955450600808149e+00
8.329257830413844488e+00
8.527470783859129710e+00
8.717324896928170475e+00
8.896443329635033592e+00
9.062375524201410570e+00
9.212639003155160822e+00
9.344768850042797226e+00
9.456373933092582007e+00
9.545198349911837354e+00
9.609185982803495563e+00
9.646545515519592939e+00
9.655812837007452742e+00
9.635907510315119495e+00
9.586179971006792755e+00
9.506446376204003457e+00
9.397008562070091386e+00
9.258657360066257169e+00
9.092658512091567502e+00
8.900721523694148374e+00
8.684952896076419293e+00
8.447796170591720610e+00
8.191962004680679144e+00
7.920352002737633512e+00
7.635980212192977845e+00
7.341896066503958984e+00
7.041112151316593071e+00
6.736539553830083626e+00
6.430932809840047781e+00
6.126845672215161187e+00
5.826598164373511857e+00
5.532254712020504783e+00
5.245612605008367346e+00
4.968199647078273884e+00
4.701279604802757639e+00
4.445863954866656975e+00
4.202728428696001828e+00
3.972432938985368089e+00
3.755343617151906788e+00
3.551655869790542930e+00
3.361417555433919180e+00
3.184551574603641022e+00
3.020877345172022554e+00
2.870130794466298596e+00
2.731982635774421464e+00
2.606054808986541627e+00
2.491935053896191299e+00
2.389189652228923322e+00
2.297374423444124680e+00
2.216044092692962320e+00
2.144760169905626235e+00
2.083097489510200795e+00
2.030649563133692492e+00
1.987032894835290664e+00
1.951890401654108764e+00
1.924894072870172446e+00
1.905746990434834531e+00
1.894184821327436152e+00
1.889976880728180708e+00
1.892926853278401156e+00
1.902873248605246870e+00
1.919689656886226725e+00
1.943284860604161501e+00
1.973602849815912164e+00
2.010622780202364623e+00
2.054358905821351833e+00
2.104860511762403519e+00
2.162211865695953694e+00
2.226532201498231611e+00
2.297975742582008429e+00
2.376731767126055050e+00
2.463024711913559983e+00
2.557114305788770192e+00
2.659295717632282230e+00
2.769899697029741592e+00
2.889292678233840839e+00
3.017876809335819921e+00
3.156089858478572818e+00
3.304404937131562914e+00
3.463329966540901861e+00
3.633406797057127768e+00
3.815209870677296333e+00
4.009344294327334524e+00
4.216443164636205942e+00
4.437163953684615691e+00
4.672183728934943048e+00
4.922192938818032104e+00
5.187887447954159015e+00
5.469958452646718428e+00
5.769079848420115120e+00
6.085892557878765707e+00
6.420985260806534534e+00
6.774870902197653422e+00
7.147958292501521704e+00
7.540518064752203209e+00
7.952642225416182598e+00
8.384196543527510315e+00
8.834765084490802778e+00
9.303586334871503993e+00
9.789480612784897673e+00
1.029076885164823985e+01
1.080518342500708506e+01
1.132977249178866685e+01
1.186080042765340359e+01
1.239364830186917743e+01
1.292272007014457103e+01
1.344136215117814181e+01
1.394180624373623267e+01
1.441514743747981697e+01
1.485137157513065098e+01
1.523944700521360218e+01
1.556749576632939380e+01
1.582305722344074539e+01
1.599345260088781018e+01
1.606625125879012472e+01
1.602982885205220853e+01
1.587399422463017018e+01
1.559064736669285622e+01
1.517441719995224858e+01
1.462321822108096647e+01
1.393866214477572107e+01
1.312626704115649190e+01
1.219542294734963761e+01
1.115909826115670533e+01
1.003330178247147941e+01
8.836345707833432428e+00
7.587979380850397249e+00
6.308477413009853763e+00
5.017766563522027212e+00
3.734664118815941070e+00
2.476279675511935174e+00
1.257606964513254821e+00
9.130756328671907340e-02
-1.012332095347171501e+00
-2.045302893389544074e+00
-3.001673702584030323e+00
-3.877330564084254583e+00
-4.669690481531041826e+00
-5.377419287140654980e+00
-6.000175241366703105e+00
-6.538392281724236810e+00
-6.993109904974155633e+00
-7.365850926919795150e+00
-7.658543920094100343e+00
-7.873483923925033601e+00
-8.013322924348942777e+00
-8.081080466739862800e+00
-8.080164469911220948e+00
-8.014392743920264905e+00
-7.888006786167656159e+00
-7.705671039052546689e+00
-7.472452816531768072e+00
-7.193780393158370146e+00
-6.875379113883484550e+00
-6.523187624462456036e+00
-6.143258242847067230e+00
-5.741646923566359639e+00
-5.324299096289564659e+00
-4.896937844134229501e+00
-4.464960460475635884e+00
-4.033348486689794399e+00
-3.606595038144465359e+00
-3.188651746185035663e+00
-2.782896151378242866e+00
-2.392119024231869950e+00
-2.018529970314905775e+00
-1.663778857349881068e+00
-1.328990098473824544e+00
-1.014806618226101520e+00
-7.214403704539551487e-01
-4.487265111727102296e-01
-1.961786920900613906e-01
3.695662596204254968e-02
2.516484847021356330e-01
4.490335693353751934e-01
6.303729822804512439e-01
7.970141076502880173e-01
9.503577402055374268e-01
1.091830429481814191e+00
1.222861823632902967e+00
1.344866681369520256e+00
1.459231146223181952e+00
1.567302837102897639e+00
1.670384295103669370e+00
1.769729331976254816e+00
1.866541844771367753e+00
1.961976689117660877e+00
2.057142236487436548e+00
2.153104275545058233e+00
2.250890951807223317e+00
2.351498471421652248e+00
2.455897322307419639e+00
2.565038787852127022e+00
2.679861543611045782e+00
2.801298134808044349e+00
2.930281130636221310e+00
3.067748738983927748e+00
3.214649640628403304e+00
3.371946763213800047e+00
3.540619660198957241e+00
3.721665085815609064e+00
3.916095261013825990e+00
4.124933204320345936e+00
4.349204352547754837e+00
4.589923517044923962e+00
4.848076010820658865e+00
5.124591542369663522e+00
5.420309210219536489e+00
5.735931662830097366e+00
6.071966238428426088e+00
6.428650713605323475e+00
6.805861238583205797e+00
7.203000226251755400e+00
7.618862541072087602e+00
8.051479505102220102e+00
8.497942258756193468e+00
8.954209183579560971e+00
9.414906718836469679e+00
9.873139213790977919e+00
1.032033146723566119e+01
1.074613689430130314e+01
1.113845368357981691e+01
1.148359868882107016e+01
1.176669073201005489e+01
1.197228698541651148e+01
1.208529337536527848e+01
1.209212920514254996e+01
1.198206827190244539e+01
1.174861156792062289e+01
1.139068676057148011e+01
1.091344020483751187e+01
1.032841086017295140e+01
9.652962903078808665e+00
8.908993480908142359e+00
8.121087865916026161e+00
7.314416634203492862e+00
6.512716458278799969e+00
5.736653468750230189e+00
5.002755954198231159e+00
4.322964451253527685e+00
3.704726728001041636e+00
3.151491016353872965e+00
2.663428656537599970e+00
2.238235288220169927e+00
1.871899096536019380e+00
1.559368488472013148e+00
1.295089153574490837e+00
1.073407302140479302e+00
8.888519646932563356e-01
7.363167848465967946e-01
6.111635114039253303e-01
5.092678256409886028e-01
4.270250018915249246e-01
3.613293242742892653e-01
3.095377978035416255e-01
2.694257872425931399e-01
2.391398768291495003e-01
2.171514444063301907e-01
2.022131115934116541e-01
1.933192799714633647e-01
1.896713076131902875e-01
1.906474474353257176e-01
1.957773988894203621e-01
2.047211703928112914e-01
2.172518758322136700e-01
2.332420678995850150e-01
2.526532247285754873e-01
2.755280407185577984e-01
3.019852182298914944e-01
3.322165077895122276e-01
3.664857965716707966e-01
4.051300957765661126e-01
4.485623257113223739e-01
4.972758421034794152e-01
5.518506879781619467e-01
6.129615918813691167e-01
6.813877647036652441e-01
7.580245727528582833e-01
8.438971821612009094e-01
9.401762761198045881e-01
1.048195936983758125e+00
1.169473752612923301e+00
1.305733139364432027e+00
1.458927756633508821e+00
1.631267695951241326e+00
1.825246826978235148e+00
2.043670223987637424e+00
2.289679909739816832e+00
2.566776141247006038e+00
2.878829989294604985e+00
3.230080849916223684e+00
3.625109536391333265e+00
4.068773445274205258e+00
4.566084644066179976e+00
5.122004290258200143e+00
5.741117427006683371e+00
6.427141234314600382e+00
7.182208578003771215e+00
8.005860472281352003e+00
8.893682548215736006e+00
9.835543864918326662e+00
1.081346076038358461e+01
1.179924062952053099e+01
1.275228879095461387e+01
1.361829682916063078e+01
1.432992605924936136e+01
1.481088875145580630e+01
1.498467648007538422e+01
1.478813959221295171e+01
1.418792505122853775e+01
1.319494271445817013e+01
1.187027017098354875e+01
1.031750406952469845e+01
8.662185609545517195e+00
7.025651866103299170e+00
5.503477396872230365e+00
4.155276635104267591e+00
3.006060861767817727e+00
2.054614059268804915e+00
1.283632344231161682e+00
6.682657838354369995e-01
1.819241306498400879e-01
-2.004205029812193284e-01
-5.007169185988457061e-01
-7.374048135059236841e-01
-9.255606291427131982e-01
-1.077299455785696525e+00
-1.202253775722717855e+00
-1.308038784468763982e+00
-1.400665167555764867e+00
-1.484887407312015517e+00
-1.564488975193176978e+00
-1.642511439422920105e+00
-1.721436262009472751e+00
-1.803327910767348108e+00
-1.889945953814587964e+00
-1.982832587073143582e+00
-2.083380832678285888e+00
-2.192887549515463608e+00
-2.312594450794688949e+00
-2.443719524678693578e+00
-2.587480582977337296e+00
-2.745112094372397671e+00
-2.917875966434372081e+00
-3.107066500512340568e+00
-3.314009334035461052e+00
-3.540053788128673773e+00
-3.786557641456851808e+00
-4.054862946430877635e+00
-4.346261091962893452e+00
-4.661944910068136494e+00
-5.002945250778942921e+00
-5.370049163992522523e+00
-5.763696714059116211e+00
-6.183853643023113023e+00
-6.629857775928837960e+00
-7.100238472813579449e+00
-7.592510882478828549e+00
-8.102950584594211136e+00
-8.626359738328917004e+00
-9.155843270723670102e+00
-9.682622797851442087e+00
-1.019592615341512776e+01
-1.068299998524164174e+01
-1.112929909433672826e+01
-1.151890506708367745e+01
-1.183521360449668336e+01
-1.206190064871994139e+01
-1.218413053004752555e+01
-1.218990889880568140e+01
-1.207142063606066529e+01
-1.182614685442881886e+01
-1.145754679265298037e+01
-1.097513530423517203e+01
-1.039388464232888332e+01
-9.733009523217234005e+00
-9.014319824973826556e+00
-8.260406352910692362e+00
-7.492937593960391496e+00
-6.731290667629284741e+00
-5.991642401460206990e+00
-5.286541334932005398e+00
-4.624897881627766161e+00
-4.012282561067205044e+00
-3.451410655169354413e+00
-2.942705748998124093e+00
-2.484861606015725144e+00
-2.075351138185041133e+00
-1.710856416647253520e+00
-1.387612123464401659e+00
-1.101666551551199191e+00
-8.490704885532606161e-01
-6.260066943766333658e-01
-4.288726664227741625e-01
-2.543280935275420429e-01
-9.931657633361362647e-02
3.893071205759363052e-02
1.629034979622212276e-01
2.748285719464673149e-01
3.766904132430193286e-01
4.702539841173422053e-01
5.570881226265601560e-01
6.385884959280314632e-01
7.159994646176612854e-01
7.904344852152307421e-01
8.628948705207389880e-01
9.342868580445715665e-01
1.005437021974008305e+00
1.077106116978506112e+00
1.150001472109119627e+00
1.224788067111558076e+00
1.302098426713152124e+00
1.382541464471945591e+00
1.466710399116964325e+00
1.555189854684958961e+00
1.648562242300418923e+00
1.747413506845509890e+00
1.852338306394295975e+00
1.963944676268660761e+00
2.082858212854060920e+00
2.209725794688333522e+00
2.345218839482909434e+00
2.490036075226491619e+00
2.644905780837023102e+00
2.810587426362925356e+00
2.987872613803642441e+00
3.177585186465832212e+00
3.380580336582346579e+00
3.597742496853895577e+00
3.829981750798969742e+00
4.078228438570556058e+00
4.343425568661721137e+00
4.626518571466089469e+00
4.928441848344902176e+00
5.250101480928478281e+00
5.592353372412907753e+00
5.955976000059098219e+00
6.341636873045611189e+00
6.749851722903637885e+00
7.180935420257437585e+00
7.634943632681131298e+00
8.111604342497326314e+00
8.610238566869723442e+00
9.129670010968117921e+00
9.668123991940168693e+00
1.022311685627990840e+01
1.079133833548051591e+01
1.136853089431304298e+01
1.194937214670026648e+01
1.252736882142486685e+01
1.309477345086401812e+01
1.364253771438135843e+01
1.416031883047435791e+01
1.463655702508584611e+01
1.505864221043387552e+01
1.541318578322747079e+01
1.568640810424453669e+01
1.586464318965133202e+01
1.593494936991990052e+01
1.588579890119732418e+01
1.570780251980029618e+01
1.539440952476949498e+01
1.494251367851583190e+01
1.435289354419813890e+01
1.363042531502705756e+01
1.278402715302223136e+01
1.182632424252486381e+01
1.077305827128568616e+01
9.642297387176427037e+00
8.453526454705190929e+00
7.226708164324270989e+00
5.981401862846775330e+00
4.736010831797105247e+00
3.507204582611337162e+00
2.309536012077769485e+00
1.155248910996903300e+00
5.425272804208458588e-02
-9.857698872078164420e-01
-1.959161650607610827e+00
-2.862033026422829973e+00
-3.691981209152686905e+00
-4.447811626625143511e+00
-5.129280548720553945e+00
-5.736870558906910667e+00
-6.271604875861376271e+00
-6.734902000287451784e+00
-7.128468878786444307e+00
-7.454228568286139556e+00
-7.714277049573473377e+00
-7.910863177487636122e+00
-8.046385596789775718e+00
-8.123400661815031398e+00
-8.144635874668189501e+00
-8.113004028127273060e+00
-8.031614050650723868e+00
-7.903775456235220709e+00
-7.732994258305944335e+00
-7.522959170292284448e+00
-7.277517840247863745e+00
-7.000643707029890805e+00
-6.696394778889858124e+00
-6.368866187308540816e+00
-6.022138736628602551e+00
-5.660225844922360139e+00
-5.287021260249497701e+00
-4.906249759870168425e+00
-4.521422730321631889e+00
-4.135800123105627613e+00
-3.752359826364731532e+00
-3.373775027956202432e+00
-3.002399705029016541e+00
-2.640261987003896138e+00
-2.289064821132624328e+00
-1.950193131914460754e+00
-1.624726508840758976e+00
-1.313456376017792859e+00
-1.016906582403993786e+00
-7.353563902435181765e-01
-4.688649183543333043e-01
-2.172962031690214846e-01
1.965583792493116877e-02
2.424431292172068708e-01
4.516403085916583793e-01
6.479230949491963099e-01
8.320483918542173063e-01
1.004836276288912478e+00
1.167153944007705890e+00
1.319901619821910232e+00
1.464000391317571870e+00
1.600381886693018618e+00
1.729979690046296037e+00
1.853722368923167441e+00
1.972527977665721854e+00
2.087299894597508310e+00
2.198923850006706093e+00
2.308266004069686517e+00
2.416171938282309917e+00
2.523466429776889175e+00
2.630953884376426188e+00
2.739419310766864513e+00
2.849629724238450290e+00
2.962335873615735249e+00
3.078274188869764671e+00
3.198168849124282342e+00
3.322733870983063387e+00
3.452675114969303571e+00
3.588692103018007451e+00
3.731479532012458744e+00
3.881728356890087106e+00
4.040126301414188603e+00
4.207357634843130967e+00
4.384102027944691393e+00
4.571032271635524502e+00
4.768810605577393780e+00
4.978083362078556284e+00
5.199473582632945678e+00
5.433571210803808782e+00
5.680920406995019434e+00
5.942003469992691578e+00
6.217220790434037525e+00
6.506866207948328373e+00
6.811097104642239053e+00
7.129898554395280641e+00
7.463040876100604848e+00
7.810030031072288992e+00
8.170050488375901310e+00
8.541900491968062781e+00
8.923920142338612749e+00
9.313913400247896490e+00
9.709066079874579813e+00
1.010586316568146259e+01
1.050001038511756590e+01
1.088636688366546679e+01
1.125889800190425660e+01
1.161065937320504027e+01
1.193382554396183970e+01
1.221977760993573092e+01
1.245926434815837958e+01
1.264264927116802539e+01
1.276025119490738646e+01
1.280277773012310583e+01
1.276183947252638262e+01
1.263051824461674677e+01
1.240394723040522251e+01
1.207984703368607526e+01
1.165895316113616609e+01
1.114527079851863967e+01
1.054610453013418869e+01
9.871834069663945499e+00
9.135439276246271945e+00
8.351812955417102557e+00
7.536930785550161715e+00
6.706967242478036439e+00
5.877450360405216401e+00
5.062536320622876396e+00
4.274460898059639469e+00
3.523194947066550675e+00
2.816302042360990132e+00
2.158973334989017001e+00
1.554200372774078076e+00
1.003041270507981420e+00
5.049375494261477693e-01
5.804567144986405580e-02
-3.404437767692282679e-01
-6.940171699001422834e-01
-1.006589104006727409e+00
-1.282297452453623920e+00
-1.525341406260831922e+00
-1.739858906898844815e+00
-1.929838411948785915e+00
-2.099059413456699108e+00
-2.251056228840129236e+00
-2.389100046288388679e+00
-2.516194843658800639e+00
-2.635083487321441709e+00
-2.748260979390391157e+00
-2.857992417321795653e+00
-2.966333741096872423e+00
-3.075153766419944201e+00
-3.186156341634077460e+00
-3.300901729119908534e+00
-3.420826507622236612e+00
-3.547261428740364320e+00
-3.681446746205773390e+00
-3.824544576812407115e+00
-3.977647852078765922e+00
-4.141785384179672569e+00
-4.317922502288542574e+00
-4.506956620413241410e+00
-4.709706980502217810e+00
-4.926897682932115607e+00
-5.159132982537007805e+00
-5.406863710624255859e+00
-5.670343609814333163e+00
-5.949574379799364543e+00
-6.244238385847063810e+00
-6.553618356380926713e+00
-6.876504092760869824e+00
-7.211087357318135105e+00
-7.554847833206701502e+00
-7.904435495175663462e+00
-8.255557984537571059e+00
-8.602885629195707651e+00
-8.939991377328912137e+00
-9.259347592246028213e+00
-9.552405419234199613e+00
-9.809783800424519029e+00
-1.002159223282056111e+01
-1.017790191562911772e+01
-1.026936235723602486e+01
-1.028793461421231825e+01
-1.022768055534544196e+01
-1.008551581306121037e+01
-9.861811601638970970e+00
-9.560727811457978120e+00
-9.190184603968775789e+00
-8.761432835593275570e+00
-8.288255603914910452e+00
-7.785905615184947948e+00
-7.269934501121374737e+00
-6.755084903908811000e+00
-6.254390844642565561e+00
-5.778576962477425027e+00
-5.335781472324802266e+00
-4.931570089779252264e+00
-4.569170966119268762e+00
-4.249846955577360141e+00
-3.973327032655044277e+00
-3.738235640736093934e+00
-3.542479561874936955e+00
-3.383571115503747340e+00
-3.258881336924279726e+00
-3.165826595000643451e+00
-3.101997493096091851e+00
-3.065240987519413984e+00
-3.053706612301577472e+00
-3.065866466817213531e+00
-3.100516875511628800e+00
-3.156767786641455853e+00
-3.234024266709011552e+00
-3.331962965818039635e+00
-3.450505193547079852e+00
-3.589787229292464410e+00
-3.750127650888321451e+00
-3.931990752589996863e+00
-4.135944495821758160e+00
-4.362610863069933842e+00
-4.612605954241444373e+00
-4.886466687370576878e+00
-5.184560586915546665e+00
-5.506974954139157497e+00
-5.853381868004760236e+00
-6.222876193703397618e+00
-6.613785405646289917e+00
-7.023452985907024271e+00
-7.448001932052915386e+00
-7.882091983510986388e+00
-8.318693851873987910e+00
-8.748915828876738132e+00
-9.161931519933835588e+00
-9.545069500500412474e+00
-9.884131859162398115e+00
-1.016400237494286785e+01
-1.036957909140488887e+01
-1.048701472764279430e+01
-1.050517238507806006e+01
-1.041711525774743841e+01
-1.022137308239248377e+01
-9.922699837903778075e+00
-9.532087652426994850e+00
-9.065938578161260253e+00
-8.544488815395508752e+00
-7.989765622126633104e+00
-7.423465404368167597e+00
-6.865131907851279358e+00
-6.330897086017115427e+00
-5.832878284128912405e+00
-5.379169430276601105e+00
-4.974265831046156272e+00
-4.619732673232724629e+00
-4.314950263898257532e+00
-4.057817943427029839e+00
-3.845350633329888357e+00
-3.674143875737782672e+00
-3.540710747478833742e+00
-3.441708566081200793e+00
-3.374078475775419861e+00
-3.335120533307012636e+00
-3.322523684194329086e+00
-3.334365891546568150e+00
-3.369095678250260129e+00
-3.425502928746584352e+00
-3.502684094344399757e+00
-3.600004911938600394e+00
-3.717062267249768404e+00
-3.853645783714578332e+00
-4.009698982967631053e+00
-4.185279351106384382e+00
-4.380516289823674470e+00
-4.595565689441406754e+00
-4.830559709429016024e+00
-5.085550288203870117e+00
-5.360444943721387467e+00
-5.654933604154127380e+00
-5.968405577287704489e+00
-6.299856399648447791e+00
-6.647785287987846736e+00
-7.010085338940990063e+00
-7.383930569392385124e+00
-7.765666403546027219e+00
-8.150713254474830194e+00
-8.533496239942945039e+00
-8.907417429155231048e+00
-9.264889684103934542e+00
-9.597452185768410970e+00
-9.895985928734493342e+00
-1.015104157966361598e+01
-1.035328118229499239e+01
-1.049401913944257991e+01
-1.056582800322832938e+01
-1.056315396063691736e+01
-1.048287032367868932e+01
-1.032469045192066126e+01
-1.009136908745539785e+01
-9.788644812170584686e+00
-9.424913391969214516e+00
-9.010664605430752871e+00
-8.557753435744324122e+00
-8.078600544846148424e+00
-7.585421179771932643e+00
-7.089566520686338968e+00
-6.601032823511276959e+00
-6.128160193977450376e+00
-5.677512674307466867e+00
-5.253909926374837447e+00
-4.860569939712688914e+00
-4.499320681194513227e+00
-4.170843599807736446e+00
-3.874920253052929642e+00
-3.610662437774741385e+00
-3.376714401820461564e+00
-3.171422168171271760e+00
-2.992969546706137240e+00
-2.839483245782911780e+00
-2.709110995134821120e+00
-2.600077144730479795e+00
-2.510720151541683265e+00
-2.439515969618095692e+00
-2.385090802376077068e+00
-2.346226078088372802e+00
-2.321857939605068921e+00
-2.311073032713010011e+00
-2.313101947719370610e+00
-2.327311316264322638e+00
-2.353195283484892375e+00
-2.390366854812589370e+00
-2.438549446440901214e+00
-2.497568838874021591e+00
-2.567345635083276179e+00
-2.647888251073612587e+00
-2.739286410813244643e+00
-2.841705074391097430e+00
-2.955378693831457237e+00
-3.080605661941083095e+00
-3.217742793298473014e+00
-3.367199650976170133e+00
-3.529432506225415267e+00
-3.704937689947372714e+00
-3.894244063486409058e+00
-4.097904301639755609e+00
-4.316484642740119781e+00
-4.550552719713945038e+00
-4.800663043308131428e+00
-5.067339666266291509e+00
-5.351055518352752394e+00
-5.652207871526967686e+00
-5.971089378965833916e+00
-6.307854140128666742e+00
-6.662478288653265857e+00
-7.034714695847369192e+00
-7.424041548701855397e+00
-7.829604819884317557e+00
-8.250155022870975685e+00
-8.683979163908166043e+00
-9.128829487248186325e+00
-9.581851477159572639e+00
-1.003951463103135211e+01
-1.049755072952739887e+01
-1.095090564288353718e+01
-1.139371201843219161e+01
-1.181929132382139436e+01
-1.222019443695274532e+01
-1.258828997988863740e+01
-1.291490855484257416e+01
-1.319104863186699816e+01
-1.340764582342048250e+01
-1.355590161140393235e+01
-1.362766051315247395e+01
-1.361581681030631152e+01
-1.351472434777922516e+01
-1.332057689046063587e+01
-1.303172356585965197e+01
-1.264888527047143718e+01
-1.217524423398097788e+01
-1.161638996916632038e+01
-1.098011930238862632e+01
-1.027610391279841551e+01
-9.515453192483374067e+00
-8.710210822088759741e+00
-7.872828546614545786e+00
-7.015659697192893951e+00
-6.150508712452793958e+00
-5.288262884641201644e+00
-4.438620864643623598e+00
-3.609921113881825239e+00
-2.809064027290805843e+00
-2.041514738409527130e+00
-1.311369859538398686e+00
-6.214702976922772404e-01
2.645679039154147372e-02
6.316415942094920632e-01
1.194112575138601029e+00
1.714543447853383196e+00
2.194112107937100209e+00
2.634374981733021315e+00
3.037158363058779287e+00
3.404466889497815174e+00
3.738408344376746406e+00
4.041133371192107582e+00
4.314788371879653361e+00
4.561479751634599289e+00
4.783247705315482712e+00
4.982047861536648803e+00
5.159739271029876839e+00
5.318077417626739134e+00
5.458711124293958328e+00
5.583182411073846829e+00
5.692928529717941721e+00
5.789285548040626672e+00
5.873492984756299329e+00
5.946699103507052442e+00
6.009966564517046805e+00
6.064278205831642232e+00
6.110542785556305923e+00
6.149600563998253833e+00
6.182228642076413649e+00
6.209146001542016791e+00
6.231018214959067159e+00
6.248461810326665145e+00
6.262048287773716915e+00
6.272307794826250671e+00
6.279732473082423994e+00
6.284779493336211331e+00
6.287873798757202870e+00
6.289410577053436313e+00
6.289757482929519306e+00
6.289256631850930646e+00
6.288226385332030155e+00
6.286962946831970989e+00
6.285741785987405628e+00
6.284818907424264189e+00
6.284431978842279776e+00
6.284801331507455124e+00
6.286130844758319292e+00
6.288608724660026184e+00
6.292408185546813471e+00
6.297688041892373079e+00
6.304593216749347029e+00
6.313255171909921692e+00
6.323792263963681215e+00
6.336310029569155233e+00
6.350901402513752458e+00
6.367646864514475702e+00
6.386614531210562440e+00
6.407860174421092125e+00
6.431427181488323264e+00
6.457346452404911119e+00
6.485636235434976804e+00
6.516301902091275799e+00
6.549335662630753063e+00
6.584716223686924330e+00
6.622408390279205470e+00
6.662362615236683716e+00
6.704514500057404014e+00
6.748784252404395723e+00
6.795076106825801432e+00
6.843277716886422724e+00
6.893259528716478179e+00
6.944874148021139781e+00
6.997955714846137987e+00
7.052319302847675608e+00
7.107760362446339464e+00
7.164054230020025393e+00
7.220955728160794784e+00
7.278198884918885447e+00
7.335496802797877081e+00
7.392541710940895960e+00
7.449005236327709056e+00
7.504538931731441487e+00
7.558775099482036630e+00
7.611327950549799937e+00
7.661795137876126205e+00
7.709759701007029342e+00
7.754792455692240516e+00
7.796454856970755465e+00
7.834302357169362629e+00
7.867888271032887459e+00
7.896768148786822650e+00
7.920504644295117913e+00
7.938672849720031621e+00
7.950866050453288203e+00
7.956701834958128217e+00
7.955828474096969138e+00
7.947931464247062650e+00
7.932740108917356814e+00
7.910033995704285559e+00
7.879649210393560921e+00
7.841484119004179298e+00
7.795504542726050090e+00
7.741748151056282445e+00
7.680327905816467293e+00
7.611434403660305215e+00
7.535336987299928957e+00
7.452383525684713739e+00
7.362998799967687802e+00
7.267681474016686849e+00
7.166999673751260680e+00
7.061585246633268476e+00
6.952126818892867099e+00
6.839361811131002611e+00
6.724067610488738467e+00
6.607052127553890486e+00
6.489143986941293463e+00
6.371182610928579848e+00
6.254008455168974301e+00
6.138453644500372341e+00
6.025333236013915794e+00
5.915437307171123038e+00
5.809524030631179059e+00
5.708313856616315185e+00
5.612484880272266885e+00
5.522669427705432454e+00
5.439451852153913691e+00
5.363367492739438802e+00
5.294902713742506428e+00
5.234495913219635810e+00
5.182539366491506705e+00
5.139381752625821420e+00
5.105331200217965382e+00
5.080658681946899513e+00
5.065601584750060837e+00
5.060367283079058254e+00
5.065136545564175918e+00
5.080066609532147837e+00
5.105293762255802115e+00
5.140935271752138824e+00
5.187090512738282477e+00
5.243841134562308604e+00
5.311250117360227563e+00
5.389359560464608734e+00
5.478187043677190893e+00
5.577720398321415196e+00
5.687910722436389399e+00
5.808663475116329522e+00
5.939827491650216729e+00
6.081181777481028838e+00
6.232419969818102423e+00
6.393132406872890527e+00
6.562785823195514290e+00
6.740700803594741330e+00
6.926027286516935888e+00
7.117718619533297542e+00
7.314504942686893330e+00
7.514867014982604232e+00
7.717012004908610834e+00
7.918853228239516540e+00
8.117996312863619224e+00
8.311734760221373364e+00
8.497058292616795683e+00
8.670677635922279691e+00
8.829069373714931501e+00
8.968544089146325504e+00
9.085340050089021346e+00
9.175743081373338939e+00
9.236230958294676441e+00
9.263637709511293394e+00
9.255329848015763972e+00
9.209383146337792425e+00
9.124745693254903145e+00
9.001371273047512389e+00
8.840307232372012436e+00
8.643723391539090528e+00
8.414873298692766568e+00
8.157985812462644759e+00
7.878092730929291854e+00
7.580805705499202851e+00
7.272061645412366993e+00
6.957859136247073195e+00
6.644008500162779995e+00
6.335915125786522495e+00
6.038410320938668363e+00
5.755637319777147098e+00
5.490993427392442783e+00
5.247123634723842578e+00
5.025957030614654819e+00
4.828775190746124046e+00
4.656301283076326847e+00
4.508799507660816275e+00
4.386176203012125185e+00
4.288076041418605655e+00
4.213968835384244827e+00
4.163224340728307382e+00
4.135173938142921557e+00
4.129159164683287919e+00
4.144567771935079747e+00
4.180858364924787018e+00
4.237574794849162885e+00
4.314351408280620248e+00
4.410910056175176841e+00
4.527049487128721239e+00
4.662627429568988902e+00
4.817535337419358576e+00
4.991665459201292343e+00
5.184869617377413142e+00
5.396908883412725011e+00
5.627393244585670473e+00
5.875710435578841206e+00
6.140943424663309003e+00
6.421776695330004614e+00
6.716392563394818715e+00
7.022360440958666850e+00
7.336524314693281923e+00
7.654896807718366780e+00
7.972571987019488660e+00
8.283673300963638297e+00
8.581357107923926364e+00
8.857895194409422857e+00
9.104860028471218669e+00
9.313432446314719115e+00
9.474841218057324710e+00
9.580926341063563001e+00
9.624793446116024498e+00
9.601498455704856383e+00
9.508675777726908862e+00
9.347008426513799151e+00
9.120443178646477023e+00
8.836083204574096683e+00
8.503742284799331586e+00
8.135207702616400027e+00
7.743315975424833297e+00
7.340979549340667987e+00
6.940303475728224036e+00
6.551900431135378788e+00
6.184462090982922433e+00
5.844591299898052483e+00
5.536856915868781925e+00
5.264009108581527485e+00
5.027287369831254793e+00
4.826761655181083910e+00
4.661662339565902258e+00
4.530671325932170035e+00
4.432161037990266728e+00
4.364378568745611808e+00
4.325578846646495279e+00
4.314114016280809594e+00
4.328487259847036306e+00
4.367378893515152960e+00
4.429651443804269562e+00
4.514339007959454975e+00
4.620624809298353064e+00
4.747809621379593281e+00
4.895272717450797728e+00
5.062426221792425629e+00
5.248663195619543309e+00
5.453299477993123645e+00
5.675509225021313497e+00
5.914254263916926213e+00
6.168207830159014193e+00
6.435674022646495018e+00
6.714505429462213293e+00
7.002022865733883883e+00
7.294943005338361708e+00
7.589321788059701035e+00
7.880523640747801650e+00
8.163228413467459532e+00
8.431488975068502256e+00
8.678851952449750939e+00
8.898551367723168681e+00
9.083779250233675384e+00
9.228028358901607220e+00
9.325490324770658646e+00
9.371479194828522097e+00
9.362838013309200846e+00
9.298278031062460869e+00
9.178599759725395657e+00
9.006754645665894898e+00
8.787725579633683282e+00
8.528230768748748858e+00
8.236283098686431714e+00
7.920659406997345720e+00
7.590345645454644519e+00
7.254022364535674505e+00
6.919641716574703949e+00
6.594126667016261045e+00
6.283200964555341272e+00
5.991339576497594521e+00
5.721816689772858844e+00
5.476822690990829301e+00
5.257621703394379509e+00
5.064725325792305277e+00
4.898064154830227501e+00
4.757144860039541179e+00
4.641186001838567776e+00
4.549229969466473733e+00
4.480231301541905964e+00
4.433123399957632493e+00
4.406866516673683343e+00
4.400480148549584136e+00
4.413062845414970958e+00
4.443802094811994507e+00
4.491976514112841379e+00
4.556952134130546561e+00
4.638174142446399806e+00
4.735155091770097080e+00
4.847460277055495759e+00
4.974690745240291534e+00
5.116464220039459221e+00
5.272394096795273377e+00
5.442066585072044660e+00
5.625016046921348156e+00
5.820698595617711746e+00
6.028464083815901375e+00
6.247526723284027028e+00
6.476934742781836896e+00
6.715539707718442664e+00
6.961966394149162518e+00
7.214584425519906752e+00
7.471483231958999660e+00
7.730452258510630337e+00
7.988968698786437450e+00
8.244195319220288809e+00
8.492991108096392239e+00
8.731937463037525049e+00
8.957382345156412740e+00
9.165504206282662381e+00
9.352396485186762476e+00
9.514172054530249056e+00
9.647085224491435795e+00
9.747666887388982460e+00
9.812866316775709308e+00
9.840191283483443740e+00
9.827836832640024056e+00
9.774792586266430661e+00
9.680919031503755434e+00
9.546985023820708349e+00
9.374661590540403822e+00
9.166470774937637955e+00
8.925692258579955407e+00
8.656234291411037063e+00
8.362478511445917917e+00
8.049110137145818911e+00
7.720945556457191827e+00
7.382768542255238486e+00
7.039184430570773365e+00
6.694498984889349025e+00
6.352625770228332414e+00
6.017023075616830141e+00
5.690659058946766713e+00
5.376002024628116160e+00
5.075031638772163234e+00
4.789266395294609069e+00
4.519802660587381560e+00
4.267361005458669254e+00
4.032336140911294997e+00
3.814847487097233536e+00
3.614788128265855160e+00
3.431870576346550461e+00
3.265668344506035048e+00
3.115652803576421270e+00
2.981225157955721627e+00
2.861743642413721922e+00
2.756546221301694022e+00
2.664969182892860999e+00
2.586362079547158466e+00
2.520099483066281287e+00
2.465590015763016396e+00
2.422283090873088351e+00
2.389673758268418879e+00
2.367306008365216652e+00
2.354774842461683448e+00
2.351727374042836605e+00
2.357863184453414807e+00
2.372934118657326952e+00
2.396743672961866967e+00
2.429146096627342821e+00
2.470045303018675309e+00
2.519393663053016041e+00
2.577190733743204731e+00
2.643481957178065667e+00
2.718357349852086102e+00
2.801950188398061314e+00
2.894435685039301820e+00
2.996029634032490563e+00
3.106986998605416606e+00
3.227600396009263850e+00
3.358198425921235408e+00
3.499143774181950661e+00
3.650831009379129632e+00
3.813683973757452605e+00
3.988152652031451417e+00
4.174709381628012750e+00
4.373844245469483027e+00
4.586059463497155875e+00
4.811862571729440319e+00
5.051758147942324584e+00
5.306237811517892311e+00
5.575768192475220708e+00
5.860776532539648365e+00
6.161633551372590389e+00
6.478633186725106796e+00
6.811968802390419242e+00
7.161705457934098185e+00
7.527747856514655389e+00
7.909803640908582345e+00
8.307341804570521404e+00
8.719546137916546868e+00
9.145263855820108034e+00
9.582949867808636668e+00
1.003060757507463663e+01
1.048572762360793043e+01
1.094522672062552004e+01
1.140538943205535105e+01
1.186181680580853204e+01
1.230938666866873987e+01
1.274223145122445011e+01
1.315374029266006950e+01
1.353659280766355977e+01
1.388283205955307587e+01
1.418398374266012851e+01
1.443122709158699024e+01
1.461562039942723246e+01
1.472838013122721712e+01
1.476120751939542863e+01
1.470665051650226829e+01
1.455848263070164350e+01
1.431207432826353987e+01
1.396472840126067716e+01
1.351594904336320546e+01
1.296761622768520006e+01
1.232404275146997108e+01
1.159190074662352110e+01
1.078001654659552955e+01
9.899045900605262460e+00
8.961053642758926685e+00
7.979031141570422037e+00
6.966389769552578493e+00
5.936468656211303596e+00
4.902090447606852308e+00
3.875190793110554033e+00
2.866537378181363227e+00
1.885544165886444912e+00
9.401774925881581924e-01
3.694371583576838702e-02
-8.190563578821108415e-01
-1.624023085571971947e+00
-2.375320464161414957e+00
-3.071320800171610355e+00
-3.711244484376340580e+00
-4.295004952133505860e+00
-4.823066058658564081e+00
-5.296316490888436590e+00
-5.715963621201526124e+00
-6.083447438922386041e+00
-6.400373865795707218e+00
-6.668465826472588454e+00
-6.889529842198935938e+00
-7.065435579744351102e+00
-7.198105657795926149e+00
-7.289513038547028145e+00
-7.341683472401465238e+00
-7.356700687439413855e+00
-7.336712298979275459e+00
-7.283934739978702666e+00
-7.200655865135241029e+00
-7.089234246911934711e+00
-6.952094547327860141e+00
-6.791718702215101544e+00
-6.610632981849766665e+00
-6.411391281165346179e+00
-6.196555233382023964e+00
-5.968671924453770927e+00
-5.730250107052224706e+00
-5.483735870401837076e+00
-5.231488718576558838e+00
-4.975758950946450376e+00
-4.718667133462172814e+00
-4.462186309694977204e+00
-4.208127438439841939e+00
-3.958128372718900501e+00
-3.713646524747450606e+00
-3.475955202706583425e+00
-3.246143465655805027e+00
-3.025119227817170575e+00
-2.813615255537011972e+00
-2.612197640040395896e+00
-2.421276295356418640e+00
-2.241117020840510232e+00
-2.071854677966407099e+00
-1.913507057441252934e+00
-1.765989051049132286e+00
-1.629126788984784469e+00
-1.502671454240147586e+00
-1.386312537824958557e+00
-1.279690349801834159e+00
-1.182407649449071840e+00
-1.094040302034214207e+00
-1.014146908876405240e+00
-9.422773911904055444e-01
-8.779805365587252108e-01
-8.208105399354082010e-01
-7.703325891853689544e-01
-7.261275587611116800e-01
-6.877958847337648507e-01
-6.549607005734324749e-01
-6.272703163583328578e-01
-6.044001250032486894e-01
-5.860540181188347297e-01
-5.719653916828596474e-01
-5.618978182120129006e-01
-5.556454579083957013e-01
-5.530332766096331953e-01
-5.539171335414972974e-01
-5.581837970608045651e-01
-5.657509419500014181e-01
-5.765671775155009060e-01
-5.906121518520437430e-01
-6.078967742420088305e-01
-6.284635948161705343e-01
-6.523873783458540299e-01
-6.797759073833461452e-01
-7.107710489193480585e-01
-7.455501182689826534e-01
-7.843275740005709595e-01
-8.273570783340755685e-01
-8.749339584851096863e-01
-9.273981058113119902e-01
-9.851373511848421360e-01
-1.048591356565380384e+00
-1.118256064001941441e+00
-1.194688743861104463e+00
-1.278513683427480840e+00
-1.370428554408633426e+00
-1.471211492279861366e+00
-1.581728910418875866e+00
-1.702944055676962609e+00
-1.835926286769760551e+00
-1.981861019040108918e+00
-2.142060223838967659e+00
-2.317973291334796127e+00
-2.511197953019823625e+00
-2.723490802490461604e+00
-2.956776734197777312e+00
-3.213156318622512941e+00
-3.494909721125332602e+00
-3.804495215150440757e+00
-4.144539594121591897e+00
-4.517816796392400747e+00
-4.927209761860670056e+00
-5.375648871590884781e+00
-5.866018224800497727e+00
-6.401018452685574012e+00
-6.982971799192544182e+00
-7.613552001643755673e+00
-8.293418525628922566e+00
-9.021732833268103491e+00
-9.795535165193001603e+00
-1.060896636946100990e+01
-1.145233449780936574e+01
-1.231105551017044597e+01
-1.316454770434665278e+01
-1.398523575807214314e+01
-1.473792287200966022e+01
-1.537990644153374475e+01
-1.586230950593831501e+01
-1.613311111241301532e+01
-1.614218941326942414e+01
-1.584825079017852723e+01
-1.522679303719371013e+01
-1.427740539837995115e+01
-1.302813802257151288e+01
-1.153488454970641541e+01
-9.874989528782483816e+00
-8.136281268634583341e+00
-6.404480020410940000e+00
-4.752434748092049688e+00
-3.233626679371198520e+00
-1.880529986409705590e+00
-7.068035773161427393e-01
2.884382869165778018e-01
1.115890491617367974e+00
1.791892811616701442e+00
2.335272052090655137e+00
2.765211534116656544e+00
3.099966098049956820e+00
3.356187662132733340e+00
3.548650768217266105e+00
3.690218581129714792e+00
3.791940622784005122e+00
3.863213827860640937e+00
3.911966760340763294e+00
3.944845021562261689e+00
3.967386818490842959e+00
3.984183834555417025e+00
3.999025807035985203e+00
4.015028809171634627e+00
4.034747936555561409e+00
4.060275355780381012e+00
4.093324730865369077e+00
4.135303018273952524e+00
4.187370564659008920e+00
4.250490369220564446e+00
4.325467286785261045e+00
4.412977846563165940e+00
4.513591244107353795e+00
4.627781932259583009e+00
4.755934096183585424e+00
4.898338156892142692e+00
5.055179319702559404e+00
5.226518085948436365e+00
5.412262600521378531e+00
5.612132743395771506e+00
5.825616026700345174e+00
6.051915674496122222e+00
6.289891791201705828e+00
6.537997320207358243e+00
6.794211604430317131e+00
7.055975812465852925e+00
7.320136270916981935e+00
7.582903753148564796e+00
7.839838810465397323e+00
8.085874933987852842e+00
8.315392167879096519e+00
8.522353058131836079e+00
8.700509737692268430e+00
8.843684842370969079e+00
8.946119538140985483e+00
9.002869685271527089e+00
9.010217606762692455e+00
8.966054779411548381e+00
8.870183583554162254e+00
8.724487561918834899e+00
8.532931642358883906e+00
8.301376021703420705e+00
8.037216144701824661e+00
7.748889993235695606e+00
7.445315458069369008e+00
7.135329346791333904e+00
6.827193796031028050e+00
6.528218023409631421e+00
6.244519121996506605e+00
5.980921483407573902e+00
5.740975611815335000e+00
5.527066145168225475e+00
5.340575789050659772e+00
5.182074754426547969e+00
5.051511643283776998e+00
4.948389217593375022e+00
4.871915464367158499e+00
4.821125946414309915e+00
4.794977340239906738e+00
4.792414441088846289e+00
4.812414080719090492e+00
4.854009718768176107e+00
4.916300256817673464e+00
4.998446136667203277e+00
5.099655197593386369e+00
5.219160195890943932e+00
5.356189402663941834e+00
5.509931331878370919e+00
5.679494432215502542e+00
5.863862516932722535e+00
6.061846815828606516e+00
6.272035820471347556e+00
6.492744562105656314e+00
6.721965606262161330e+00
6.957324847378874466e+00
7.196046091570519998e+00
7.434929337305422159e+00
7.670348462522916577e+00
7.898274505775312093e+00
8.114330638920073113e+00
8.313883990945116764e+00
8.492177436920282929e+00
8.644501148511501754e+00
8.766399142211430018e+00
8.853900580653579766e+00
8.903759860789547176e+00
8.913684580556646253e+00
8.882527534451085671e+00
8.810419099033893531e+00
8.698820452195542785e+00
8.550485973809573537e+00
8.369333899025926726e+00
8.160235992396946969e+00
7.928747403793020787e+00
7.680804862959746515e+00
7.422423662191958371e+00
7.159421302328347281e+00
6.897189193583635358e+00
6.640525117417450218e+00
6.393530176065653770e+00
6.159566276203394253e+00
5.941264779132419349e+00
5.740574079362287918e+00
5.558833271857953839e+00
5.396860141708688552e+00
5.255043775212362434e+00
5.133434541339667589e+00
5.031826580983459252e+00
4.949829999095212152e+00
4.886931563486023755e+00
4.842543862731222504e+00
4.816043616743872491e+00
4.806800248107707674e+00
4.814195995917426529e+00
4.837638863750568063e+00
4.876569602070778053e+00
4.930463779890857268e+00
4.998829834033609032e+00
5.081203818712838327e+00
5.177141426931921586e+00
5.286207726052103872e+00
5.407964946732973566e+00
5.541958588970487654e+00
5.687702061658787223e+00
5.844660052987533660e+00
6.012230837922128757e+00
6.189727765820157046e+00
6.376360235568545143e+00
6.571214556658578232e+00
6.773235210565939468e+00
6.981207164292226430e+00
7.193740041235840543e+00
7.409255114841193368e+00
7.625976244995463560e+00
7.841926008761122446e+00
8.054928364088636883e+00
8.262619202037679855e+00
8.462466061722988542e+00
8.651798074992093746e+00
8.827846851415875662e+00
8.987798494848354025e+00
9.128856262541242828e+00
9.248312559996197280e+00
9.343628058617579057e+00
9.412514805035970156e+00
9.453019360527349590e+00
9.463601380438227295e+00
9.443202730523733379e+00
9.391302333385569412e+00
9.307952497447354645e+00
9.193793499802330516e+00
9.050044603625298834e+00
8.878471358482403986e+00
8.681330778468167253e+00
8.461297618921703290e+00
8.221376289923586711e+00
7.964803809591940009e+00
7.694949534325043139e+00
7.415217204297820608e+00
7.128954179036536942e+00
6.839371731061247850e+00
6.549479064608441092e+00
6.262032482149261448e+00
5.979499964131604450e+00
5.704040452520564131e+00
5.437496391148468611e+00
5.181397591954373105e+00
4.936974251120227919e+00
4.705176897001869030e+00
4.486701165742560171e+00
4.282015521334733954e+00
4.091390319351570604e+00
3.914926919919258008e+00
3.752585857222201060e+00
3.604213350485514056e+00
3.469565683495922315e+00
3.348331181213856755e+00
3.240149672474677889e+00
3.144629449855263381e+00
3.061361825975111639e+00
2.989933445101393694e+00
2.929936545343054810e+00
2.880977385027052584e+00
2.842683051545350725e+00
2.814706865848671136e+00
2.796732583942083128e+00
2.788477580648414111e+00
2.789695182404772655e+00
2.800176296307095303e+00
2.819750462973579008e+00
2.848286441692937210e+00
2.885692418138943616e+00
2.931915907859262038e+00
2.986943412832971489e+00
3.050799873583486033e+00
3.123547945504999479e+00
3.205287115033950140e+00
3.296152658861757789e+00
3.396314437309113643e+00
3.505975501021078689e+00
3.625370478046347600e+00
3.754763695883953645e+00
3.894446979973527512e+00
4.044737056141554099e+00
4.205972469489211996e+00
4.378509915945787867e+00
4.562719865096982907e+00
4.758981333887934539e+00
4.967675650464674852e+00
5.189179025975908743e+00
5.423853730039838617e+00
5.672037643500432935e+00
5.934031941138155908e+00
6.210086638728621544e+00
6.500383725439375482e+00
6.805017596964408888e+00
7.123972510889712062e+00
7.457096808525615295e+00
7.804073693037142156e+00
8.164388429692417404e+00
8.537291949304119498e+00
8.921761000492562488e+00
9.316455221009032783e+00
9.719671793693292372e+00
1.012929872794997621e+01
1.054276826875698525e+01
1.095701248182937704e+01
1.136842368553873150e+01
1.177282307328643007e+01
1.216544155110653058e+01
1.254091743776479539e+01
1.289331614538588511e+01
1.321617715781621349e+01
1.350259340984976930e+01
1.374532739188380681e+01
1.393696682215782623e+01
1.407012044607759016e+01
1.413765142481902437e+01
1.413294197238259997e+01
1.405017865802831167e+01
1.388464354758070662e+01
1.363299270161195587e+01
1.329350115611117822e+01
1.286625303197856596e+01
1.235325733517846203e+01
1.175847448700933207e+01
1.108774540981682755e+01
1.034862338588727937e+01
9.550117836416653461e+00
8.702367377837521900e+00
7.816265810152657423e+00
6.903068191077560201e+00
5.974004454246992779e+00
5.039925293640430404e+00
4.110999896346675619e+00
3.196478510366822068e+00
2.304525826161538227e+00
1.442124663605507173e+00
6.150441713575577340e-01
-1.721369687472662502e-01
-9.159639153977698900e-01
-1.614007804265452428e+00
-2.264748267134585991e+00
-2.867446586467914393e+00
-3.422017919917035300e+00
-3.928909054975557424e+00
-4.388986242699212781e+00
-4.803435952960394495e+00
-5.173679966705474698e+00
-5.501305096176295706e+00
-5.788006989833621496e+00
-6.035546901773262363e+00
-6.245719943228260185e+00
-6.420333142148726857e+00
-6.561191574952997208e+00
-6.670090867244747201e+00
-6.748814459113094522e+00
-6.799134173484217669e+00
-6.822812796319412953e+00
-6.821607563134561403e+00
-6.797273638532201900e+00
-6.751566867667216698e+00
-6.686245265771245450e+00
-6.603068889898274563e+00
-6.503797902320023638e+00
-6.390188784261166433e+00
-6.263988789049107275e+00
-6.126928832847491790e+00
-5.980715107145520015e+00
-5.827019759058455151e+00
-5.667471023132707231e+00
-5.503643202584326488e+00
-5.337046890531252252e+00
-5.169119795466612821e+00
-5.001218493314249613e+00
-4.834611374729060884e+00
-4.670472994890213947e+00
-4.509879967880770835e+00
-4.353808482573318095e+00
-4.203133454999569807e+00
-4.058629276116630713e+00
-3.920972065651873173e+00
-3.790743303565128564e+00
-3.668434681191433011e+00
-3.554453994301563391e+00
-3.449131889625442593e+00
-3.352729273928880094e+00
-3.265445199359476192e+00
-3.187425049176251690e+00
-3.118768862792864027e+00
-3.059539656969364696e+00
-3.009771619746301585e+00
-2.969478074222871467e+00
-2.938659129587409602e+00
-2.917308956124970099e+00
-2.905422638620816844e+00
-2.903002578160256419e+00
-2.910064425425372026e+00
-2.926642538934730364e+00
-2.952794969058048835e+00
-2.988607972898645215e+00
-3.034200066117370476e+00
-3.089725615299902639e+00
-3.155377968326114058e+00
-3.231392110094068570e+00
-3.318046816490659356e+00
-3.415666260169608837e+00
-3.524620996830394759e+00
-3.645328229454550595e+00
-3.778251209331420224e+00
-3.923897585489893203e+00
-4.082816456969889707e+00
-4.255593813713351103e+00
-4.442845970187281779e+00
-4.645210499752248090e+00
-4.863334066229263009e+00
-5.097856421875876620e+00
-5.349389699283770838e+00
-5.618491972162035886e+00
-5.905633903896450931e+00
-6.211157156062617091e+00
-6.535223112636444398e+00
-6.877750421587419893e+00
-7.238339910938384136e+00
-7.616185667483653887e+00
-8.009971562527422151e+00
-8.417753385035148028e+00
-8.836828137186117260e+00
-9.263594113981385547e+00
-9.693408273646619833e+00
-1.012045120670112652e+01
-1.053761470941335077e+01
-1.093643232626324213e+01
-1.130707866720545418e+01
-1.163846777372349983e+01
-1.191848267999528233e+01
-1.213436543754587049e+01
-1.227328683789249908e+01
-1.232309586111611210e+01
-1.227321990934900597e+01
-1.211565027105396197e+01
-1.184590889491864196e+01
-1.146386218170049176e+01
-1.097423704482198303e+01
-1.038671424744485527e+01
-9.715527654584814599e+00
-8.978578479977393556e+00
-8.196162701421000563e+00
-7.389483238989520864e+00
-6.579154699602789869e+00
-5.783897588230297870e+00
-5.019566596070006881e+00
-4.298582185144926626e+00
-3.629758838514253405e+00
-3.018465302411962092e+00
-2.467020691403777555e+00
-1.975224613406008078e+00
-1.540932400144192638e+00
-1.160609057099791563e+00
-8.298199255847491518e-01
-5.436372874459876048e-01
-2.969580123323465326e-01
-8.473762949431409841e-02
9.784821349940170387e-02
2.553017912567924763e-01
3.917477812973240159e-01
5.109124123134767270e-01
6.161273394358254274e-01
7.103502519062352416e-01
7.961960362260948054e-01
8.759738935476777399e-01
9.517271089630805481e-01
1.025273201356471153e+00
1.098242975636131824e+00
1.172117591925875058e+00
1.248263196090152460e+00
1.327962956443562659e+00
1.412446551019566732e+00
1.502917271090616680e+00
1.600576967085771241e+00
1.706649074999003979e+00
1.822399932601667327e+00
1.949158528763565545e+00
2.088334725281522530e+00
2.241435843887699786e+00
2.410081312063739212e+00
2.596014795315760626e+00
2.801112890254559673e+00
3.027388985198135707e+00
3.276990278981044558e+00
3.552185143161934011e+00
3.855336971582748795e+00
4.188859337630058022e+00
4.555145637273331438e+00
4.956464429561808771e+00
5.394809457856934110e+00
5.871691035864896158e+00
6.387853529992389312e+00
6.942902850507181256e+00
7.534829526011726841e+00
8.159419204978901163e+00
8.809556375941438588e+00
9.474452672130968978e+00
1.013887249143443725e+01
1.078248838591277448e+01
1.137957408873372067e+01
1.189932046603591509e+01
1.230710761915191220e+01
1.256703207972015868e+01
1.264580635180044155e+01
1.251777360160659214e+01
1.217024607275022952e+01
1.160785279284707983e+01
1.085437521206416456e+01
9.950958560386247598e+00
8.950653158680911048e+00
7.910566131427451353e+00
6.883797153424108473e+00
5.913274807895469110e+00
5.028673184347042913e+00
4.246365535999931495e+00
3.571501307185348750e+00
3.001039141700066359e+00
2.526793117169239711e+00
2.137955469652312424e+00
1.822918020187050958e+00
1.570437212575580110e+00
1.370283636586480114e+00
1.213531739279249511e+00
1.092621918136409631e+00
1.001292765916053984e+00
9.344493210276213491e-01
8.880083855120186609e-01
8.587445728220749475e-01
8.441493772042290011e-01
8.423085606719989960e-01
8.517991084818408165e-01
8.716048449419767641e-01
9.010487921978308501e-01
9.397400122959651547e-01
9.875326927934212629e-01
1.044495433166131804e+00
1.110888954577709198e+00
1.187150728031838964e+00
1.273885262827094911e+00
1.371859002042473685e+00
1.481998926441580267e+00
1.605394068205250324e+00
1.743299177250910992e+00
1.897139759896462330e+00
2.068517613437458547e+00
2.259215797594091857e+00
2.471201696056132935e+00
2.706626403483253895e+00
2.967818093464485329e+00
3.257266242831824865e+00
3.577592564792842822e+00
3.931503196153300017e+00
4.321715063323441797e+00
4.750847421879576871e+00
5.221267398480218702e+00
5.734876163323884057e+00
6.292820545883119898e+00
6.895114243188193548e+00
7.540154537508389154e+00
8.224126606498805003e+00
8.940300842248964486e+00
9.678252549399068982e+00
1.042307146239734195e+01
1.115468263664917892e+01
1.184746773473235137e+01
1.247044460759727436e+01
1.298830703486903460e+01
1.336360260123178634e+01
1.356018263729504270e+01
1.354775666184931282e+01
1.330694551925147096e+01
1.283377495616285024e+01
1.214231044291419259e+01
1.126434403929020078e+01
1.024578448752041204e+01
9.140447195144309589e+00
8.002811568340275628e+00
6.881560920374217183e+00
5.815245919927916063e+00
4.830528604327954056e+00
3.942643628145521717e+00
3.157271409248834093e+00
2.472984572772054968e+00
1.883645706945901832e+00
1.380414960490737419e+00
9.532540800310225215e-01
5.919528504736931707e-01
2.867665662601072696e-01
2.876658061292891588e-02
-1.900052575813492572e-01
-3.765072454912451461e-01
-5.367423609126840134e-01
-6.758419869871514774e-01
-7.981665028133142492e-01
-9.074091296414525942e-01
-1.006695272116548967e+00
-1.098673367612893248e+00
-1.185595597718658967e+00
-1.269388203594679521e+00
-1.351711918796761225e+00
-1.434013418316387956e+00
-1.517568832344861729e+00
-1.603520385249333158e+00
-1.692907156135149416e+00
-1.786690855164845493e+00
-1.885777392199736946e+00
-1.991034894237940112e+00
-2.103308712301910521e+00
-2.223433849827001652e+00
-2.352245143851948495e+00
-2.490585436674371600e+00
-2.639311887592054262e+00
-2.799300489975950601e+00
-2.971448776108549961e+00
-3.156676608847817533e+00
-3.355924873229314098e+00
-3.570151790827328142e+00
-3.800326483701262248e+00
-4.047419312342636744e+00
-4.312388403473766729e+00
-4.596161670536396571e+00
-4.899613516030051130e+00
-5.223535297221412854e+00
-5.568598545857785354e+00
-5.935309874418766007e+00
-6.323956499027046263e+00
-6.734541393776712681e+00
-7.166707304200237161e+00
-7.619649240884675656e+00
-8.092015710049169641e+00
-8.581799885584439735e+00
-9.086223256257612846e+00
-9.601616049674841946e+00
-1.012330096551475833e+01
-1.064548940660969478e+01
-1.116120233935026285e+01
-1.166223086244130513e+01
-1.213915404933066711e+01
-1.258143298486863237e+01
-1.297759929068668683e+01
-1.331555289145236820e+01
-1.358297648876856201e+01
-1.376786275742632348e+01
-1.385913500078903304e+01
-1.384732433597501178e+01
-1.372524910957383248e+01
-1.348862889214897898e+01
-1.313656013401532974e+01
-1.267178667741898757e+01
-1.210071704235379819e+01
-1.143316995086442844e+01
-1.068186501911058350e+01
-9.861709899330881157e+00
-8.988961166205257314e+00
-8.080348645610664349e+00
-7.152249914885323356e+00
-6.219985417220938118e+00
-5.297279930454507735e+00
-4.395909008897437076e+00
-3.525524792157652243e+00
-2.693637705878716204e+00
-1.905720328478496928e+00
-1.165396494008335226e+00
-4.746808614618305278e-01
1.657603464171447660e-01
7.563498189684915163e-01
1.298356284301064978e+00
1.793677610274104994e+00
2.244654332554882892e+00
2.653914507410338963e+00
3.024248419982112246e+00
3.358510278882714140e+00
3.659543352676628558e+00
3.930124831577123334e+00
4.172926846622919683e+00
4.390490410811833222e+00
4.585209464489746978e+00
4.759322646046293848e+00
4.914910829069671472e+00
5.053898846918914778e+00
5.178060155650660690e+00
5.289023464544057695e+00
5.388280592771901745e+00
5.477194996088210033e+00
5.557010554710323902e+00
5.628860328925559209e+00
5.693775078015016256e+00
5.752691405897535581e+00
5.806459447779639405e+00
5.855850049671789570e+00
5.901561419867459968e+00
5.944225250778134573e+00
5.984412322786945460e+00
6.022637610533618790e+00
6.059364917449991950e+00
6.095011067337945398e+00
6.129949683016866935e+00
6.164514582094771100e+00
6.199002819134099340e+00
6.233677402186467376e+00
6.268769710078959001e+00
6.304481635106924386e+00
6.340987474038847438e+00
6.378435588647966448e+00
6.416949855408326187e+00
6.456630922566611197e+00
6.497557291548880620e+00
6.539786238596914991e+00
6.583354591659065669e+00
6.628279376887094010e+00
6.674558348611744130e+00
6.722170416381204383e+00
6.771075982541479910e+00
6.821217203907425031e+00
6.872518191306930646e+00
6.924885161165681424e+00
6.978206553820275104e+00
7.032353133884637231e+00
7.087178088726051151e+00
7.142517141905997846e+00
7.198188699275473112e+00
7.253994046247292715e+00
7.309717615555589632e+00
7.365127345505443124e+00
7.419975149256982760e+00
7.473997516015582931e+00
7.526916265044230059e+00
7.578439473102378976e+00
7.628262595170770766e+00
7.676069797065800948e+00
7.721535516703956326e+00
7.764326268275513421e+00
7.804102700365798562e+00
7.840521915074755377e+00
7.873240050404409551e+00
7.901915122607552355e+00
7.926210118849729369e+00
7.945796323497565261e+00
7.960356853718441705e+00
7.969590372013938939e+00
7.973214935013380078e+00
7.970971929572050918e+00
7.962630039241586744e+00
7.947989176834068026e+00
7.926884312438608582e+00
7.899189121233355593e+00
7.864819372125055885e+00
7.823735976975377149e+00
7.775947621223808781e+00
7.721512900307748062e+00
7.660541892537887421e+00
7.593197108029617226e+00
7.519693764815465364e+00
7.440299357137249103e+00
7.355332496778302698e+00
7.265161025664574446e+00
7.170199416253952407e+00
7.070905494783843892e+00
6.967776540549731834e+00
6.861344831325543403e+00
6.752172720123748917e+00
6.640847341112031010e+00
6.527975052141122170e+00
6.414175727615738509e+00
6.300077018132091311e+00
6.186308692351041749e+00
6.073497172080358553e+00
5.962260363762387883e+00
5.853202878899600670e+00
5.746911722902776631e+00
5.643952516993506308e+00
5.544866301753313742e+00
5.450166954310595280e+00
5.360339234591073421e+00
5.275837460069430662e+00
5.197084793512888545e+00
5.124473114671140195e+00
5.058363435007506403e+00
4.999086804543559026e+00
4.946945651761125440e+00
4.902215491233861577e+00
4.865146929124240849e+00
4.835967893689725017e+00
4.814886016247926115e+00
4.802091087368491884e+00
4.797757513077315572e+00
4.802046696251895064e+00
4.815109268829683487e+00
4.837087100628019165e+00
4.868115010186702563e+00
4.908322101821527284e+00
4.957832650782902917e+00
5.016766454856486313e+00
5.085238565786446507e+00
5.163358307481407117e+00
5.251227480103469958e+00
5.348937639984967518e+00
5.456566335162055026e+00
5.574172165655862266e+00
5.701788527228678127e+00
5.839415888289140710e+00
5.987012443439858167e+00
6.144482985912721240e+00
6.311665847537441643e+00
6.488317772435169495e+00
6.674096623717045595e+00
6.868541876472832541e+00
7.071052931625562366e+00
7.280865401051088703e+00
7.497025672527293239e+00
7.718364271346207062e+00
7.943468800467469393e+00
8.170657566917281400e+00
8.397955387823712314e+00
8.623073506197997062e+00
8.843396013920731491e+00
9.055975641327474790e+00
9.257542173747324910e+00
9.444527017615811815e+00
9.613107462672720871e+00
9.759273855639445827e+00
9.878922093209386190e+00
9.967972452972436059e+00
1.002251375143446310e+01
1.003896917398403232e+01
1.001427700995374970e+01
9.946076244107846520e+00
9.832883954025252393e+00
9.674249307158735434e+00
9.470868239099809571e+00
9.224644124643891274e+00
8.938683175162687178e+00
8.617218778317800698e+00
8.265465965347656763e+00
7.889414678664497416e+00
7.495577324956307130e+00
7.090711076566383220e+00
6.681537676831571737e+00
6.274482781376772067e+00
5.875453383892097037e+00
5.489666389978354211e+00
5.121534965220578606e+00
4.774612972695180702e+00
4.451592510425277816e+00
4.154345802007442856e+00
3.884000654977951328e+00
3.641038241524089614e+00
3.425402733105054054e+00
3.236613909209119733e+00
3.073875849224212864e+00
2.936176868771023685e+00
2.822377742460629779e+00
2.731286828285391710e+00
2.661721921442286032e+00
2.612559522635849785e+00
2.582772748625389969e+00
2.571459398446853672e+00
2.577861778124560299e+00
2.601379835578584654e+00
2.641579012383643121e+00
2.698194015909345822e+00
2.771129479598017031e+00
2.860458226840582263e+00
2.966417593378198880e+00
3.089403996289924681e+00
3.229965661245690622e+00
3.388793126656775012e+00
3.566706823499682155e+00
3.764640670790519561e+00
3.983620216085763222e+00
4.224733376276484265e+00
4.489091288801925650e+00
4.777776168794224176e+00
5.091772402010478871e+00
5.431876433965287632e+00
5.798580436094233903e+00
6.191924404589389752e+00
6.611311543894679232e+00
7.055282911136578683e+00
7.521249929350184438e+00
8.005188281151978558e+00
8.501304777850373640e+00
9.001700955530360204e+00
9.496073909724749740e+00
9.971515780459503375e+00
1.041249593072247315e+01
1.080112871468651647e+01
1.111783529504231893e+01
1.134248703648819401e+01
1.145605663407729580e+01
1.144269354368650937e+01
1.129199126367442219e+01
1.100106075285646590e+01
1.057592873553252133e+01
1.003181194678875343e+01
9.392018101651569140e+00
8.685559840247524477e+00
7.943926563287975640e+00
7.197692535462817176e+00
6.473645935731762613e+00
5.792909752823854674e+00
5.170200653585176553e+00
4.614076651332662315e+00
4.127852854513264447e+00
3.710832952984404631e+00
3.359570398747027120e+00
3.068978413544177108e+00
2.833206771413111280e+00
2.646274182733913793e+00
2.502485267074754383e+00
2.396677300371292230e+00
2.324343146925876624e+00
2.281670527715050856e+00
2.265528982021173476e+00
2.273427263250690444e+00
2.303456655623979721e+00
2.354230106316510529e+00
2.424823006685485893e+00
2.514718633535793391e+00
2.623759361022110159e+00
2.752103496966862295e+00
2.900186760579975598e+00
3.068686831993094000e+00
3.258488942746034844e+00
3.470650050493030214e+00
3.706358687956251785e+00
3.966887055330521328e+00
4.253531318961175423e+00
4.567535396264257308e+00
4.909992794836682606e+00
5.281720436945269270e+00
5.683098028595544804e+00
6.113866736792597401e+00
6.572882196040001901e+00
7.057819855549230859e+00
7.564836295920880360e+00
8.088199434972251467e+00
8.619914503131841599e+00
9.149391803046633243e+00
9.663225810805988303e+00
1.014517996346865303e+01
1.057649066263626558e+01
1.093660627198476121e+01
1.120444727100535331e+01
1.136019795957625966e+01
1.138751319621507463e+01
1.127586156905052128e+01
1.102257469284111124e+01
1.063410128142302113e+01
1.012604240674273903e+01
9.521792892238705619e+00
8.849973437077490956e+00
8.141175548777596305e+00
7.424713191433157888e+00
6.726011216497779444e+00
6.065006233925205770e+00
5.455617228997686752e+00
4.906089384511383322e+00
4.419891649887329521e+00
3.996849888198461986e+00
3.634273725242181285e+00
3.327933171230265774e+00
3.072825462512400296e+00
2.863729625870750084e+00
2.695576850738150121e+00
2.563676002086675787e+00
2.463833345835220623e+00
2.392399832327198439e+00
2.346271899095162095e+00
2.322864718856739508e+00
2.320070965194624524e+00
2.336213674991626466e+00
2.369998523913420918e+00
2.420468561142652852e+00
2.486962925990543027e+00
2.569080079392934923e+00
2.666645460183261651e+00
2.779683094666485665e+00
2.908390458892968322e+00
3.053115753697951629e+00
3.214336660436423632e+00
3.392639572030346606e+00
3.588698221227964780e+00
3.803250545075428146e+00
4.037072526665964389e+00
4.290947642809651796e+00
4.565630425683583127e+00
4.861802531097704438e+00
5.180019618076605603e+00
5.520647318095208256e+00
5.883784656622746745e+00
6.269173552108913583e+00
6.676093546622395181e+00
7.103241827671354258e+00
7.548600008678674200e+00
8.009291176529618639e+00
8.481433497374624153e+00
8.960000240386804649e+00
9.438700347676997282e+00
9.909898346070470154e+00
1.036459685080541426e+01
1.079250814906659350e+01
1.118224196152405092e+01
1.152163275927708064e+01
1.179822028776024823e+01
1.199988014528901914e+01
1.211557768523751832e+01
1.213619061445580272e+01
1.205531846033083809e+01
1.186997770460522794e+01
1.158107746710368069e+01
1.119358766207821532e+01
1.071635006361899300e+01
1.016153659128530151e+01
9.543816404435830236e+00
8.879339770054807346e+00
8.184670483286346609e+00
7.475795062284245063e+00
6.767309443307367722e+00
6.071842175306397138e+00
5.399729021246207239e+00
4.758917301949681544e+00
4.155054722282045532e+00
3.591707565679668868e+00
3.070654444116871495e+00
2.592210182808951657e+00
2.155545930282385392e+00
1.758983219740788639e+00
1.400249687680095168e+00
1.076691745937717881e+00
7.854446801737545725e-01
5.235637703303104296e-01
2.881215937667085392e-01
7.627716530239592174e-02
-1.146776060297681477e-01
-2.872892047265372950e-01
-4.439273034152109720e-01
-5.867795578667612810e-01
-7.178535828825818310e-01
-8.389838956070568843e-01
-9.518421254031339540e-01
-1.057949209698636261e+00
-1.158688631582169393e+00
-1.255320018853787856e+00
-1.348992627752577222e+00
-1.440758388985803995e+00
-1.531584308914732961e+00
-1.622364103208076225e+00
-1.713929000844435446e+00
-1.807057698559167536e+00
-1.902485474049059766e+00
-2.000912483855978419e+00
-2.103011281439504110e+00
-2.209433594470555651e+00
-2.320816399276330877e+00
-2.437787325682048145e+00
-2.560969417949215288e+00
-2.690985267575004336e+00
-2.828460521665630445e+00
-2.974026756544178252e+00
-3.128323690191688211e+00
-3.292000688944278330e+00
-3.465717503400894461e+00
-3.650144145509966798e+00
-3.845959793050598208e+00
-4.053850578966871510e+00
-4.274506091065448210e+00
-4.508614372365709499e+00
-4.756855173996235031e+00
-5.019891171336478664e+00
-5.298356810889314872e+00
-5.592844411494530377e+00
-5.903887101099543955e+00
-6.231938132591048785e+00
-6.577346093735390475e+00
-6.940325513401072399e+00
-7.320922377426625438e+00
-7.718974113805415982e+00
-8.134063702267177121e+00
-8.565467724954183737e+00
-9.012098422850225887e+00
-9.472440179449929332e+00
-9.944481342336553453e+00
-1.042564293669624576e+01
-1.091270663833100762e+01
-1.140174536147792672e+01
-1.188806096248050892e+01
-1.236613481727804142e+01
-1.282959830976536075e+01
-1.327123142698916247e+01
-1.368299849268641211e+01
-1.405613031941278557e+01
-1.438126141248421774e+01
-1.464862899649762973e+01
-1.484833728640338890e+01
-1.497068545151873664e+01
-1.500655121555108806e+01
-1.494781441723175597e+01
-1.478779692556086900e+01
-1.452168822542266113e+01
-1.414692116327994142e+01
-1.366346115621710844e+01
-1.307397565806592077e+01
-1.238385918036460787e+01
-1.160110206842416680e+01
-1.073600692763073639e+01
-9.800772720238610347e+00
-8.808980473514630205e+00
-7.775023955259745989e+00
-6.713532160674769322e+00
-5.638827782439923553e+00
-4.564457942284070313e+00
-3.502822137831345550e+00
-2.464909750748911499e+00
-1.460147572285535489e+00
-4.963481135970149172e-01
4.202572224021037250e-01
1.284919587784114636e+00
2.094229024776692150e+00
2.845944638059950904e+00
3.538814866999880682e+00
4.172400757827613660e+00
4.746911641773248647e+00
5.263059375511410565e+00
5.721934511383413913e+00
6.124905525889610125e+00
6.473540546161764553e+00
6.769549822456360388e+00
7.014746421941683963e+00
7.211022181478829118e+00
7.360335777404672264e+00
7.464709783362022399e+00
7.526233741486508144e+00
7.547070528725098093e+00
7.529463629627803023e+00
7.475743307460197329e+00
7.388330078911141463e+00
7.269734327928467188e+00
7.122551325713042836e+00
6.949451340933657129e+00
6.753164911113063162e+00
6.536463687945587075e+00
6.302137552916835972e+00
6.052968914854305105e+00
5.791705241767227008e+00
5.521030943984626127e+00
5.243539717423508328e+00
4.961708382527852734e+00
4.677873127386783736e+00
4.394208896654964391e+00
4.112712476239297033e+00
3.835189622226907513e+00
3.563246384845407899e+00
3.298284595790633045e+00
3.041501328672661764e+00
2.793892013256440876e+00
2.556256787329062696e+00
2.329209605543078432e+00
2.113189590497455139e+00
1.908474104129085802e+00
1.715193032746508806e+00
1.533343811858391748e+00
1.362806762447363651e+00
1.203360363958450474e+00
1.054696147003362006e+00
9.164329472919274799e-01
7.881303189675727960e-01
6.693009584146317748e-01
5.594220374198246581e-01
4.579453865471688201e-01
3.643065054049033358e-01
2.779324061669232737e-01
1.982483205323344877e-01
1.246833187077897170e-01
5.667490252443670162e-02
-6.327355948766280602e-03
-6.485905335390738935e-02
-1.194389921157273660e-01
-1.705679362296449175e-01
-2.187280084231257027e-01
-2.643826549957065675e-01
-3.079771094890039196e-01
-3.499392920508559990e-01
-3.906810876597429094e-01
-4.305999530383894935e-01
-4.700808089244710164e-01
-5.094981812360214191e-01
-5.492185614574002228e-01
-5.896029631947292682e-01
-6.310096582472727311e-01
-6.737970816714101696e-01
-7.183269011486526079e-01
-7.649672514893345321e-01
-8.140961402941117031e-01
-8.661050356392481220e-01
-9.214026511244117756e-01
-9.804189476833551353e-01
-1.043609375144308959e+00
-1.111459379538152215e+00
-1.184489204437947141e+00
-1.263259015952913789e+00
-1.348374381078155659e+00
-1.440492127474747086e+00
-1.540326608807124797e+00
-1.648656392649004543e+00
-1.766331376530158925e+00
-1.894280320368927795e+00
-2.033518758210033806e+00
-2.185157216036063055e+00
-2.350409611670566168e+00
-2.530601642432592779e+00
-2.727178869626285085e+00
-2.941714077489513635e+00
-3.175913306617043741e+00
-3.431619723625292551e+00
-3.710814171553126428e+00
-4.015610826305579195e+00
-4.348245835578723906e+00
-4.711056105745838885e+00
-5.106444493547808605e+00
-5.536826518086763294e+00
-6.004552307835089309e+00
-6.511795833061246874e+00
-7.060401589726218674e+00
-7.651676928465205307e+00
-8.286116445826428034e+00
-8.963043804258498781e+00
-9.680156925192482831e+00
-1.043296613603160239e+01
-1.121412365305199899e+01
-1.201265958977841031e+01
-1.281316787070612051e+01
-1.359502815785053897e+01
-1.433180836149257509e+01
-1.499106260894100195e+01
-1.553480808343783082e+01
-1.592100263580553410e+01
-1.610630859589609187e+01
-1.605026267038866905e+01
-1.572063844234891228e+01
-1.509930691621787346e+01
-1.418739746392236789e+01
-1.300827516306530818e+01
-1.160704921750766871e+01
-1.004612939699322993e+01
-8.397548560894797731e+00
-6.733852901871982155e+00
-5.119779141014712209e+00
-3.606485322497182011e+00
-2.229066286708544897e+00
-1.007021667594181213e+00
5.330571388294624846e-02
9.554288190234858646e-01
1.709421130105552189e+00
2.329129559903813984e+00
2.830077541023957366e+00
3.228033797701185925e+00
3.538124598272057497e+00
3.774343775935654843e+00
3.949330211903751220e+00
4.074312024602082083e+00
4.159146729205684956e+00
4.212411332905342753e+00
4.241514385667295883e+00
4.252814132039898887e+00
4.251734486216376396e+00
4.242874956933575525e+00
4.230113003666857274e+00
4.216698431188508067e+00
4.205339879108737300e+00
4.198283583253607176e+00
4.197384576538725653e+00
4.204170460838472678e+00
4.219897860651369292e+00
4.245601672908999369e+00
4.282137247709790095e+00
4.330215659326335675e+00
4.390432243352590191e+00
4.463288575514115841e+00
4.549208045914814313e+00
4.648545138966327706e+00
4.761588467295895910e+00
4.888557534226736223e+00
5.029593123815345734e+00
5.184741153140676850e+00
5.353929785748471559e+00
5.536939619814095437e+00
5.733366857314527110e+00
5.942579565181262069e+00
6.163667495987633416e+00
6.395386488385311985e+00
6.636099260098232477e+00
6.883715473646861760e+00
7.135635308618148542e+00
7.388702381272626241e+00
7.639173607344477368e+00
7.882715297593109405e+00
8.114436065568810363e+00
8.328967525529597182e+00
8.520602657393546053e+00
8.683498472708098603e+00
8.811943722482071806e+00
8.900683720487894135e+00
8.945283467575428915e+00
8.942498620765796602e+00
8.890613866276707355e+00
8.789702948191088439e+00
8.641766832801808462e+00
8.450717867249686321e+00
8.222197666635656432e+00
7.963241476283903886e+00
7.681826407175771365e+00
7.386359182278942725e+00
7.085166312143043932e+00
6.786044518006892012e+00
6.495913862274181660e+00
6.220595134075753485e+00
5.964712035082899710e+00
5.731702036171365755e+00
5.523909741822253139e+00
5.342733325779232878e+00
5.188796650179726022e+00
5.062124949675432362e+00
4.962308444066553470e+00
4.888644454536011708e+00
4.840253694237214077e+00
4.816170081225575217e+00
4.815405741857349931e+00
4.836994085216071326e+00
4.880014240638243628e+00
4.943600047220809479e+00
5.026936396991765754e+00
5.129245230365326869e+00
5.249762976982459861e+00
5.387710799059989952e+00
5.542258672124801500e+00
5.712484157087255987e+00
5.897326696915778044e+00
6.095538425355988998e+00
6.305632815563178006e+00
6.525833028865703156e+00
6.754022542272451801e+00
6.987701511091230167e+00
7.223953300486908091e+00
7.459426590766004672e+00
7.690339260820413081e+00
7.912510653752857337e+00
8.121428544250669290e+00
8.312355850904136645e+00
8.480479598060554736e+00
8.621100691190722642e+00
8.729857831996612916e+00
8.802972821437371920e+00
8.837498443844911122e+00
8.831545310351121003e+00
8.784461834073876929e+00
8.696943087024099128e+00
8.571050209289856170e+00
8.410131901425947021e+00
8.218651855203788159e+00
8.001938461442275496e+00
7.765883221468985020e+00
7.516619908417641049e+00
7.260216698946912572e+00
7.002408592041022395e+00
6.748388957546724853e+00
6.502669117124374232e+00
6.269005506162141472e+00
6.050386688849817673e+00
5.849068003985014030e+00
5.666639873634808033e+00
5.504116272639266505e+00
5.362031773431535697e+00
5.240538199290331711e+00
5.139494646035001502e+00
5.058547078940077490e+00
4.997195681701569470e+00
4.954849576528505217e+00
4.930869489662459415e+00
4.924599491536244322e+00
4.935389195191670630e+00
4.962607843803136909e+00
5.005651635658260545e+00
5.063945481803742155e+00
5.136940209792552281e+00
5.224106044584472031e+00
5.324923032131962053e+00
5.438868932621218732e+00
5.565405004009472023e+00
5.703960024761401293e+00
5.853912868268857927e+00
6.014573940207328384e+00
6.185165823386029160e+00
6.364803541295033895e+00
6.552474949505797674e+00
6.747021889907578895e+00
6.947122890889421143e+00
7.151278358435012805e+00
7.357799366244178962e+00
7.564801300395171957e+00
7.770203723737042267e+00
7.971737870533424974e+00
8.166963132894458965e+00
8.353293726468981717e+00
8.528036396220072035e+00
8.688439525126359086e+00
8.831753335903091084e+00
8.955300046916255141e+00
9.056551904485104387e+00
9.133214040816204360e+00
9.183308203454064511e+00
9.205252690574150520e+00
9.197933431967827644e+00
9.160761185639687554e+00
9.093710341268618436e+00
8.997335840314955036e+00
8.872766171873154306e+00
8.721672146102585899e+00
8.546212991149607419e+00
8.348963047341527499e+00
8.132823737502846484e+00
7.900926414488036897e+00
7.656532039372800469e+00
7.402933423366693688e+00
7.143365049128589384e+00
6.880924407004153309e+00
6.618507502976235912e+00
6.358759882292368992e+00
6.104043305889196525e+00
5.856417215977627322e+00
5.617633387127820122e+00
5.389141692282247931e+00
5.172104698461875927e+00
4.967418801979325949e+00
4.775739764913663699e+00
4.597510769692188859e+00
4.432991418708113862e+00
4.282286432030709911e+00
4.145373109915096776e+00
4.022126909412681250e+00
3.912344725791186306e+00
3.815765666101624376e+00
3.732089255089442670e+00
3.660991126652417549e+00
3.602136332655736073e+00
3.555190451126008178e+00
3.519828703533340875e+00
3.495743301373036793e+00
3.482649240176129091e+00
3.480288748206943339e+00
3.488434580462503654e+00
3.506892328484595645e+00
3.535501894637175901e+00
3.574138257096258098e+00
3.622711629653685428e+00
3.681167099048087810e+00
3.749483802170942681e+00
3.827673686249249307e+00
3.915779876957791839e+00
4.013874662266632143e+00
4.122057083543987588e+00
4.240450109856475969e+00
4.369197356391024023e+00
4.508459293347155672e+00
4.658408877445492813e+00
4.819226524368651177e+00
4.991094327088756444e+00
5.174189412357057982e+00
5.368676316004512117e+00
5.574698247687210007e+00
5.792367108100574313e+00
6.021752117556676609e+00
6.262866915578862326e+00
6.515654998611633886e+00
6.779973379298145808e+00
7.055574378734386087e+00
7.342085505831293268e+00
7.638987439001390101e+00
7.945590208763494644e+00
8.261007789588024508e+00
8.584131449249657209e+00
8.913602377283826428e+00
9.247784322636201537e+00
9.584737213704153547e+00
9.922193007660414565e+00
1.025753531132532892e+01
1.058778461767722234e+01
1.090959128736848527e+01
1.121923864154388184e+01
1.151265867992438174e+01
1.178546294748353240e+01
1.203299088976966935e+01
1.225037760660990926e+01
1.243264219002126403e+01
1.257479678647042753e+01
1.267197515863952262e+01
1.271957788302725412e+01
1.271342950518994108e+01
1.264994113871373393e+01
1.252627034209660373e+01
1.234046887699892103e+01
1.209160838080542533e+01
1.177987427598895742e+01
1.140661950479513642e+01
1.097437191501195741e+01
1.048679218262873114e+01
9.948582752563432052e+00
9.365352016203651431e+00
8.743441384315660869e+00
8.089725642357580071e+00
7.411398676525721818e+00
6.715757167701251973e+00
6.009994174549088797e+00
5.301012834947315788e+00
4.595267994683348789e+00
3.898640772314491354e+00
3.216348236201311828e+00
2.552887798044056744e+00
1.912013825217092400e+00
1.296742452997338146e+00
7.093796581467990414e-01
1.515672867320461137e-01
-3.756581853148233119e-01
-8.717989591633583668e-01
-1.336825450973856189e+00
-1.771105478641262110e+00
-2.175335747477336490e+00
-2.550477557313550303e+00
-2.897698006334294973e+00
-3.218317421294392133e+00
-3.513763305979608287e+00
-3.785530765831340627e+00
-4.035149126122433039e+00
-4.264154300156770105e+00
-4.474066367854313775e+00
-4.666371779467774594e+00
-4.842509591179297246e+00
-5.003861157950517224e+00
-5.151742745259946687e+00
-5.287400568193968198e+00
-5.412007818417327698e+00
-5.526663292953551299e+00
-5.632391290766203262e+00
-5.730142492099839835e+00
-5.820795580383184564e+00
-5.905159406712794379e+00
-5.983975532394582686e+00
-6.057921015848434898e+00
-6.127611336665261810e+00
-6.193603372127348017e+00
-6.256398360487137822e+00
-6.316444801182271362e+00
-6.374141255368496850e+00
-6.429839021073047611e+00
-6.483844666269899193e+00
-6.536422410577082509e+00
-6.587796352357166541e+00
-6.638152543008685846e+00
-6.687640914375659662e+00
-6.736377068647287913e+00
-6.784443943012260725e+00
-6.831893363785233042e+00
-6.878747506824359093e+00
-6.925000282872286306e+00
-6.970618668020948760e+00
-7.015544000845149952e+00
-7.059693268875179228e+00
-7.102960407971256274e+00
-7.145217638793393000e+00
-7.186316864885847089e+00
-7.226091156859542508e+00
-7.264356346691895006e+00
-7.300912755196554471e+00
-7.335547074165961412e+00
-7.368034422477081513e+00
-7.398140592498944734e+00
-7.425624499383592259e+00
-7.450240841210288067e+00
-7.471742972460919674e+00
-7.489885986938904949e+00
-7.504429999050826083e+00
-7.515143604442672931e+00
-7.521807492467791789e+00
-7.524218174065784304e+00
-7.522191779614642471e+00
-7.515567872503830849e+00
-7.504213215936626824e+00
-7.488025423218962473e+00
-7.466936415966346274e+00
-7.440915610699951444e+00
-7.409972752624191195e+00
-7.374160316345314214e+00
-7.333575397185063238e+00
-7.288361023733517463e+00
-7.238706832399483204e+00
-7.184849057823766039e+00
-7.127069808816655083e+00
-7.065695617490074021e+00
-7.001095268840333397e+00
-6.933676938427062453e+00
-6.863884686117554423e+00
-6.792194373202761426e+00
-6.719109087625567689e+00
-6.645154176739885621e+00
-6.570871998204593112e+00
-6.496816506740350050e+00
-6.423547797175313434e+00
-6.351626722341173981e+00
-6.281609698051290991e+00
-6.214043796919562546e+00
-6.149462218680938008e+00
-6.088380207628921958e+00
-6.031291468577950177e+00
-5.978665112230201473e+00
-5.930943139820039178e+00
-5.888538456219686523e+00
-5.851833381022617075e+00
-5.821178609062052978e+00
-5.796892555818353721e+00
-5.779261009524092607e+00
-5.768537000654760050e+00
-5.764940790941177617e+00
-5.768659878006813457e+00
-5.779848908107234173e+00
-5.798629388092630954e+00
-5.825089088505357005e+00
-5.859281032595281324e+00
-5.901221971014386725e+00
-5.950890249199186854e+00
-6.008222984293349000e+00
-6.073112481428475817e+00
-6.145401836011640917e+00
-6.224879690336300619e+00
-6.311274140533638999e+00
-6.404245825001808612e+00
-6.503380269507450073e+00
-6.608179618682239465e+00
-6.718053950019577059e+00
-6.832312445694633141e+00
-6.950154789826283874e+00
-7.070663263231813822e+00
-7.192796121633104001e+00
-7.315382961654391281e+00
-7.437122893821069169e+00
-7.556586441582719971e+00
-7.672222154682893702e+00
-7.782368944677125810e+00
-7.885275097653015486e+00
-7.979124770431302416e+00
-8.062072509432171685e+00
-8.132285929400588032e+00
-8.187996146805460285e+00
-8.227554891538796156e+00
-8.249496454777002441e+00
-8.252601831076670891e+00
-8.235961665718161129e+00
-8.199034031293702895e+00
-8.141692746143164072e+00
-8.064262016701622571e+00
-7.967533708361268729e+00
-7.852764541964626588e+00
-7.721651921017600451e+00
-7.576288788235778782e+00
-7.419099695931399729e+00
-7.252761924810113392e+00
-7.080116776479547624e+00
-6.904076919952011338e+00
-6.727535796738774998e+00
-6.553284586870607775e+00
-6.383941208519724242e+00
-6.221894437429830838e+00
-6.069264694593710985e+00
-5.927881562539380589e+00
-5.799276815679792030e+00
-5.684690794216395560e+00
-5.585089356624377999e+00
-5.501188399314997035e+00
-5.433482979477243902e+00
-5.382278341707850799e+00
-5.347720548657981965e+00
-5.329824875654926686e+00
-5.328500589286060851e+00
-5.343571148681261818e+00
-5.374789221970928565e+00
-5.421846190713584868e+00
-5.484376025406946908e+00
-5.561953567295648604e+00
-5.654087362706852637e+00
-5.760207286315969455e+00
-5.879647280814847221e+00
-6.011623654584929533e+00
-6.155209537829375854e+00
-6.309306321254718242e+00
-6.472613206597586100e+00
-6.643596395903286655e+00
-6.820459937383146709e+00
-7.001120815392537722e+00
-7.183191483848470504e+00
-7.363973629936937826e+00
-7.540467416115243182e+00
-7.709400642893529110e+00
-7.867282029752830752e+00
-8.010481939374075822e+00
-8.135342203961435814e+00
-8.238314157785916692e+00
-8.316120582240102976e+00
-8.365933278449858790e+00
-8.385553893411396231e+00
-8.373582166321199338e+00
-8.329553796092850959e+00
-8.254030473411757995e+00
-8.148627787911326692e+00
-8.015972691067290157e+00
-7.859590269269115304e+00
-7.683728436247524662e+00
-7.493137115587614083e+00
-7.292823959900760933e+00
-7.087810582063285736e+00
-6.882911425008902739e+00
-6.682552404074161068e+00
-6.490639583372265875e+00
-6.310480886844938020e+00
-6.144757507089671833e+00
-5.995537112792080237e+00
-5.864318471585729498e+00
-5.752096532447815491e+00
-5.659437888357085278e+00
-5.586558299032916786e+00
-5.533396071628210677e+00
-5.499677177720807109e+00
-5.484969782267664407e+00
-5.488727263343016638e+00
-5.510319798452200324e+00
-5.549055232490093026e+00
-5.604190300907054834e+00
-5.674933442276980600e+00
-5.760440473015752794e+00
-5.859804376059674524e+00
-5.972040422756506040e+00
-6.096067837070033413e+00
-6.230689245273678623e+00
-6.374569243673084529e+00
-6.526213562576059779e+00
-6.683950497546173430e+00
-6.845916498664997185e+00
-7.010048022505399601e+00
-7.174081914037715002e+00
-7.335566638317942534e+00
-7.491886556405158437e+00
-7.640301065392707258e+00
-7.777999735933351921e+00
-7.902173543824988933e+00
-8.010100910540487007e+00
-8.099245609583503480e+00
-8.167361806520617051e+00
-8.212599803384145858e+00
-8.233604734778490197e+00
-8.229599812790061364e+00
-8.200445995714989778e+00
-8.146671301831711176e+00
-8.069465368809979111e+00
-7.970638032998722977e+00
-7.852544248676493588e+00
-7.717981052976632839e+00
-7.570064975816721997e+00
-7.412099883552507151e+00
-7.247445529143285547e+00
-7.079396106840939673e+00
-6.911076142284130697e+00
-6.745358496850356822e+00
-6.584806574043668981e+00
-6.431640375136612242e+00
-6.287724131189462717e+00
-6.154571966539586825e+00
-6.033367423371961635e+00
-5.924992603365483390e+00
-5.830063016267869713e+00
-5.748964811357653915e+00
-5.681891767645943503e+00
-5.628880125480771213e+00
-5.589839984671463924e+00
-5.564582533409291543e+00
-5.552842794529778914e+00
-5.554297884851953526e+00
-5.568580993487583619e+00
-5.595291414832266774e+00
-5.634001040916071013e+00
-5.684257743859118861e+00
-5.745586077613734410e+00
-5.817485711196279219e+00
-5.899427982497551959e+00
-5.990850939201327385e+00
-6.091153215863187143e+00
-6.199687086570690120e+00
-6.315751032152078004e+00
-6.438582169755911799e+00
-6.567348909866071338e+00
-6.701144229537989716e+00
-6.838979977968460133e+00
-6.979782657602193296e+00
-7.122391146045639054e+00
-7.265556835449523021e+00
-7.407946660406683925e+00
-7.548149456122909662e+00
-7.684686029168907417e+00
-7.816023227920859462e+00
-7.940592165046528983e+00
-8.056810569099273067e+00
-8.163109029276947481e+00
-8.257960654217322727e+00
-8.339913405078322128e+00
-8.407624102983382031e+00
-8.459892873418645820e+00
-8.495696600195579151e+00
-8.514219844066712284e+00
-8.514881657825998929e+00
-8.497356816029689952e+00
-8.461590178981889920e+00
-8.407803221148196116e+00
-8.336492154960854606e+00
-8.248417541926128749e+00
-8.144585765500895747e+00
-8.026223201937201068e+00
-7.894744325202974089e+00
-7.751715285864978711e+00
-7.598814688105069770e+00
-7.437793343966711213e+00
-7.270434713586046982e+00
-7.098517561026909561e+00
-6.923782093100113499e+00
-6.747900534014734220e+00
-6.572452753577270990e+00
-6.398907239796050916e+00
-6.228607411509333502e+00
-6.062763019364901140e+00
-5.902446193131681618e+00
-5.748591562220494389e+00
-5.601999801315043825e+00
-5.463343927215005280e+00
-5.333177687185871818e+00
-5.211945423288709911e+00
-5.099992861603186434e+00
-4.997578351276558806e+00
-4.904884158720586029e+00
-4.822027501462255117e+00
-4.749071080151353819e+00
-4.686032933480034579e+00
-4.632895497901771797e+00
-4.589613801595953113e+00
-4.556122760325949095e+00
-4.532343572347069305e+00
-4.518189231266297234e+00
-4.513569190792456887e+00
-4.518393224719789103e+00
-4.532574530288228765e+00
-4.556032124198179822e+00
-4.588692578852034742e+00
-4.630491142555939632e+00
-4.681372282034433674e+00
-4.741289679173709359e+00
-4.810205706811506943e+00
-4.888090400953743142e+00
-4.974919939283251047e+00
-5.070674628457391364e+00
-5.175336395667965661e+00
-5.288885773449976568e+00
-5.411298360973451516e+00
-5.542540740254401577e+00
-5.682565822131324218e+00
-5.831307594774279401e+00
-5.988675247284898084e+00
-6.154546643036404419e+00
-6.328761122296559627e+00
-6.511111621955027573e+00
-6.701336112496668385e+00
-6.899108369444719280e+00
-7.104028119105817218e+00
-7.315610627352026718e+00
-7.533275836094386335e+00
-7.756337195634258386e+00
-7.983990392590466278e+00
-8.215302232599386301e+00
-8.449200003956141458e+00
-8.684461721579658899e+00
-8.919707727991065482e+00
-9.153394206103053321e+00
-9.383809232899093189e+00
-9.609072067423086949e+00
-9.827136413256354786e+00
-1.003579841575469977e+01
-1.023271013756977332e+01
-1.041539919169007611e+01
-1.058129508912126759e+01
-1.072776266977112414e+01
-1.085214272474815367e+01
-1.095179958579274171e+01
-1.102417505943611609e+01
-1.106684763459793253e+01
-1.107759541685769733e+01
-1.105446077395809823e+01
-1.099581425639829035e+01
-1.090041503021631364e+01
-1.076746487242555261e+01
-1.059665277366333314e+01
-1.038818739609135733e+01
-1.014281505823709217e+01
-9.861821550802590153e+00
-9.547016893023510420e+00
-9.200703060154470592e+00
-8.825625674266641241e+00
-8.424911569270570055e+00
-8.001994934993776454e+00
-7.560535344360878263e+00
-7.104331323275673071e+00
-6.637233212399055837e+00
-6.163058899753973030e+00
-5.685515605017256391e+00
-5.208130322555780900e+00
-4.734190844715788771e+00
-4.266698556683226506e+00
-3.808333481624865513e+00
-3.361431411026530203e+00
-2.927972416752015583e+00
-2.509579629158363634e+00
-2.107526885653814741e+00
-1.722753700171012037e+00
-1.355885961059243972e+00
-1.007260812417297036e+00
-6.769542892649226262e-01
-3.648104379613539283e-01
-7.047083992180624978e-02
2.065963477416218330e-01
4.670685294702874302e-01
7.117425029161947858e-01
9.415103423722545051e-01
1.157337554432309457e+00
1.360243612564529414e+00
1.551284885945538372e+00
1.731539907238619502e+00
1.902096871617880769e+00
2.064043222568846314e+00
2.218457156127832786e+00
2.366400861684808010e+00
2.508915311930171033e+00
2.647016414925103867e+00
2.781692345869808847e+00
2.913901883478091204e+00
3.044573584751086859e+00
3.174605641421544000e+00
3.304866270654028604e+00
3.436194501137793456e+00
3.569401223027642622e+00
3.705270375902357749e+00
3.844560152722479973e+00
3.988004099436606609e+00
4.136311989205703199e+00
4.290170347018645636e+00
4.450242494620262335e+00
4.617167977062072382e+00
4.791561220760989670e+00
4.974009258730007765e+00
5.165068341752056646e+00
5.365259234987202142e+00
5.575060978345149465e+00
5.794902866751495019e+00
6.025154384460088330e+00
6.266112807681170516e+00
6.517988174652466604e+00
6.780885315528561996e+00
7.054782641011773769e+00
7.339507414935677154e+00
7.634707290277187752e+00
7.939817980557562827e+00
8.254027081625952889e+00
8.576234266652196681e+00
8.905008365391417158e+00
9.238542223187385716e+00
9.574606729607713973e+00
9.910506019736775585e+00
1.024303658180020449e+01
1.056845383556944107e+01
1.088245063550025016e+01
1.118015302670389488e+01
1.145613932567671611e+01
1.170448905019192409e+01
1.191886817818689792e+01
1.209265643620713426e+01
1.221912056338300090e+01
1.229163457237151214e+01
1.230394385410782476e+01
1.225046466400691969e+01
1.212660447053566060e+01
1.192908254557358738e+01
1.165622502627747714e+01
1.130820565382246201e+01
1.088720362466777658e+01
1.039745426092810199e+01
9.845176654919962189e+00
9.238374347537952502e+00
8.586518872277149939e+00
7.900139429240347511e+00
7.190352694895569385e+00
6.468372902183288531e+00
5.745042840817697005e+00
5.030421488193209889e+00
4.333454815576885721e+00
3.661744843722227749e+00
3.021420342033382944e+00
2.417102458882807614e+00
1.851951190971113714e+00
1.327774375627136516e+00
8.451796242971818529e-01
4.037506958343136665e-01
2.232443713224563364e-03
-3.612881115112813180e-01
-6.892134660974160720e-01
-9.842856761844592794e-01
-1.249457620249261769e+00
-1.487786227455392574e+00
-1.702346918192629843e+00
-1.896167537740123699e+00
-2.072179527200295635e+00
-2.233183858216514217e+00
-2.381829261198210368e+00
-2.520600420155382437e+00
-2.651814029083309432e+00
-2.777620860772560096e+00
-2.900012258938289289e+00
-3.020829709700963761e+00
-3.141776367733569053e+00
-3.264429600295936318e+00
-3.390253766875060748e+00
-3.520612573279498392e+00
-3.656780427928673749e+00
-3.799952286342235475e+00
-3.951251499210427287e+00
-4.111735181655679305e+00
-4.282396598172155677e+00
-4.464164011318561442e+00
-4.657895375276072336e+00
-4.864368171891849890e+00
-5.084263593007395166e+00
-5.318144178312805614e+00
-5.566423937282355183e+00
-5.829329938628296404e+00
-6.106854372434216138e+00
-6.398696222330748640e+00
-6.704191986413611026e+00
-7.022235431534125105e+00
-7.351187247859776619e+00
-7.688776792221329259e+00
-8.031999971262855809e+00
-8.377019794152964494e+00
-8.719079227626640005e+00
-9.052439593120661598e+00
-9.370361528410841245e+00
-9.665148870182649787e+00
-9.928277709810508611e+00
-1.015063197541098994e+01
-1.032286161046267914e+01
-1.043586828286510837e+01
-1.048140582378056251e+01
-1.045275905046568177e+01
-1.034543836400378147e+01
-1.015780423579288261e+01
-9.891523034171292750e+00
-9.551761126579931371e+00
-9.147052164236864513e+00
-8.688821010789125054e+00
-8.190607468272579794e+00
-7.667088679165020793e+00
-7.133035096547148513e+00
-6.602340971099130762e+00
-6.087245838478516191e+00
-5.597817559586021119e+00
-5.141714564925835340e+00
-4.724199108472497244e+00
-4.348343478869011847e+00
-4.015359515387214806e+00
-3.724985341468274314e+00
-3.475876224957908267e+00
-3.265963093207576939e+00
-3.092758142535869670e+00
-2.953599777836759532e+00
-2.845838024480112249e+00
-2.766966849066453182e+00
-2.714712284088108607e+00
-2.687085756290396255e+00
-2.682411343032891970e+00
-2.699334408695383658e+00
-2.736817595370480749e+00
-2.794128691592400404e+00
-2.870823597394964732e+00
-2.966726485309367778e+00
-3.081908321010215168e+00
-3.216664125595201984e+00
-3.371488694385963658e+00
-3.547049892512574409e+00
-3.744158085719392126e+00
-3.963729702150577516e+00
-4.206742333186709537e+00
-4.474178158849282383e+00
-4.766951837774249690e+00
-5.085818378560007957e+00
-5.431256004249236824e+00
-5.803318804987315893e+00
-6.201454320214624616e+00
-6.624282513543376716e+00
-7.069335477705389614e+00
-7.532762375142284306e+00
-8.009012424444454936e+00
-8.490520942502218560e+00
-8.967439839646791810e+00
-9.427473717935237474e+00
-9.855902984080486817e+00
-1.023589025751159554e+01
-1.054916631351259149e+01
-1.077716456718633964e+01
-1.090260718094607739e+01
-1.091143764086768364e+01
-1.079485776270465003e+01
-1.055109943907387304e+01
-1.018650127835587327e+01
-9.715524683929047001e+00
-9.159552950737817056e+00
-8.544623652524593993e+00
-7.898539043494538170e+00
-7.247958433063428352e+00
-6.616034474308499114e+00
-6.020942457771633727e+00
-5.475372597524123641e+00
-4.986823373864174513e+00
-4.558413816769745885e+00
-4.189924738957434336e+00
-3.878842967516868967e+00
-3.621270740648344866e+00
-3.412641000996801122e+00
-3.248233856218938786e+00
-3.123519485871669943e+00
-3.034364293469175689e+00
-2.977137333914715356e+00
-2.948748766170508517e+00
-2.946645027219929602e+00
-2.968778613416231060e+00
-3.013564650420728075e+00
-3.079832034943802643e+00
-3.166773724733325857e+00
-3.273898506027615785e+00
-3.400985035813954394e+00
-3.548037927641753964e+00
-3.715244957897056111e+00
-3.902933992416197206e+00
-4.111527887784788504e+00
-4.341495356570146846e+00
-4.593295577598363266e+00
-4.867314183141047579e+00
-5.163788192235921670e+00
-5.482717539456260170e+00
-5.823761159881122751e+00
-6.186116258909930110e+00
-6.568380582742427976e+00
-6.968399406350440195e+00
-7.383101776844517516e+00
-7.808334466084646763e+00
-8.238707163852302173e+00
-8.667468521931343872e+00
-9.086439194540668396e+00
-9.486033904256327531e+00
-9.855407991611514262e+00
-1.018276240046302306e+01
-1.045583177646504502e+01
-1.066256090635057419e+01
-1.079194439722394172e+01
-1.083496582375109973e+01
-1.078553249801107761e+01
-1.064127169752614144e+01
-1.040404653610971408e+01
-1.008007456787376377e+01
-9.679590925810233060e+00
-9.216079441702730080e+00
-8.705178386014530645e+00
-8.163427637137283810e+00
-7.607043569165581332e+00
-7.050883426892129435e+00
-6.507704117015823186e+00
-5.987751596404544685e+00
-5.498656381914063473e+00
-5.045570727710966707e+00
-4.631466754169281330e+00
-4.257517944662186693e+00
-3.923501308010636901e+00
-3.628176707092807707e+00
-3.369618092443101176e+00
-3.145485892872808886e+00
-2.953239842109852020e+00
-2.790297499761384525e+00
-2.654146604151389255e+00
-2.542420182540991114e+00
-2.452942888882679640e+00
-2.383755959728548035e+00
-2.333126879958872024e+00
-2.299548568770084067e+00
-2.281731753362568949e+00
-2.278593239627594080e+00
-2.289242019934546679e+00
-2.312964560284772375e+00
-2.349210156220433721e+00
-2.397576910986459975e+00
-2.457798644690077694e+00
-2.529732867387949113e+00
-2.613349823949088879e+00
-2.708722529713125660e+00
-2.816017652116975967e+00
-2.935487045957073438e+00
-3.067459712234851033e+00
-3.212333917672406169e+00
-3.370569180317212421e+00
-3.542677793507717166e+00
-3.729215523994546366e+00
-3.930771079091482267e+00
-4.147953891996253972e+00
-4.381379724344681925e+00
-4.631653532149594632e+00
-4.899348988370727298e+00
-5.184984007053435207e+00
-5.488991577126518528e+00
-5.811685198332727786e+00
-6.153218230759514462e+00
-6.513536540738966707e+00
-6.892323972086382255e+00
-7.288940420468954073e+00
-7.702352672555658586e+00
-8.131058726028264516e+00
-8.573007066842789570e+00
-9.025513375585166642e+00
-9.485178379513870439e+00
-9.947812047106070921e+00
-1.040837097922439547e+01
-1.086091756323596513e+01
-1.129861101888680608e+01
-1.171374157763479751e+01
-1.209781930737342748e+01
-1.244172806302194978e+01
-1.273595224922585523e+01
-1.297087916825724996e+01
-1.313717258878848959e+01
-1.322620411697689846e+01
-1.323051883286162322e+01
-1.314430190804177556e+01
-1.296380543933471330e+01
-1.268769154519095643e+01
-1.231725053634551692e+01
-1.185646241591572725e+01
-1.131188544103480531e+01
-1.069237485871346216e+01
-1.000865494062150240e+01
-9.272784423521006403e+00
-8.497566311609023870e+00
-7.695955986990851372e+00
-6.880516748631457347e+00
-6.062960923982125827e+00
-5.253800259642157577e+00
-4.462114313684370615e+00
-3.695432477340254707e+00
-2.959715576587425456e+00
-2.259417279582103255e+00
-1.597603480460148884e+00
-9.761086514587493657e-01
-3.957108688764521265e-01
1.436891099831025809e-01
6.428954548149944381e-01
1.103258692173439526e+00
1.526535062113039132e+00
1.914765545001104519e+00
2.270174595561432085e+00
2.595087487341735333e+00
2.891864498029547370e+00
3.162849840119476674e+00
3.410333159803379033e+00
3.636521505239008967e+00
3.843519838618076445e+00
4.033318387557825346e+00
4.207785367970930501e+00
4.368663841987213026e+00
4.517571688516922812e+00
4.656003854479150661e+00
4.785336219405384561e+00
4.906830545428221058e+00
5.021640100402261275e+00
5.130815636637509058e+00
5.235311484275906757e+00
5.335991579498603699e+00
5.433635296107771850e+00
5.528942986895560630e+00
5.622541170600541705e+00
5.714987322862514318e+00
5.806774246844050857e+00
5.898334012267446802e+00
5.990041461480832830e+00
6.082217288598211979e+00
6.175130703386560782e+00
6.269001695907113536e+00
6.364002921365954357e+00
6.460261227518509841e+00
6.557858849565532111e+00
6.656834299983147574e+00
6.757182983311126101e+00
6.858857568708153885e+00
6.961768156163859800e+00
7.065782275696372849e+00
7.170724762692164411e+00
7.276377556760604826e+00
7.382479476043222633e+00
7.488726023763456752e+00
7.594769288810849339e+00
7.700218007162042966e+00
7.804637855736931584e+00
7.907552054605584857e+00
8.008442356978601850e+00
8.106750508754865692e+00
8.201880260141029666e+00
8.293200010530998867e+00
8.380046163950121141e+00
8.461727265432335443e+00
8.537528978237880040e+00
8.606719947422975636e+00
8.668558576632095836e+00
8.722300721939397761e+00
8.767208279161399886e+00
8.802558609592855632e+00
8.827654714174212103e+00
8.841836028606151032e+00
8.844489673157356791e+00
8.835061952480780079e+00
8.813069864580985069e+00
8.778112346314548731e+00
8.729880957737162106e+00
8.668169691501292462e+00
8.592883588439574893e+00
8.504045848156122744e+00
8.401803145049713706e+00
8.286428896145173084e+00
8.158324276993658586e+00
8.018016844373320851e+00
7.866156697307015833e+00
7.703510187898023887e+00
7.530951276876699296e+00
7.349450711323340713e+00
7.160063279418920956e+00
6.963913465093764188e+00
6.762179880417964029e+00
6.556078892617791531e+00
6.346847883826252534e+00
6.135728584333673297e+00
5.923950904607460544e+00
5.712717659200190923e+00
5.503190529290863608e+00
5.296477553133589034e+00
5.093622368677278800e+00
4.895595363771693798e+00
4.703286820271545210e+00
4.517502072225201282e+00
4.338958637900490523e+00
4.168285232737577672e+00
4.006022526829330133e+00
3.852625476945066296e+00
3.708467039554053990e+00
3.573843057369083809e+00
3.448978106805562049e+00
3.334032096332943063e+00
3.229107414699728285e+00
3.134256442082273608e+00
3.049489254993677179e+00
2.974781376022182844e+00
2.910081441003637526e+00
2.855318678077871652e+00
2.810410114408761650e+00
2.775267446502281743e+00
2.749803528531620245e+00
2.733938449507208546e+00
2.727605184262651861e+00
2.730754814907947470e+00
2.743361328539635657e+00
2.765426003547387879e+00
2.796981400791015204e+00
2.838094977210705139e+00
2.888872338020999742e+00
2.949460139424182170e+00
3.020048646593241237e+00
3.100873941263140754e+00
3.192219759268355439e+00
3.294418920281655616e+00
3.407854289200034970e+00
3.532959180272434718e+00
3.670217080163772572e+00
3.820160523489902538e+00
3.983368902521050359e+00
4.160464930129164962e+00
4.352109399897241104e+00
4.558993797821446314e+00
4.781830214557217573e+00
5.021337884450430167e+00
5.278225537303891102e+00
5.553168592200998788e+00
5.846780053619527351e+00
6.159573796520496636e+00
6.491918763282392035e+00
6.843982464421749512e+00
7.215662112660811367e+00
7.606501778544976666e+00
8.015594209524127933e+00
8.441466503312783587e+00
8.881949799388729971e+00
9.334034705879322047e+00
9.793716486165431334e+00
1.025583725614991337e+01
1.071393670072466975e+01
1.116012808625934660e+01
1.158502236007847586e+01
1.197772923420182245e+01
1.232596915465907195e+01
1.261633212067820686e+01
1.283471599929256435e+01
1.296696556043679216e+01
1.299971167117920956e+01
1.292137731588404925e+01
1.272327583617013502e+01
1.240068379321515124e+01
1.195373727981408862e+01
1.138798983291287037e+01
1.071449377306709216e+01
9.949328524170175214e+00
9.112590672515816337e+00
8.226960207730217078e+00
7.316038008708277474e+00
6.402687412549876278e+00
5.507597460833121517e+00
4.648224653439950060e+00
3.838184966269262866e+00
3.087083922883688381e+00
2.400709557769664659e+00
1.781480187240141344e+00
1.229034367676602013e+00
7.408659631501178788e-01
3.129327280535812439e-01
-5.980623213221059054e-02
-3.829456356817180773e-01
-6.622863113594783524e-01
-9.035782063583573942e-01
-1.112341959078450238e+00
-1.293754775167992976e+00
-1.452586552207890458e+00
-1.593173662463441387e+00
-1.719419796172933834e+00
-1.834815340850896481e+00
-1.942468681366678940e+00
-2.045144442919228478e+00
-2.145305037128462544e+00
-2.245152925930424370e+00
-2.346671823455432904e+00
-2.451665652436107568e+00
-2.561794496756686357e+00
-2.678607078072112735e+00
-2.803569458258518221e+00
-2.938089750855025439e+00
-3.083538628013838601e+00
-3.241265344254574465e+00
-3.412608869826681435e+00
-3.598903536705620798e+00
-3.801478348842804778e+00
-4.021648793937509403e+00
-4.260699616392458644e+00
-4.519856573994707638e+00
-4.800244716667944722e+00
-5.102830222484662670e+00
-5.428342357943206409e+00
-5.777171790207195734e+00
-6.149241421011879538e+00
-6.543846368554034676e+00
-6.959461031942927534e+00
-7.393513789156531679e+00
-7.842134372578230206e+00
-8.299885959808023017e+00
-8.759504042471201402e+00
-9.211677340421408289e+00
-9.644921701805229119e+00
-1.004561384003794799e+01
-1.039826344169290451e+01
-1.068610252394300808e+01
-1.089205072322459245e+01
-1.100006555122459595e+01
-1.099680379300929012e+01
-1.087341222628153936e+01
-1.062715828829654718e+01
-1.026254645574721636e+01
-9.791590134899001541e+00
-9.233047509404007869e+00
-8.610663157370028742e+00
-7.950713373776452819e+00
-7.279334184497939120e+00
-6.620143341602787501e+00
-5.992543649684304086e+00
-5.410876325297153677e+00
-4.884372041633850969e+00
-4.417696933173920648e+00
-4.011836777274515597e+00
-3.665087392946810851e+00
-3.373985789336669150e+00
-3.134090221838883306e+00
-2.940577194993037047e+00
-2.788662542519921850e+00
-2.673873826834806344e+00
-2.592207838461908054e+00
-2.540205518130816742e+00
-2.514971432666554207e+00
-2.514158706300446244e+00
-2.535934474734363953e+00
-2.578936085797167710e+00
-2.642224536004753599e+00
-2.725238893725910660e+00
-2.827753518867282878e+00
-2.949838539014530525e+00
-3.091823100370758137e+00
-3.254260231118388802e+00
-3.437891621886904225e+00
-3.643610159683767780e+00
-3.872417590238537155e+00
-4.125374194453012677e+00
-4.403536836448213698e+00
-4.707881191125576237e+00
-5.039203444681920274e+00
-5.397996393811833826e+00
-5.784294837991785343e+00
-6.197485759572660236e+00
-6.636080447458875042e+00
-7.097449021503388522e+00
-7.577523469662515332e+00
-8.070484076995485978e+00
-8.568456593501650786e+00
-9.061263668802764570e+00
-9.536292768009419163e+00
-9.978560706421516713e+00
-1.037106596934402525e+01
-1.069551491357036355e+01
-1.093347580580956091e+01
-1.106794653018784658e+01
-1.108521752476200639e+01
-1.097678748242000957e+01
-1.074098270897449758e+01
-1.038389331211815581e+01
-9.919315541376695577e+00
-9.367587922949054402e+00
-8.753480248969614408e+00
-8.103542344514064411e+00
-7.443444450759495901e+00
-6.795795889284319991e+00
-6.178744644254092755e+00
-5.605424894020979210e+00
-5.084123428429444758e+00
-4.618930672708804863e+00
-4.210628890707951655e+00
-3.857617932706030928e+00
-3.556749732169233180e+00
-3.304008893282470716e+00
-3.095025045566609734e+00
-2.925431342063881335e+00
-2.791096490837097654e+00
-2.688260489532492858e+00
-2.613601489870756023e+00
-2.564256212552948888e+00
-2.537810972629940931e+00
-2.532275595698181281e+00
-2.546048641986423000e+00
-2.577879424857038693e+00
-2.626830187050011034e+00
-2.692240314171377324e+00
-2.773693458475912088e+00
-2.870987780259914413e+00
-2.984109082120793843e+00
-3.113206333014729044e+00
-3.258568896767939815e+00
-3.420604653024855057e+00
-3.599818100063010728e+00
-3.796787440698713656e+00
-4.012139564389319624e+00
-4.246521746613097115e+00
-4.500568792565474041e+00
-4.774864264320024532e+00
-5.069894364415165278e+00
-5.385993028995801346e+00
-5.723276846087346215e+00
-6.081568608808238352e+00
-6.460308704260509849e+00
-6.858454207203941166e+00
-7.274366587265404860e+00
-7.705690448271581339e+00
-8.149227785844468386e+00
-8.600814922575269250e+00
-9.055212524347245662e+00
-9.506022741841654522e+00
-9.945651174865520971e+00
-1.036533436923128271e+01
-1.075525496922824686e+01
-1.110476524717455682e+01
-1.140273420994961029e+01
-1.163802278340934571e+01
-1.180007539159030117e+01
-1.187959559964781597e+01
-1.186925117823412990e+01
-1.176433457401141247e+01
-1.156329403587678684e+01
-1.126805382597560445e+01
-1.088406185719679264e+01
-1.042003831093336430e+01
-9.887443028180204152e+00
-9.299722901530250496e+00
-8.671432702878815846e+00
-8.017336279949233813e+00
-7.351587817680648840e+00
-6.687068671561846145e+00
-6.034921887243285710e+00
-5.404292623773979010e+00
-4.802255192021410046e+00
-4.233889912335033756e+00
-3.702465794454230963e+00
-3.209686154110598544e+00
-2.755960715664910854e+00
-2.340676598910372164e+00
-1.962449631256839355e+00
-1.619345308493893132e+00
-1.309064849210035852e+00
-1.029096080792202939e+00
-7.768315896262012465e-01
-5.496580171090337252e-01
-3.450209470085899843e-01
-1.604698190355244858e-01
6.313042042346228566e-03
1.574957026312323594e-01
2.950891858227620013e-01
4.209468584177357697e-01
5.367686688426607233e-01
6.441086954731595204e-01
7.443848247516061667e-01
8.388896719648153422e-01
9.288020919908532846e-01
1.015198811344891316e+00
1.099065855023147575e+00
1.181309549812217252e+00
1.262766966734736318e+00
1.344215724893768726e+00
1.426383121878266103e+00
1.509954585900184831e+00
1.595581464959664242e+00
1.683888180927095801e+00
1.775478783296953633e+00
1.870942939875654520e+00
1.970861400828780807e+00
2.075810969062555245e+00
2.186369004353778234e+00
2.303117481291169444e+00
2.426646612119037982e+00
2.557558035027418519e+00
2.696467556252841291e+00
2.844007420392826724e+00
3.000828067369200269e+00
3.167599316206782589e+00
3.345010894873513330e+00
3.533772211458517720e+00
3.734611234519538581e+00
3.948272319078316883e+00
4.175512779078581538e+00
4.417097966822280952e+00
4.673794574793151746e+00
4.946361825443763571e+00
5.235540160437667900e+00
5.542036983561000163e+00
5.866508952941720700e+00
6.209540261393575733e+00
6.571616293258984776e+00
6.953092008751076136e+00
7.354154391830741488e+00
7.774778317733481714e+00
8.214675267956254245e+00
8.673234464888883721e+00
9.149456241158194558e+00
9.641877830490262369e+00
1.014849230117914836e+01
1.066666208453280085e+01
1.119302950953527365e+01
1.172342796078777738e+01
1.225279872705129591e+01
1.277512026377240240e+01
1.328335836278104054e+01
1.376944744192403114e+01
1.422431458488622269e+01
1.463795873006464099e+01
1.499959709608773295e+01
1.529788906414196070e+01
1.552124386884681151e+01
1.565821228478895044e+01
1.569795404069101430e+01
1.563076241170953828e+01
1.544861637060997772e+01
1.514572044175758414e+01
1.471898504302227728e+01
1.416839773041397699e+01
1.349724003181962750e+01
1.271211609628478989e+01
1.182277736514370581e+01
1.084174951508503248e+01
9.783790470998560806e+00
8.665227372926466387e+00
7.503232616783535036e+00
6.315102520466647107e+00
5.117596729339023653e+00
3.926383882036719619e+00
2.755622215957156840e+00
1.617685970922486227e+00
5.230324987402454884e-01
-5.198071792498433208e-01
-1.504139188684769923e+00
-2.424946923744046856e+00
-3.278687857078439016e+00
-4.063071317781603575e+00
-4.776836969040069825e+00
-5.419548659376251187e+00
-5.991413429094439635e+00
-6.493131138964278293e+00
-6.925776644835385909e+00
-7.290713706934829119e+00
-7.589537838236548595e+00
-7.824043959492557043e+00
-7.996213925769445119e+00
-8.108218616998845718e+00
-8.162429258168236501e+00
-8.161432887726711272e+00
-8.108047374979893362e+00
-8.005332056639350213e+00
-7.856590879118887649e+00
-7.665365853229149096e+00
-7.435419602253445781e+00
-7.170706757813467114e+00
-6.875334872273938025e+00
-6.553516315335945919e+00
-6.209513257193115976e+00
-5.847578275602871578e+00
-5.471893341220035900e+00
-5.086509935602387955e+00
-4.695292859137645713e+00
-4.301869927067800248e+00
-3.909589276813527192e+00
-3.521485469803709911e+00
-3.140255015904910518e+00
-2.768241422309277944e+00
-2.407429405919197407e+00
-2.059447532135727954e+00
-1.725578265325189209e+00
-1.406774238586135484e+00
-1.103679465952869920e+00
-8.166542162047997211e-01
-5.458023280123696086e-01
-2.909998541142524431e-01
-5.192406107379249347e-02
1.719180337786483936e-01
3.811622474967701901e-01
5.765614442198269129e-01
7.589617389561781335e-01
9.292809300987511234e-01
1.088489290577230983e+00
1.237592758432961348e+00
1.377618496432396977e+00
1.509602735657654238e+00
1.634580777916072369e+00
1.753579004176722300e+00
1.867608718928616574e+00
1.977661651320064440e+00
2.084706931310821076e+00
2.189689361186937244e+00
2.293528808208608716e+00
2.397120551647422992e+00
2.501336425970395627e+00
2.607026610550069012e+00
2.715021924253708363e+00
2.826136489913742444e+00
2.941170638390400160e+00
3.060913924120855167e+00
3.186148123125140508e+00
3.317650079803047269e+00
3.456194259859332263e+00
3.602554852625508008e+00
3.757507246119783595e+00
3.921828671539258071e+00
4.096297779579948894e+00
4.281692868063502466e+00
4.478788427870909139e+00
4.688349611328387567e+00
4.911124153441433826e+00
5.147831191769524750e+00
5.399146336257500955e+00
5.665682238466850151e+00
5.947963805127578496e+00
6.246397101829033183e+00
6.561230911766125828e+00
6.892509871002148181e+00
7.240018123523702442e+00
7.603212565197741135e+00
7.981145027571910688e+00
8.372373257149167358e+00
8.774861355055531220e+00
9.185871549203232789e+00
9.601850871949846322e+00
1.001831859126789226e+01
1.042976312703507524e+01
1.082956061843415441e+01
1.120993108051081677e+01
1.156195175424526411e+01
1.187565006923318300e+01
1.214019951420642762e+01
1.234423926255822757e+01
1.247633112958320467e+01
1.252555412021398951e+01
1.248221710650600080e+01
1.233864529288207557e+01
1.208996953012287001e+01
1.173482499549457003e+01
1.127585456151706111e+01
1.071991922860050295e+01
1.007794705418464076e+01
9.364401091524454657e+00
8.596407186150955226e+00
7.792640125471888446e+00
6.972106722949665603e+00
6.152976448814899690e+00
5.351592008181360605e+00
4.581750521357710326e+00
3.854293294904102662e+00
3.176992185308830763e+00
2.554683382721179896e+00
1.989579516510947554e+00
1.481687358208487737e+00
1.029266697695151223e+00
6.292807350095355190e-01
2.778047804039914803e-01
-2.962506060494302096e-02
-2.977298603311900327e-01
-5.312710534725264555e-01
-7.348925106079008396e-01
-9.130128023510780677e-01
-1.069758316189782343e+00
-1.208928324089498574e+00
-1.333984109812290431e+00
-1.448055507405382691e+00
-1.553959462984932038e+00
-1.654226392316769267e+00
-1.751131111874300483e+00
-1.846725955182550560e+00
-1.942874355246542839e+00
-2.041283694094696788e+00
-2.143536611929927727e+00
-2.251120250776275533e+00
-2.365453098250148933e+00
-2.487909210382397429e+00
-2.619839638963537443e+00
-2.762590875832187987e+00
-2.917520057592866589e+00
-3.086006549876577409e+00
-3.269459347834957175e+00
-3.469319483765720413e+00
-3.687056316179710969e+00
-3.924156178813117624e+00
-4.182101385607975175e+00
-4.462337015446762756e+00
-4.766222245365291599e+00
-5.094962289039125736e+00
-5.449516287322259345e+00
-5.830475901308735054e+00
-6.237909068527831558e+00
-6.671163708880322396e+00
-7.128627575152949092e+00
-7.607443591527701443e+00
-8.103185769077915879e+00
-8.609510121736798638e+00
-9.117808855552056002e+00
-9.616914896340128749e+00
-1.009292673139924368e+01
-1.052924739087920258e+01
-1.090694939113711825e+01
-1.120557838579899546e+01
-1.140447729555638823e+01
-1.148463548213183216e+01
-1.143093881338610984e+01
-1.123453183439788461e+01
-1.089484845009931213e+01
-1.042079453146998880e+01
-9.830646413539803063e+00
-9.150489189675479196e+00
-8.411398692981842728e+00
-7.645931246830733663e+00
-6.884670127410352336e+00
-6.153507143378882382e+00
-5.472057127242425878e+00
-4.853250758631618922e+00
-4.303870892282947835e+00
-3.825665240185855964e+00
-3.416676469296311414e+00
-3.072522893474342709e+00
-2.787477397270727852e+00
-2.555288730453817880e+00
-2.369752765455520382e+00
-2.225073610295170923e+00
-2.116064583544809530e+00
-2.038236428712223880e+00
-1.987811871748416781e+00
-1.961696046937495552e+00
-1.957423617479635336e+00
-1.973096415025070494e+00
-2.007320199915872294e+00
-2.059145458301651299e+00
-2.128014663913019522e+00
-2.213716813826364760e+00
-2.316349025961533581e+00
-2.436284350094608531e+00
-2.574144537385697706e+00
-2.730776222427194533e+00
-2.907228714683316007e+00
-3.104731312858792780e+00
-3.324667701084331739e+00
-3.568544525608029705e+00
-3.837950660694610328e+00
-4.134502941269781573e+00
-4.459773276704154910e+00
-4.815191109134604019e+00
-5.201914243146429584e+00
-5.620660346511754391e+00
-6.071491239345430557e+00
-6.553542986132896431e+00
-7.064697576593601092e+00
-7.601197721286080622e+00
-8.157216354941668968e+00
-8.724408262092582689e+00
-9.291493822477251641e+00
-9.843953870155829122e+00
-1.036394690126743434e+01
-1.083058752902866217e+01
-1.122073422832758283e+01
-1.151040546598940040e+01
-1.167685591615434504e+01
-1.170118865483444814e+01
-1.157117185771747714e+01
-1.128372699844407023e+01
-1.084645389905019464e+01
-1.027765126981316612e+01
-9.604613185061014136e+00
-8.860451974807382669e+00
-8.080132495205353038e+00
-7.296606543699220460e+00
-6.537822875446111404e+00
-5.825033994270141235e+00
-5.172406824355019417e+00
-4.587639299089049771e+00
-4.073161760171601031e+00
-3.627534838645328108e+00
-3.246770203566245794e+00
-2.925427873571679438e+00
-2.657443907078215872e+00
-2.436704048224292318e+00
-2.257407852137446991e+00
-2.114274983868712265e+00
-2.002640909337004338e+00
-1.918480094364907185e+00
-1.858385102191925098e+00
-1.819521486574367408e+00
-1.799571705112488207e+00
-1.796676381003592615e+00
-1.809377824618376041e+00
-1.836568439776334216e+00
-1.877445168606873160e+00
-1.931470221659897346e+00
-1.998337808371736690e+00
-2.077946292709801579e+00
-2.170375056812247738e+00
-2.275865298873733789e+00
-2.394803978721263604e+00
-2.527710128170676196e+00
-2.675222745574423744e+00
-2.838089483346296849e+00
-3.017155305984391855e+00
-3.213350239042418455e+00
-3.427675243231320668e+00
-3.661185130543233690e+00
-3.914967291005794436e+00
-4.190114822088961688e+00
-4.487692454666344588e+00
-4.808693462749515035e+00
-5.153985551111745167e+00
-5.524243570628610378e+00
-5.919866868837926788e+00
-6.340879219408562584e+00
-6.786809694215800270e+00
-7.256553683315275727e+00
-7.748214700764809670e+00
-8.258929829555651025e+00
-8.784684845813240273e+00
-9.320129359281207115e+00
-9.858407722635691428e+00
-1.039102776072439305e+01
-1.090779592777140650e+01
-1.139685315427423085e+01
-1.184484860350390889e+01
-1.223728645487286215e+01
-1.255907106249437000e+01
-1.279525627403776689e+01
-1.293197479621941248e+01
-1.295748559323393678e+01
-1.286323756509133709e+01
-1.264481601794272514e+01
-1.230262629630020754e+01
-1.184218592561613015e+01
-1.127394555891214445e+01
-1.061263280523722585e+01
-9.876194887109869924e+00
-9.084484543976220294e+00
-8.257870272916296273e+00
-7.415948631589964535e+00
-6.576497518743863679e+00
-5.754749645734394292e+00
-4.963002773830578640e+00
-4.210532446254850569e+00
-3.503741590261205907e+00
-2.846469982996504999e+00
-2.240390742424193338e+00
-1.685434419985219145e+00
-1.180198124301789608e+00
-7.223132772518020550e-01
-3.087588641801592981e-01
6.388333791733225020e-02
3.992288696083974298e-01
7.009399062445473838e-01
9.726161914606805681e-01
1.217719819780026747e+00
1.439526669354796784e+00
1.641098214419751899e+00
1.825268488594656624e+00
1.994641979822998179e+00
2.151599141145422056e+00
2.298306969353369755e+00
2.436732732962620496e+00
2.568659432933816156e+00
2.695701971266702746e+00
2.819323302593594427e+00
2.940850069788327303e+00
3.061487391856987816e+00
3.182332593969841916e+00
3.304387755992022502e+00
3.428571015671546540e+00
3.555726602312070384e+00
3.686633601359745604e+00
3.822013463738267891e+00
3.962536278909154053e+00
4.108825829734342960e+00
4.261463441955179121e+00
4.420990632760339878e+00
4.587910552501130113e+00
4.762688201948469313e+00
4.945749395291322514e+00
5.137478427036786144e+00
5.338214389800541859e+00
5.548246080470613961e+00
5.767805425323170532e+00
5.997059351491611956e+00
6.236100034100729772e+00
6.484933457014649072e+00
6.743466242455170345e+00
7.011490732987461172e+00
7.288668351102424836e+00
7.574511319645226060e+00
7.868362903555461862e+00
8.169376432610723882e+00
8.476493488509763807e+00
8.788421789252719662e+00
9.103613479491597715e+00
9.420244735262798486e+00
9.736197810122391161e+00
1.004904687796282481e+01
1.035604925141807975e+01
1.065414375359489263e+01
1.093995816839853141e+01
1.120982775836369072e+01
1.145982678127203158e+01
1.168581471846729158e+01
1.188349851150692338e+01
1.204851146094712355e+01
1.217650855916528485e+01
1.226327692034726446e+01
1.230485867979751902e+01
1.229768234417419670e+01
1.223869720529086891e+01
1.212550423631825502e+01
1.195647604207166737e+01
1.173085810156084996e+01
1.144884385529461923e+01
1.111161722388693818e+01
1.072135788354436237e+01
1.028120695399580420e+01
9.795193466525395465e+00
9.268124793821979068e+00
8.705446827629987894e+00
8.113081790240494584e+00
7.497252932342388654e+00
6.864305874611106972e+00
6.220535983776389166e+00
5.572030038682404651e+00
4.924528728575300107e+00
4.283314474847855102e+00
3.653126927380061950e+00
3.038106477951673323e+00
2.441764422964149972e+00
1.866977097522275475e+00
1.316000429858593446e+00
7.905009119041961352e-01
2.915988924855520970e-01
-1.800797039245286002e-01
-6.243467329140794941e-01
-1.041393243422311876e+00
-1.431731364058822287e+00
-1.796138513125153491e+00
-2.135605258903643833e+00
-2.451287696561328833e+00
-2.744464822916924618e+00
-3.016501082485204766e+00
-3.268814023540731029e+00
-3.502846833511969571e+00
-3.720045409019140159e+00
-3.921839547012730964e+00
-4.109627809917069108e+00
-4.284765610609159836e+00
-4.448556074924588266e+00
-4.602243263989445055e+00
-4.747007371133177500e+00
-4.883961544704445323e+00
-5.014150026044949193e+00
-5.138547329245758633e+00
-5.258058224838472405e+00
-5.373518322484201803e+00
-5.485695077618712112e+00
-5.595289073768729082e+00
-5.702935455941794629e+00
-5.809205411309842582e+00
-5.914607611637423545e+00
-6.019589547880546121e+00
-6.124538701457331591e+00
-6.229783509231001659e+00
-6.335594090610198847e+00
-6.442182715712403862e+00
-6.549704003589655876e+00
-6.658254849399919628e+00
-6.767874089418202566e+00
-6.878541923188316254e+00
-6.990179123155360053e+00
-7.102646073985420472e+00
-7.215741696614011325e+00
-7.329202325941288620e+00
-7.442700625995342101e+00
-7.555844642190113092e+00
-7.668177106751130623e+00
-7.779175130045961950e+00
-7.888250426821093342e+00
-7.994750241379448674e+00
-8.097959148462988921e+00
-8.197101915718372211e+00
-8.291347617571208417e+00
-8.379815187366299156e+00
-8.461580582863305722e+00
-8.535685717696834374e+00
-8.601149276424587597e+00
-8.656979481821498013e+00
-8.702188819210043391e+00
-8.735810643749795545e+00
-8.756917503749185983e+00
-8.764640908580435763e+00
-8.758192157610332984e+00
-8.736883732296453431e+00
-8.700150644421171364e+00
-8.647571037842595842e+00
-8.578885268446120094e+00
-8.494012646572549841e+00
-8.393065026608372392e+00
-8.276356476257332062e+00
-8.144408356889547562e+00
-7.997949295998303398e+00
-7.837909728383410268e+00
-7.665410914755092620e+00
-7.481748601282951938e+00
-7.288371744196331825e+00
-7.086856971098786317e+00
-6.878879666497279111e+00
-6.666182736526248931e+00
-6.450544214193738135e+00
-6.233744904170808177e+00
-6.017537233681948372e+00
-5.803616377974261553e+00
-5.593594575044249062e+00
-5.388979348754201482e+00
-5.191156138554074317e+00
-5.001375604728667490e+00
-4.820745656334120888e+00
-4.650228048261431546e+00
-4.490639224309945554e+00
-4.342654951139437891e+00
-4.206818196124499920e+00
-4.083549649751877730e+00
-3.973160276891583464e+00
-3.875865295744574723e+00
-3.791799022120137863e+00
-3.721030073121886605e+00
-3.663576491700633486e+00
-3.619420425845704337e+00
-3.588522068277575361e+00
-3.570832630200098556e+00
-3.566306182780885514e+00
-3.574910250266932543e+00
-3.596635077488081311e+00
-3.631501521032543867e+00
-3.679567527102623359e+00
-3.740933159743893288e+00
-3.815744130674171952e+00
-3.904193756207869459e+00
-4.006523227585549130e+00
-4.123020028070647491e+00
-4.254014263060766687e+00
-4.399872587767855947e+00
-4.560989320518246792e+00
-4.737774218675985693e+00
-4.930636269864861809e+00
-5.139962716560042111e+00
-5.366092393051870246e+00
-5.609282320355593932e+00
-5.869666393235259960e+00
-6.147204929347330982e+00
-6.441623870752941627e+00
-6.752342585277980369e+00
-7.078389580762393329e+00
-7.418306111454199936e+00
-7.770038735239144678e+00
-8.130823499316626624e+00
-8.497066713683071981e+00
-8.864230304667714222e+00
-9.226733524499568517e+00
-9.577887159550240170e+00
-9.909880891445361328e+00
-1.021384830279300715e+01
-1.048003590162013410e+01
-1.069810073667796324e+01
-1.085755371745201536e+01
-1.094835091530792859e+01
-1.096161225447864851e+01
-1.089041756790571469e+01
-1.073059848898913593e+01
-1.048141878534794458e+01
-1.014602521032053595e+01
-9.731564482706591690e+00
-9.248903278184299026e+00
-8.711952218921963365e+00
-8.136667622092138785e+00
-7.539866455201036821e+00
-6.938022372081845468e+00
-6.346204743539702875e+00
-5.777281932111168139e+00
-5.241449129950163766e+00
-4.746078522738589101e+00
-4.295840865442582590e+00
-3.893020583246681987e+00
-3.537940984046422876e+00
-3.229426410380801471e+00
-2.965246668254872819e+00
-2.742509309297362474e+00
-2.557983043687031888e+00
-2.408348784601479053e+00
-2.290383345911951807e+00
-2.201085364147257195e+00
-2.137754667489656146e+00
-2.098036109284431738e+00
-2.079937654962491056e+00
-2.081830846417671577e+00
-2.102440035579037581e+00
-2.140825182454460851e+00
-2.196361642726335273e+00
-2.268719246365095366e+00
-2.357842072527707611e+00
-2.463929618619394635e+00
-2.587419496755764214e+00
-2.728971321900062641e+00
-2.889451037511721943e+00
-3.069914514273572870e+00
-3.271588815763341707e+00
-3.495849014818862344e+00
-3.744187832060454912e+00
-4.018174625330301453e+00
-4.319399368178284959e+00
-4.649396220179859540e+00
-5.009540152981071692e+00
-5.400908960373821621e+00
-5.824102062799347834e+00
-6.279007197330108703e+00
-6.764506986170661484e+00
-7.278120446928844522e+00
-7.815581077381372310e+00
-8.370364905982160764e+00
-8.933200668466092509e+00
-9.491621395507241488e+00
-1.002965183597889620e+01
-1.052776531301283569e+01
-1.096327668555519530e+01
-1.131134672945058206e+01
-1.154673159697848739e+01
-1.164629260355000362e+01
-1.159207550692594246e+01
-1.137450268350290727e+01
-1.099498120432922121e+01
-1.046714644788281845e+01
-9.816154457565790636e+00
-9.075922034790462334e+00
-8.284838921510836229e+00
-7.480965318231508121e+00
-6.697839706256150549e+00
-5.961714281085582989e+00
-5.290490836880660908e+00
-4.694121101221466752e+00
-4.175950670501720197e+00
-3.734452823777342889e+00
-3.364929723767999370e+00
-3.060940493442961596e+00
-2.815370862639172245e+00
-2.621158533593394679e+00
-2.471735920623953753e+00
-2.361264033951159469e+00
-2.284724525344563162e+00
-2.237922926274633628e+00
-2.217441418175707391e+00
-2.220566968779785544e+00
-2.245211141166424174e+00
-2.289831131261992780e+00
-2.353357058922171952e+00
-2.435127632695945454e+00
-2.534834521739763868e+00
-2.652474711645119498e+00
-2.788309514769310216e+00
-2.942828557203945650e+00
-3.116716844513591322e+00
-3.310822832156528062e+00
-3.526125240157419238e+00
-3.763696123024974582e+00
-4.024657420075536507e+00
-4.310127869456406025e+00
-4.621156791580546930e+00
-4.958640880490077230e+00
-5.323219867472637645e+00
-5.715146873923989901e+00
-6.134129652926092469e+00
-6.579140021367907210e+00
-7.048190995640319478e+00
-7.538084944935946830e+00
-8.044141993712617733e+00
-8.559926395874178695e+00
-9.076999833389123751e+00
-9.584744078252477095e+00
-1.007030957797640092e+01
-1.051875799296344383e+01
-1.091347024521556364e+01
-1.123688026133718765e+01
-1.147156117164353972e+01
-1.160163112175892586e+01
-1.161436346078843407e+01
-1.150179609486414556e+01
-1.126206503083616184e+01
-1.090017167791961050e+01
-1.042795837607399001e+01
-9.863212379504275873e+00
-9.228010214980411519e+00
-8.546589828537523914e+00
-7.843134612893233104e+00
-7.139839320877189976e+00
-6.455517203648113878e+00
-5.804850393335781789e+00
-5.198239325575419123e+00
-4.642111165527015970e+00
-4.139512174617016704e+00
-3.690822257868677791e+00
-3.294469600103220763e+00
-2.947569342230078604e+00
-2.646450044885913844e+00
-2.387060124790742144e+00
-2.165263530044225782e+00
-1.977042080771213683e+00
-1.818624120301901126e+00
-1.686557952084229317e+00
-1.577745798083334261e+00
-1.489450834851028027e+00
-1.419286853847403274e+00
-1.365197523244053190e+00
-1.325430171586133854e+00
-1.298507440001715363e+00
-1.283198987033750127e+00
-1.278494596265964622e+00
-1.283579454947650023e+00
-1.297811976917864873e+00
-1.320704283567250892e+00
-1.351905292694232763e+00
-1.391186267339049598e+00
-1.438428623431802666e+00
-1.493613770889738790e+00
-1.556814756700209523e+00
-1.628189482884096595e+00
-1.707975281756680008e+00
-1.796484641940187199e+00
-1.894101888606449346e+00
-2.001280628651628035e+00
-2.118541774603696748e+00
-2.246471958978042860e+00
-2.385722142590313233e+00
-2.537006205093909728e+00
-2.701099282773369303e+00
-2.878835586352636255e+00
-3.071105389135206920e+00
