1.000000000000000000e+00
9.757598706720784776e-01
9.534291785336079794e-01
9.325735620209791854e-01
9.130066664030538348e-01
8.946138097868742145e-01
8.773226423616343750e-01
8.610952769043954680e-01
8.459258874725461563e-01
8.318407946750390192e-01
8.189003890970670829e-01
8.072027932190678490e-01
7.968893509025927191e-01
7.881521449025128412e-01
7.812438413655200531e-01
7.764902632258299242e-01
7.743062083664788986e-01
7.752151573853479638e-01
7.798736630225532318e-01
7.891013813738588789e-01
8.039178954969510293e-01
8.255876946379715475e-01
8.556749036638784389e-01
8.961095988694570691e-01
9.492677815071908221e-01
1.018067279960080285e+00
1.106081967174651348e+00
1.217676635215348968e+00
1.358164545847398319e+00
1.533988898681323931e+00
1.752927969610311720e+00
2.024321107341000570e+00
2.359308633456559168e+00
2.771072309841247527e+00
3.275053590321097552e+00
3.889113415949419394e+00
4.633578926640423035e+00
5.531098579737378174e+00
6.606198200517516383e+00
7.884398898080046791e+00
9.390729695955846168e+00
1.114745512023792351e+01
1.317086090685616107e+01
1.546702857841174783e+01
1.802671726876979363e+01
2.081978944557557298e+01
2.379006819129311268e+01
2.685203350687513435e+01
2.989118303440745095e+01
3.276990913808951689e+01
3.534003985533841075e+01
3.746155892990986302e+01
3.902468604686587383e+01
3.997029476232671641e+01
4.030281264173873268e+01
4.009123158187650660e+01
3.945746093859293779e+01
3.855542057529683575e+01
3.754692620616548737e+01
3.658038762016359868e+01
3.577607354648900184e+01
3.521874401501972329e+01
3.495626874595997435e+01
3.500202117758126263e+01
3.533911163220916052e+01
3.592530795111096609e+01
3.669827753091816902e+01
3.758129349517010809e+01
3.848969745815462318e+01
3.933823492493290530e+01
4.004897766334374865e+01
4.055907419158140925e+01
4.082721454013697837e+01
4.083763629954763985e+01
4.060082554024820922e+01
4.015071723118894909e+01
3.953896443630593183e+01
3.882745035218659524e+01
3.808045757764900685e+01
3.735774449157570842e+01
3.670933347199635222e+01
3.617229370188427851e+01
3.576937962623682665e+01
3.550915115823305257e+01
3.538714692242189130e+01
3.538774535853570313e+01
3.548645696775388814e+01
3.565248769332576018e+01
3.585146825497226075e+01
3.604825141793980947e+01
3.620965049637653266e+01
3.630694998176659283e+01
3.631798839738337392e+01
3.622861584969079729e+01
3.603337550382249788e+01
3.573534604219790367e+01
3.534519339472573307e+01
3.487958801954123089e+01
3.435922225861877877e+01
3.380669353315122549e+01
3.324450059596266271e+01
3.269334276066730638e+01
3.217083524052307553e+01
3.169067748020349740e+01
3.126225044243970785e+01
3.089058010751236338e+01
3.057658756385864862e+01
3.031754592136809379e+01
3.010767405150747322e+01
2.993881060625904311e+01
2.980112444821143214e+01
2.968382719872377962e+01
2.957585956237177527e+01
2.946652617103471528e+01
2.934605534777354308e+01
2.920606200370056982e+01
2.903989515449811876e+01
2.884285700496490534e+01
2.861228820923857441e+01
2.834752308769283147e+01
2.804972807818213809e+01
2.772164512274132164e+01
2.736726777983307457e+01
2.699148077200108631e+01
2.659969318743342015e+01
2.619749200987108040e+01
2.579033687701351596e+01
2.538331002537265491e+01
2.498092833131087076e+01
2.458701807228333180e+01
2.420464807466945700e+01
2.383611352640825842e+01
2.348296087876976301e+01
2.314604371583194720e+01
2.282559990878351996e+01
2.252134145308303559e+01
2.223254980462269614e+01
2.195817104713968959e+01
2.169690667176815069e+01
2.144729703288707867e+01
2.120779561808963720e+01
2.097683312785747844e+01
2.075287101932602951e+01
2.053444465692481202e+01
2.032019656252353812e+01
2.010890049898588217e+01
1.989947727915052766e+01
1.969100328721365756e+01
1.948271274611252935e+01
1.927399477338653000e+01
1.906438624658848369e+01
1.885356145310382558e+01
1.864131943260732882e+01
1.842756983734036424e+01
1.821231803990995601e+01
1.799565011451527852e+01
1.777771820961674010e+01
1.755872672223272346e+01
1.733891958015179924e+01
1.711856884175545090e+01
1.689796473655152198e+01
1.667740719482658918e+01
1.645719885311742559e+01
1.623763947377140582e+01
1.601902168131464421e+01
1.580162789471829399e+01
1.558572832158873211e+01
1.537157987620165933e+01
1.515942588644919908e+01
1.494949646349136607e+01
1.474200942063672137e+01
1.453717164334468315e+01
1.433518082909174929e+01
1.413622753326351145e+01
1.394049747454759114e+01
1.374817407005158465e+01
1.355944118628813300e+01
1.337448610714898933e+01
1.319350273404925389e+01
1.301669504667104782e+01
1.284428086534090063e+01
1.267649596823281932e+01
1.251359862849258775e+01
1.235587464818737580e+01
1.220364297778875873e+01
1.205726202167721617e+01
1.191713674172999404e+01
1.178372668200860929e+01
1.165755504715945357e+01
1.153921897419405340e+01
1.142940114001986096e+01
1.132888284280132929e+01
1.123855868016093140e+01
1.115945291607935452e+01
1.109273757382463899e+01
1.103975220444809402e+01
1.100202514617798144e+01
1.098129589225282743e+01
1.097953790146938680e+01
1.099898078985597927e+01
1.104213030113164073e+01
1.111178373168971945e+01
1.121103754565814903e+01
1.134328272580089347e+01
1.151218195291928303e+01
1.172162101356160946e+01
1.197562499447224837e+01
1.227822803472815849e+01
1.263328404382653147e+01
1.304420546189190411e+01
1.351361873795731938e+01
1.404292995322196980e+01
1.463180338238012723e+01
1.527757122162938863e+01
1.597461512160000474e+01
1.671378900245145971e+01
1.748198468378514292e+01
1.826197002174661321e+01
1.903264197162154758e+01
1.976981963003093412e+01
2.044764139504951217e+01
2.104052122543716408e+01
2.152547450682422792e+01
2.188447987048944654e+01
2.210645251498980812e+01
2.218841843275872705e+01
2.213561909189427013e+01
2.196051355763697543e+01
2.168090336453057887e+01
2.131759315188735471e+01
2.089205523930840869e+01
2.042448556535633131e+01
1.993247201860976858e+01
1.943031589434358608e+01
1.892891037547579458e+01
1.843601074370857873e+01
1.795672302949052579e+01
1.749406851717396449e+01
1.704952709132730249e+01
1.662350594878182974e+01
1.621571345713212509e+01
1.582543922639167100e+01
1.545175264255484571e+01
1.509363622753761902e+01
1.475007009184520612e+01
1.442008157156684511e+01
1.410277126274037762e+01
1.379732384691466152e+01
1.350300969200085177e+01
1.321918131631398552e+01
1.294526739718949138e+01
1.268076601070520759e+01
1.242523811493941466e+01
1.217830185217442640e+01
1.193962797684480570e+01
1.170893656341247890e+01
1.148599507382520457e+01
1.127061784163777425e+01
1.106266704208442242e+01
1.086205525381501147e+01
1.066874977278722803e+01
1.048277890939457713e+01
1.030424058605336235e+01
1.013331365547082186e+01
9.970272481926981456e+00
9.815505471759260914e+00
9.669538407142981740e+00
9.533063630134755329e+00
9.406976339675919618e+00
9.292419495020087794e+00
9.190839047055280986e+00
9.104051409737428102e+00
9.034325175764848836e+00
8.984478969446689334e+00
8.957996845721419632e+00
8.959161520308809301e+00
8.993203545254626619e+00
9.066460729816668618e+00
9.186535812799045075e+00
9.362430522310511094e+00
9.604619417868786257e+00
9.925006064473180345e+00
1.033667661612552457e+01
1.085333330800363250e+01
1.148825859914875736e+01
1.225264368185490227e+01
1.315313889928054891e+01
1.418858900268593892e+01
1.534615294053818246e+01
1.659741114271504259e+01
1.789560089589699743e+01
1.917561622255864506e+01
2.035849086569415789e+01
2.136127116742535037e+01
2.211123582814199651e+01
2.256084892602489234e+01
2.269813119568828341e+01
2.254799439973058028e+01
2.216377266639205246e+01
2.161264545934993819e+01
2.096088832329511220e+01
2.026366510263500942e+01
1.956086107653063522e+01
1.887769591227182531e+01
1.822781282792092838e+01
1.761690738548184854e+01
1.704582781203268738e+01
1.651280825140648645e+01
1.601489790545592129e+01
1.554878967478380680e+01
1.511125394172167979e+01
1.469933555749552667e+01
1.431041979181496160e+01
1.394223188346325770e+01
1.359280700236067929e+01
1.326045022965411668e+01
1.294369620031145018e+01
1.264127259950882021e+01
1.235206888957201699e+01
1.207511029913564293e+01
1.180953654169167955e+01
1.155458455900570058e+01
1.130957459631068751e+01
1.107389900215310519e+01
1.084701325303594110e+01
1.062842880764392994e+01
1.041770748840923133e+01
1.021445716763123457e+01
1.001832860264717162e+01
9.829013322223968174e+00
9.646242517271097938e+00
9.469786935953729667e+00
9.299457828933686443e+00
9.135109037240985330e+00
8.976640365543229194e+00
8.824002439673041209e+00
8.677203311571448197e+00
8.536317149751926792e+00
8.401495441478832760e+00
8.272981236530375426e+00
8.151127083858277445e+00
8.036417453165203284e+00
7.929496593516446978e+00
7.831202958163997252e+00
7.742611511988052975e+00
7.665085421314842051e+00
7.600338779739260531e+00
7.550512104347222753e+00
7.518262273446924659e+00
7.506868258198358568e+00
7.520353256855099033e+00
7.563622421453058742e+00
7.642612915486412639e+00
7.764449067983266062e+00
7.937589259949555220e+00
8.171942137007871310e+00
8.478917012033795331e+00
8.871356366555298578e+00
9.363277401745229156e+00
9.969326534520371652e+00
1.070383061258155166e+01
1.157932149869661842e+01
1.260443350405408580e+01
1.378115012333261724e+01
1.510153499048296055e+01
1.654433968688551104e+01
1.807222115070186774e+01
1.963063822370547129e+01
2.114965094327346407e+01
2.254956987836172289e+01
2.375050206375498263e+01
2.468438874525167748e+01
2.530664774819013729e+01
2.560388501962581387e+01
2.559502079098714944e+01
2.532545319621129920e+01
2.485643893182773212e+01
2.425330898846157979e+01
2.357581809376171122e+01
2.287235854119825973e+01
2.217804108179867484e+01
2.151556894647257678e+01
2.089756851692966677e+01
2.032930697092942651e+01
1.981116033436510193e+01
1.934056579985461966e+01
1.891342549748137714e+01
1.852504066845084552e+01
1.817068868051673292e+01
1.784594912519916932e+01
1.754686422513625743e+01
1.726999586860775793e+01
1.701242207856881095e+01
1.677170093824732788e+01
1.654581954268342159e+01
1.633313849922003413e+01
1.613233792131830313e+01
1.594236798019442425e+01
1.576240532733419997e+01
1.559181567854779260e+01
1.543012228738736624e+01
1.527697975533808616e+01
1.513215251415470419e+01
1.499549729992746805e+01
1.486694897414374239e+01
1.474650910695700290e+01
1.463423680601793109e+01
1.453024134147391955e+01
1.443467617931711722e+01
1.434773408897716962e+01
1.426964303627373454e+01
1.420066260980861905e+01
1.414108075831412670e+01
1.409121063935937634e+01
1.405138739724839958e+01
1.402196470108078152e+01
1.400331088398302448e+01
1.399580453269090086e+01
1.399982938425606882e+01
1.401576839501864846e+01
1.404399685756714078e+01
1.408487445571731200e+01
1.413873616717167891e+01
1.420588195009263721e+01
1.428656518492220329e+01
1.438097988785946768e+01
1.448924676863093630e+01
1.461139827325759555e+01
1.474736283243626467e+01
1.489694862695287014e+01
1.505982728103795054e+01
1.523551799906926441e+01
1.542337276512842692e+01
1.562256332143103066e+01
1.583207072164311668e+01
1.605067830821280594e+01
1.627696897788935004e+01
1.650932756545609692e+01
1.674594908256089099e+01
1.698485338937307887e+01
1.722390664901659818e+01
1.746084962163622833e+01
1.769333250696947246e+01
1.791895565949110747e+01
1.813531510392653345e+01
1.834005140236482490e+01
1.853090010172322266e+01
1.870574175592891208e+01
1.886264940034988769e+01
1.899993137744590399e+01
1.911616758078871570e+01
1.921023749355379806e+01
1.928133882659610165e+01
1.932899607656524665e+01
1.935305888312156952e+01
1.935369061883258723e+01
1.933134814979986515e+01
1.928675412029063452e+01
1.922086341242314234e+01
1.913482559756139523e+01
1.902994522877871830e+01
1.890764173541374760e+01
1.876941049298780939e+01
1.861678638227069982e+01
1.845131084996437920e+01
1.827450316893464333e+01
1.808783629281627725e+01
1.789271742716712765e+01
1.769047320985521310e+01
1.748233921359772935e+01
1.726945335476386845e+01
1.705285271177039519e+01
1.683347321783202588e+01
1.661215168903411765e+01
1.638962967164629347e+01
1.616655863449336294e+01
1.594350608602605313e+01
1.572096225557000082e+01
1.549934703938471614e+01
1.527901697115176205e+01
1.506027203094886957e+01
1.484336215520449542e+01
1.462849335186590771e+01
1.441583335992216774e+01
1.420551682077379141e+01
1.399764995126903599e+01
1.379231472521913204e+01
1.358957258261241563e+01
1.338946769432383199e+01
1.319202981557591592e+01
1.299727676439936097e+01
1.280521656243614714e+01
1.261584927511358067e+01
1.242916858689982895e+01
1.224516314536132633e+01
1.206381770534287590e+01
1.188511410198669260e+01
1.170903207865177897e+01
1.153554999320362029e+01
1.136464542369716924e+01
1.119629569222820997e+01
1.103047832371476566e+01
1.086717145461150125e+01
1.070635420506631874e+01
1.054800702680274505e+01
1.039211203805362871e+01
1.023865335617861660e+01
1.008761743816789291e+01
9.938993439067099089e+00
9.792773598455861261e+00
9.648953665481434072e+00
9.507533373601260607e+00
9.368516977141133850e+00
9.231913863053538449e+00
9.097739252895582496e+00
8.966015012078601742e+00
8.836770585922634424e+00
8.710044085040344441e+00
8.585883546150775203e+00
8.464348398671626583e+00
8.345511172462881433e+00
8.229459488014789770e+00
8.116298377327550995e+00
8.006152991875786995e+00
7.899171763564154958e+00
7.795530095655601954e+00
7.695434673500066936e+00
7.599128499727203945e+00
7.506896775608693950e+00
7.419073769741829416e+00
7.336050837208413000e+00
7.258285776986657112e+00
7.186313742555960005e+00
7.120759950014953432e+00
7.062354458946336955e+00
7.011949332472998009e+00
6.970538512418086086e+00
6.939280770002183019e+00
6.919526107222183420e+00
6.912845981773489967e+00
6.921067698696495185e+00
6.946313240056682936e+00
6.991042669216117389e+00
7.058102020165203605e+00
7.150775226501000503e+00
7.272839108025652699e+00
7.428619649740430653e+00
7.623046695671702899e+00
7.861702639261814340e+00
8.150858610956595030e+00
8.497488928238373873e+00
8.909251091065584660e+00
9.394414347632720208e+00
9.961714927897386218e+00
1.062011079811352232e+01
1.137840398737535530e+01
1.224469554928925064e+01
1.322563926562195391e+01
1.432546851988025693e+01
1.554479062791202537e+01
1.687917911729994813e+01
1.831765106535404541e+01
1.984119447731990959e+01
2.142160359438632611e+01
2.302097011076137889e+01
2.459223272437937524e+01
2.608116015483712502e+01
2.742998596525268695e+01
2.858260207559411370e+01
2.949078163425736321e+01
3.012044951856420383e+01
3.045672631084308790e+01
3.050651829018170602e+01
3.029789089556913240e+01
2.987624308218547853e+01
2.929812085824877954e+01
2.862405103226918612e+01
2.791184796409492108e+01
2.721147801110840447e+01
2.656197171209290886e+01
2.599030944192316639e+01
2.551184306830835880e+01
2.513169244241383282e+01
2.484661182777517752e+01
2.464696463792297720e+01
2.451859765381229295e+01
2.444452477119904898e+01
2.440640212097454764e+01
2.438580640399259991e+01
2.436532954059234868e+01
2.432948947608016255e+01
2.426544141755539741e+01
2.416346474312350523e+01
2.401720314592526151e+01
2.382364982858004510e+01
2.358289244125963080e+01
2.329765795877123935e+01
2.297271904198044368e+01
2.261423518951169598e+01
2.222910164288673585e+01
2.182436745971178738e+01
2.140676502881114374e+01
2.098237142915765574e+01
2.055640196207377812e+01
2.013312100383533831e+01
1.971584629218909157e+01
1.930701954446958268e+01
1.890831757717281292e+01
1.852078216597648463e+01
1.814495218357278006e+01
1.778098689813956668e+01
1.742877397844781839e+01
1.708801939841166373e+01
1.675831901412657743e+01
1.643921321864006302e+01
1.613022695841778287e+01
1.583089772870918388e+01
1.554079413885491334e+01
1.525952740191443979e+01
1.498675776504341961e+01
1.472219753165088996e+01
1.446561197903406182e+01
1.421681917054888267e+01
1.397568940972447749e+01
1.374214488627625208e+01
1.351615991671140371e+01
1.329776207861743487e+01
1.308703447043968815e+01
1.288411929044681870e+01
1.268922291319746165e+01
1.250262264351070840e+01
1.232467534174601376e+01
1.215582813552995312e+01
1.199663145726107771e+01
1.184775466841911218e+01
1.171000454405633917e+01
1.158434688450783412e+01
1.147193148315287381e+01
1.137412059031223244e+01
1.129252084776598331e+01
1.122901838942497754e+01
1.118581636181420613e+01
1.116547344774444817e+01
1.117094099451318634e+01
1.120559495355130863e+01
1.127325691974655264e+01
1.137819600904960282e+01
1.152510006530489051e+01
1.171900077703607224e+01
1.196513295496874463e+01
1.226870408007130919e+01
1.263454746886221258e+01
1.306663303109178464e+01
1.356741663986790769e+01
1.413702657464374468e+01
1.477231763411314347e+01
1.546587332239180057e+01
1.620510258237438705e+01
1.697164978408132896e+01
1.774139212760039186e+01
1.848530099127906823e+01
1.917135172907160268e+01
1.976745478356950514e+01
2.024507094061672774e+01
2.058285499698625998e+01
2.076949021324875488e+01
2.080496517493481790e+01
2.069993417302423921e+01
2.047336104135918688e+01
2.014913338951504684e+01
1.975253792891065885e+01
1.930735448090053197e+01
1.883397533890867237e+01
1.834858048363805594e+01
1.786314284455501777e+01
1.738594371334288979e+01
1.692230796047868679e+01
1.647535588909613935e+01
1.604666040981904374e+01
1.563676803959223527e+01
1.524558447706366948e+01
1.487264545606360500e+01
1.451729928531811531e+01
1.417882578428565488e+01
1.385651173240281153e+01
1.354969792981747645e+01
1.325780861706797431e+01
1.298037064165094101e+01
1.271702734733627871e+01
1.246755051999255137e+01
1.223185265460556437e+01
1.201000114155314868e+01
1.180223557326318229e+01
1.160898914631395229e+01
1.143091500486278633e+01
1.126891827975934390e+01
1.112419446957623492e+01
1.099827462661899879e+01
1.089307748093659001e+01
1.081096806378388209e+01
1.075482145168983372e+01
1.072808877462985500e+01
1.073486040156545940e+01
1.077991797665056950e+01
1.086876245644186056e+01
1.100759926900254904e+01
1.120325414096867078e+01
1.146298440606743085e+01
1.179414192042076337e+01
1.220363763108216482e+01
1.269715894051905103e+01
1.327810631908661243e+01
1.394625436596614421e+01
1.469621406068382186e+01
1.551588162651971281e+01
1.638519558812190269e+01
1.727565236878023924e+01
1.815108521782249085e+01
1.897010278028242780e+01
1.969024295553397153e+01
2.027334463526321784e+01
2.069104379603202659e+01
2.092895969591949168e+01
2.098832847325718376e+01
2.088460063839486835e+01
2.064353322330769558e+01
2.029607339076827799e+01
1.987349188041087089e+01
1.940380396238091265e+01
1.890984103228512936e+01
1.840876925293778044e+01
1.791257289175036860e+01
1.742900596536889779e+01
1.696264503354954556e+01
1.651583438336766108e+01
1.608944013424429187e+01
1.568340615103690538e+01
1.529714060275845000e+01
1.492977249284203722e+01
1.458031511722901463e+01
1.424776622637349810e+01
1.393116688003321890e+01
1.362963433916244327e+01
1.334237928545814356e+01
1.306871407145112052e+01
1.280805627350002496e+01
1.255993022984512031e+01
1.232396823496039673e+01
1.209991243576062381e+01
1.188761809882480769e+01
1.168705869880878900e+01
1.149833315571278014e+01
1.132167548227721277e+01
1.115746706503969499e+01
1.100625177348388561e+01
1.086875405479335832e+01
1.074590011123117428e+01
1.063884215580812054e+01
1.054898557901648104e+01
1.047801860940089114e+01
1.042794368187936271e+01
1.040110920152092788e+01
1.040023966218617701e+01
1.042846110059886300e+01
1.048931759090936033e+01
1.058677288033369202e+01
1.072518933425561904e+01
1.090927416511442161e+01
1.114398063910725689e+01
1.143434993379704423e+01
1.178527814446308675e+01
1.220119350144663706e+01
1.268563239788058716e+01
1.324071084946785248e+01
1.386650207465273787e+01
1.456035210016342418e+01
1.531619347944790555e+01
1.612394975988317825e+01
1.696915409506160444e+01
1.783292414103055989e+01
1.869242883838210645e+01
1.952193812600225087e+01
2.029445807127378387e+01
2.098382941017690584e+01
2.156703373519424360e+01
2.202635062259303567e+01
2.235098470367390533e+01
2.253785901671705716e+01
2.259143873500381616e+01
2.252265861385691181e+01
2.234721033418840008e+01
2.208354588244743866e+01
2.175094954408041303e+01
2.136794359990653547e+01
2.095116568564969128e+01
2.051473453933864377e+01
2.007003495686512196e+01
1.962581071818158307e+01
1.918844889831845890e+01
1.876235643382792873e+01
1.835035662572093429e+01
1.795406000678372749e+01
1.757418580381571616e+01
1.721082564344852273e+01
1.686365072494397666e+01
1.653206876515002932e+01
1.621533905328703185e+01
1.591265413964798014e+01
1.562319589326829572e+01
1.534617246571259308e+01
1.508084142496612934e+01
1.482652314913411296e+01
1.458260756847909612e+01
1.434855653319540636e+01
1.412390345068125619e+01
1.390825135475850516e+01
1.370127021197802186e+01
1.350269401013310500e+01
1.331231798835203683e+01
1.312999623782097025e+01
1.295563981244170648e+01
1.278921542812387635e+01
1.263074478930959721e+01
1.248030455528307314e+01
1.233802694204687533e+01
1.220410094450449634e+01
1.207877415571959290e+01
1.196235515309277275e+01
1.185521641378891999e+01
1.175779771230344828e+01
1.167060994045700539e+01
1.159423927319332748e+01
1.152935158115794856e+01
1.147669696195102240e+01
1.143711422492078711e+01
1.141153511810944998e+01
1.140098802921743193e+01
1.140660082407368670e+01
1.142960240522600301e+01
1.147132247954271556e+01
1.153318891762644682e+01
1.161672197113077409e+01
1.172352449032336708e+01
1.185526715956473964e+01
1.201366765223364652e+01
1.220046251275429228e+01
1.241737052066861224e+01
1.266604630499046991e+01
1.294802308753741471e+01
1.326464367867932914e+01
1.361697926949549853e+01
1.400573620329770641e+01
1.443115180485161808e+01
1.489288152221516093e+01
1.538988109383960712e+01
1.592028915312445214e+01
1.648131752975946540e+01
1.706915833871073929e+01
1.767891852332883573e+01
1.830459352532190564e+01
1.893909182706673988e+01
1.957432088245872848e+01
2.020134212046115607e+01
2.081059812965936828e+01
2.139220892792510398e+01
2.193632683692022312e+01
2.243353172122539974e+01
2.287524131905604818e+01
2.325410633124747051e+01
2.356435799569056755e+01
2.380207782831284646e+01
2.396536521298302702e+01
2.405438798026090552e+01
2.407131274184597913e+01
2.402012379532534325e+01
2.390635003849625306e+01
2.373672699288012566e+01
2.351882480854788682e+01
2.326067284758019227e+01
2.297040767582317145e+01
2.265596508989760949e+01
2.232482943877243997e+01
2.198384616693150662e+01
2.163909713523879219e+01
2.129583342120927725e+01
2.095845715157549094e+01
2.063054237455044770e+01
2.031488474960697133e+01
2.001357055077247438e+01
1.972805677860380413e+01
1.945925574279860726e+01
1.920761907570167892e+01
1.897321761049087030e+01
1.875581481974196052e+01
1.855493252682014926e+01
1.836990837696435008e+01
1.819994511155667993e+01
1.804415206285723272e+01
1.790157951501888078e+01
1.777124669591313832e+01
1.765216420397703700e+01
1.754335166012866765e+01
1.744385132645020775e+01
1.735273836549004045e+01
1.726912833721477014e+01
1.719218245205237139e+01
1.712111102277329167e+01
1.705517548794574623e+01
1.699368931682912987e+01
1.693601805037521757e+01
1.688157868543228446e+01
1.682983856886572838e+01
1.678031393448820907e+01
1.673256818770587273e+01
1.668621001988756447e+01
1.664089141592743459e+01
1.659630560362659324e+01
1.655218498175914732e+01
1.650829905447510981e+01
1.646445239255960757e+01
1.642048263661274277e+01
1.637625855309589085e+01
1.633167815112138044e+01
1.628666686560405097e+01
1.624117581074830596e+01
1.619518010665210994e+01
1.614867728094014510e+01
1.610168574668897179e+01
1.605424335739621000e+01
1.600640603931147155e+01
1.595824650104157882e+01
1.590985301993213774e+01
1.586132830428711493e+01
1.581278843000075973e+01
1.576436184963120191e+01
1.571618847133553842e+01
1.566841880440854951e+01
1.562121316741926513e+01
1.557474095412053394e+01
1.552917995141565299e+01
1.548471570270204012e+01
1.544154090887366060e+01
1.539985485814952426e+01
1.535986287470342404e+01
1.532177577479840203e+01
1.528580931777787910e+01
1.525218363783518960e+01
1.522112264097923351e+01
1.519285335004536819e+01
1.516760517898345384e+01
1.514560911601392412e+01
1.512709679361364756e+01
1.511229942172634644e+01
1.510144655915454059e+01
1.509476469686913980e+01
1.509247562608067383e+01
1.509479456349163762e+01
1.510192800636203891e+01
1.511407129107156067e+01
1.513140583098718039e+01
1.515409601291201014e+01
1.518228573649547108e+01
1.521609458804323367e+01
1.525561364950199916e+01
1.530090095532262318e+01
1.535197662470102564e+01
1.540881771456378857e+01
1.547135285969188878e+01
1.553945679048152861e+01
1.561294484571652141e+01
1.569156762677136818e+01
1.577500596992019233e+01
1.586286644352460762e+01
1.595467760499309051e+01
1.604988727626783174e+01
1.614786111350370135e+01
1.624788275353532185e+01
1.634915581350487557e+01
1.645080799756238576e+01
1.655189752319425978e+01
1.665142201764979646e+01
1.674832995154333659e+01
1.684153457312410040e+01
1.692993018608528288e+01
1.701241048154549418e+01
1.708788849864303572e+01
1.715531765764669814e+01
1.721371319553405144e+01
1.726217324792006025e+01
1.729989877350971383e+01
1.732621151622030808e+01
1.734056925067281085e+01
1.734257765935309692e+01
1.733199833987460181e+01
1.730875262898781131e+01
1.727292114263438805e+01
1.722473915193767979e+01
1.716458812600799533e+01
1.709298395721212671e+01
1.701056252933004131e+01
1.691806338432806456e+01
1.681631228503103515e+01
1.670620345982188937e+01
1.658868225746492087e+01
1.646472884473996601e+01
1.633534345851314740e+01
1.620153358955780476e+01
1.606430333955248813e+01
1.592464506507210409e+01
1.578353331038751683e+01
1.564192093903784020e+01
1.550073730427527074e+01
1.536088825009863079e+01
1.522325770536352252e+01
1.508871061981465189e+01
1.495809698856142766e+01
1.483225671600028939e+01
1.471202507706100882e+01
1.459823853881744071e+01
1.449174070528072100e+01
1.439338813937449402e+01
1.430405579593068666e+01
1.422464176575688910e+01
1.415607098163478206e+01
1.409929747136872358e+01
1.405530466046495519e+01
1.402510312876644782e+01
1.400972511447291069e+01
1.401021494143511958e+01
1.402761443154699528e+01
1.406294226916878465e+01
1.411716623168561924e+01
1.419116722111175832e+01
1.428569416731896347e+01
1.440130917458909465e+01
1.453832280714711445e+01
1.469672021409487606e+01
1.487607992700277570e+01
1.507548864324135351e+01
1.529345710129021008e+01
1.552784414555752157e+01
1.577579804258169638e+01
1.603372569501012634e+01
1.629730113117985013e+01
1.656152398238264212e+01
1.682083608764341065e+01
1.706929957433947465e+01
1.730083283005966166e+01
1.750949234497416640e+01
1.768977972629633655e+01
1.783694602456367306e+01
1.794726175983040051e+01
1.801822218552500132e+01
1.804866390293173950e+01
1.803878013904710542e+01
1.799003574596846633e+01
1.790499642328891738e+01
1.778709701145117705e+01
1.764037903652537409e+01
1.746922746926484749e+01
1.727813174342425739e+01
1.707148825308945206e+01
1.685345289147306502e+01
1.662784446002535077e+01
1.639809404978719698e+01
1.616723212727088566e+01
1.593790382170231013e+01
1.571240326452003089e+01
1.549271914613040835e+01
1.528058537661827643e+01
1.507753246677719439e+01
1.488493674545955159e+01
1.470406569316944534e+01
1.453611848417635244e+01
1.438226132449033301e+01
1.424365740546537928e+01
1.412149131905257704e+01
1.401698764991544444e+01
1.393142321107397130e+01
1.386613205498143309e+01
1.382250199937726265e+01
1.380196098869529031e+01
1.380595121013464066e+01
1.383588856124826982e+01
1.389310491378538437e+01
1.397877076238335015e+01
1.409379644983318336e+01
1.423871141660177564e+01
1.441352303146984148e+01
1.461755968219889290e+01
1.484930698103603142e+01
1.510625098372803521e+01
1.538474769608622772e+01
1.567994286015940908e+01
1.598576861692365370e+01
1.629504236931093786e+01
1.659968634958683253e+01
1.689107311355297725e+01
1.716048305784170225e+01
1.739963782534502812e+01
1.760125296838871733e+01
1.775954044626655204e+01
1.787059163492365599e+01
1.793258671028409879e+01
1.794580420872343751e+01
1.791243861833043383e+01
1.783626515413195079e+01
1.772221156645512963e+01
1.757590286196490581e+01
1.740323695131149151e+01
1.721003206062178847e+01
1.700176636190804658e+01
1.678341200545461831e+01
1.655935273045742306e+01
1.633336729649654018e+01
1.610865922200606803e+01
1.588791505159263018e+01
1.567337688364061599e+01
1.546691884582750376e+01
1.527012079205216288e+01
1.508433533513251490e+01
1.491074635280606664e+01
1.475041840268490922e+01
1.460433721198693746e+01
1.447344173138967705e+01
1.435864829629492512e+01
1.426086732792107092e+01
1.418101280619671201e+01
1.412000450933941487e+01
1.407876277996991021e+01
1.405819537638913808e+01
1.405917583083236089e+01
1.408251269760422986e+01
1.412890917145247371e+01
1.419891283346814959e+01
1.429285578262075695e+01
1.441078617429312736e+01
1.455239323391287165e+01
1.471692913134241820e+01
1.490313262428098362e+01
1.510916096805657105e+01
1.533253802008897360e+01
1.557012742998680466e+01
1.581813993111542160e+01
1.607218266590228950e+01
1.632735590624270827e+01
1.657839840068209725e+01
1.681987713815497187e+01
1.704641119135444427e+01
1.725291346836943518e+01
1.743482983130047259e+01
1.758835323468273515e+01
1.771059200267352907e+01
1.779967615332385122e+01
1.785479308402194221e+01
1.787615261636543451e+01
1.786488972609771864e+01
1.782291975495990854e+01
1.775276453286566536e+01
1.765736836199923587e+01
1.753992064387946215e+01
1.740369794528519165e+01
1.725193354090880504e+01
1.708771787013115429e+01
1.691392954973802176e+01
1.673319390721157518e+01
1.654786446497051244e+01
1.636002224522225035e+01
1.617148791677898245e+01
1.598384239788703098e+01
1.579845233163400309e+01
1.561649769331071980e+01
1.543899956517197936e+01
1.526684676821280995e+01
1.510082055501624154e+01
1.494161694796061113e+01
1.478986657088239021e+01
1.464615199197759843e+01
1.451102269337457606e+01
1.438500782781975396e+01
1.426862693105564617e+01
1.416239874185497705e+01
1.406684824922202992e+01
1.398251204433407935e+01
1.390994200782701284e+01
1.384970731419968182e+01
1.380239468683303450e+01
1.376860679148533428e+01
1.374895861526479557e+01
1.374407164445161023e+01
1.375456563114160069e+01
1.378104772920440446e+01
1.382409878893474264e+01
1.388425663217716810e+01
1.396199619128643121e+01
1.405770649184030319e+01
1.417166459585558869e+01
1.430400680330402352e+01
1.445469763637550642e+01
1.462349740062606074e+01
1.480992942178393612e+01
1.501324838141507989e+01
1.523241149545009243e+01
1.546605456458954642e+01
1.571247513465723600e+01
1.596962509226211147e+01
1.623511493965263597e+01
1.650623170069955492e+01
1.677997187935241641e+01
1.705309011701078603e+01
1.732216320098808282e+01
1.758366792342156870e+01
1.783407007537394762e+01
1.806992071060840388e+01
1.828795486911403145e+01
1.848518734865202973e+01
1.865899996201227395e+01
1.880721507687823646e+01
1.892815109726753064e+01
1.902065683346962643e+01
1.908412328270545899e+01
1.911847302591547759e+01
1.912412904550631154e+01
1.910196611152634816e+01
1.905324884137142405e+01
1.897956104366322450e+01
1.888273100839599294e+01
1.876475705799164828e+01
1.862773702334625625e+01
1.847380447114510815e+01
1.830507359961229596e+01
1.812359383970078497e+01
1.793131442237379147e+01
1.773005854604999243e+01
1.752150632025374932e+01
1.730718536868218393e+01
1.708846782846699952e+01
1.686657245479834444e+01
1.664257060066762861e+01
1.641739496083666694e+01
1.619185012166719417e+01
1.596662412372142725e+01
1.574230040706351197e+01
1.551936965993848361e+01
1.529824122415421073e+01
1.507925382246622981e+01
1.486268546432214954e+01
1.464876245775105446e+01
1.443766750916321229e+01
1.422954693194281539e+01
1.402451701162915576e+01
1.382266959270268991e+01
1.362407696176819272e+01
1.342879610618120978e+01
1.323687242748756887e+01
1.304834298671556958e+01
1.286323935457298795e+01
1.268159013471269958e+01
1.250342322299995246e+01
1.232876786054020002e+01
1.215765653338389463e+01
1.199012676749383743e+01
1.182622286385120880e+01
1.166599761554695647e+01
1.150951404637828368e+01
1.135684720884351684e+01
1.120808607848347016e+01
1.106333558122287286e+01
1.092271879068202978e+01
1.078637933330898235e+01
1.065448404056937548e+01
1.052722588925584546e+01
1.040482727315505507e+01
1.028754365172767571e+01
1.017566762397041025e+01
1.006953347804804899e+01
9.969522269353948474e+00
9.876067481041459928e+00
9.789661321320400234e+00
9.710861710343566600e+00
9.640300005549834239e+00
9.578689506885169180e+00
9.526834771107521860e+00
9.485641745759865628e+00
9.456128706302505904e+00
9.439437941753844541e+00
9.436848081822542866e+00
9.449786888070548230e+00
9.479844238535536149e+00
9.528784914121358085e+00
9.598560639906910552e+00
9.691320638807599863e+00
9.809419712141863812e+00
9.955422565623935682e+00
1.013210274591593318e+01
1.034243414145820417e+01
1.058957253728910963e+01
1.087682421206283934e+01
1.120759805597063163e+01
1.158533722059443782e+01
1.201342596297556398e+01
1.249506722803007719e+01
1.303312677836910538e+01
1.362994052465413652e+01
1.428708336795812528e+01
1.500510059517498540e+01
1.578320691155757061e+01
1.661896371569643449e+01
1.750795221530815482e+01
1.844346814710412374e+01
1.941627247016262459e+01
2.041444017052292637e+01
2.142335437594386605e+01
2.242589298678911547e+01
2.340284750295389671e+01
2.433359668289626754e+01
2.519703048116902622e+01
2.597268401873953181e+01
2.664200168514803124e+01
2.718961519015974204e+01
2.760449543975563103e+01
2.788083483933062112e+01
2.801853888261724279e+01
2.802325263515954390e+01
2.790591122285828973e+01
2.768187073653209040e+01
2.736973249225015081e+01
2.699000757663441163e+01
2.656377457660316566e+01
2.611146332127420067e+01
2.565185933739088497e+01
2.520137833676875161e+01
2.477361754187789700e+01
2.437915799807980832e+01
2.402557217761041031e+01
2.371758360676562916e+01
2.345732718827735752e+01
2.324466677229339595e+01
2.307753701510223721e+01
2.295228712241016922e+01
2.286401312216660031e+01
2.280687210365440976e+01
2.277437625702274460e+01
2.275966679392164949e+01
2.275576836984222595e+01
2.275582398657695293e+01
2.275330905934572812e+01
2.274222187917139237e+01
2.271724650802384815e+01
2.267388353489187836e+01
2.260854429490322204e+01
2.251860516911358800e+01
2.240242035195868908e+01
2.225929377827366196e+01
2.208941342995460033e+01
2.189375364169644556e+01
2.167395296581684505e+01
2.143217638690854088e+01
2.117097106535317153e+01
2.089312433477400432e+01
2.060153150306581082e+01
2.029907931745840699e+01
1.998854900072528551e+01
1.967254079399473810e+01
1.935342015714487474e+01
1.903328432333231390e+01
1.871394685326649210e+01
1.839693719757123702e+01
1.808351201339312908e+01
1.777467502495089491e+01
1.747120248410163157e+01
1.717367169382790593e+01
1.688249053239507447e+01
1.659792640141212772e+01
1.632013347627814426e+01
1.604917753705860761e+01
1.578505798914849834e+01
1.552772694335761194e+01
1.527710541822447254e+01
1.503309686140259238e+01
1.479559827178480091e+01
1.456450924998204499e+01
1.433973932162290410e+01
1.412121387430951813e+01
1.390887903216280819e+01
1.370270576746547775e+01
1.350269352134830925e+01
1.330887357794346748e+01
1.312131241111615410e+01
1.294011520113152613e+01
1.276542970111556485e+01
1.259745062011330319e+01
1.243642468070891738e+01
1.228265650396699726e+01
1.213651547195370561e+01
1.199844371698690715e+01
1.186896538525392053e+01
1.174869731810000495e+01
1.163836128384676449e+01
1.153879787199655027e+01
1.145098212409234328e+01
1.137604091322453748e+01
1.131527198639405185e+01
1.127016443642639132e+01
1.124242015448553467e+01
1.123397550721604077e+01
1.124702205568256019e+01
1.128402455321939968e+01
1.134773368948320815e+01
1.144119005273361012e+01
1.156771453486874535e+01
1.173087890022727997e+01
1.193444852166736325e+01
1.218228747822602109e+01
1.247821455835746995e+01
1.282579766113174635e+01
1.322807432977467279e+01
1.368718868830667468e+01
1.420394118395183902e+01
1.477725873734695483e+01
1.540361046369615572e+01
1.607641850149410345e+01
1.678554325159870686e+01
1.751695293999402026e+01
1.825271016072275287e+01
1.897141013646390206e+01
1.964917237917005366e+01
2.026120873546129886e+01
2.078386827260411707e+01
2.119691503437925562e+01
2.148567170851269381e+01
2.164261431071421171e+01
2.166807023069556237e+01
2.156985465888462272e+01
2.136192752701648345e+01
2.106237918102234019e+01
2.069117812355347752e+01
2.026810343842278428e+01
1.981116155453820227e+01
1.933561447455031868e+01
1.885359022074731428e+01
1.837414652234298629e+01
1.790362327293977529e+01
1.744613239245075675e+01
1.700407190096020571e+01
1.657859427619490944e+01
1.616999566740658878e+01
1.577801794819743009e+01
1.540207037558969105e+01
1.504138435052334621e+01
1.469511633698228437e+01
1.436241276030970759e+01
1.404244829006216655e+01
1.373444627742418334e+01
1.343768774330462179e+01
1.315151338375866175e+01
1.287532159337317417e+01
1.260856444766038820e+01
1.235074285016468387e+01
1.210140155777142112e+01
1.186012447963524608e+01
1.162653044732982188e+01
1.140026953649637775e+01
1.118101995533076654e+01
1.096848548354134500e+01
1.076239343431212347e+01
1.056249311330357266e+01
1.036855475796974702e+01
1.018036895475763970e+01
9.997746549818634421e+00
9.820519090427746178e+00
9.648539859813523023e+00
9.481685598556062189e+00
9.319859042628973356e+00
9.162992453581699337e+00
9.011052372905087537e+00
8.864045903607783217e+00
8.722028911589518430e+00
8.585116652639232626e+00
8.453497474042558579e+00
8.327450420308066370e+00
8.207367799073049142e+00
8.093784045418800588e+00
7.987412570383638055e+00
7.889192700729648067e+00
7.800349315705791042e+00
7.722468355988601374e+00
7.657591993041923395e+00
7.608337839126046553e+00
7.578047018666881129e+00
7.570965969330719858e+00
7.592466073653098668e+00
7.649302931949835127e+00
7.749912135608854058e+00
7.904729030554298319e+00
8.126503606517811562e+00
8.430554831552395711e+00
8.834867331119324874e+00
9.359873590355327622e+00
1.002768650215475610e+01
1.086045926939713802e+01
1.187748196454812977e+01
1.309064184016733634e+01
1.449809261255306403e+01
1.607655206967757522e+01
1.777370124971655230e+01
1.950359655507028123e+01
2.114922309394750144e+01
2.257602871911620923e+01
2.365700475328299035e+01
2.430353443100574040e+01
2.448997717323154433e+01
2.425952430017716210e+01
2.370735479075670682e+01
2.294965708666615356e+01
2.209369805536187314e+01
2.122010565464718468e+01
2.037911166649727335e+01
1.959579979018827700e+01
1.887831600683349720e+01
1.822521451059618869e+01
1.763060125142607149e+01
1.708718813863840680e+01
1.658785814215580956e+01
1.612632850856130418e+01
1.569733181232950514e+01
1.529657077754291983e+01
1.492058670551883459e+01
1.456661062398774753e+01
1.423242722377114156e+01
1.391626179069595715e+01
1.361669113621984195e+01
1.333257584562274189e+01
1.306301014212638023e+01
1.280728581204123451e+01
1.256486720871010476e+01
1.233537500946683885e+01
1.211857699891498896e+01
1.191438464800939201e+01
1.172285464775393571e+01
1.154419484987003663e+01
1.137877427806143338e+01
1.122713701286275523e+01
1.109001982529295915e+01
1.096837343772922324e+01
1.086338721526245443e+01
1.077651691991250615e+01
1.070951486733930302e+01
1.066446137573361241e+01
1.064379574508129700e+01
1.065034410052376401e+01
1.068734022243285509e+01
1.075843392231850437e+01
1.086767958818089497e+01
1.101949525208349456e+01
1.121858006542834829e+01
1.146977570892182285e+01
1.177785556670000311e+01
1.214722534145628785e+01
1.258152145431066238e+01
1.308310070012800175e+01
1.365242802218761931e+01
1.428739040797548476e+01
1.498259405189196336e+01
1.572873684483768386e+01
1.651218279282733903e+01
1.731488823501835128e+01
1.811482689779990451e+01
1.888701689363942648e+01
1.960515972127500106e+01
2.024376689346984648e+01
2.078050344988658082e+01
2.119836722905713344e+01
2.148729871923583445e+01
2.164490646754011038e+01
2.167618227838290323e+01
2.159230986183097656e+01
2.140886173675377790e+01
2.114377109092604812e+01
2.081544164322110291e+01
2.044124898560406223e+01
2.003654508148298774e+01
1.961415309778965366e+01
1.918426009840459656e+01
1.875458382350470643e+01
1.833069483500446140e+01
1.791640000167550184e+01
1.751412355218167605e+01
1.712524908552303771e+01
1.675040634690627428e+01
1.638969990779028763e+01
1.604288439745722172e+01
1.570949433098954984e+01
1.538893741170122453e+01
1.508055961810644519e+01
1.478368918910021357e+01
1.449766525699451769e+01
1.422185558999031940e+01
1.395566680043396346e+01
1.369854948138199013e+01
1.345000004009539474e+01
1.320956047455301174e+01
1.297681695500645738e+01
1.275139779603695267e+01
1.253297120910202622e+01
1.232124308991336648e+01
1.211595500270279224e+01
1.191688246211924529e+01
1.172383357402818760e+01
1.153664807224927102e+01
1.135519677455800824e+01
1.117938147477762101e+01
1.100913528619397397e+01
1.084442345325487089e+01
1.068524465248411204e+01
1.053163280901460652e+01
1.038365946161515829e+01
1.024143671618419837e+01
1.010512083511550330e+01
9.974916517428747298e+00
9.851081931795194535e+00
9.733934571193394447e+00
9.623858003395579175e+00
9.521309595128139236e+00
9.426829288643906679e+00
9.341049506347793852e+00
9.264706250381555819e+00
9.198651447535073800e+00
9.143866562709126455e+00
9.101477462828775344e+00
9.072770453090031495e+00
9.059209323133149638e+00
9.062453125393503228e+00
9.084374253444652325e+00
9.127076185372676065e+00
9.192909995917295518e+00
9.284488410742493869e+00
9.404695766959633829e+00
9.556691748694555955e+00
9.743906183266510368e+00
9.970021520257198233e+00
1.023893889572784310e+01
1.055472295373633251e+01
1.092151993676935362e+01
1.134344308945716584e+01
1.182441932472393376e+01
1.236799162008012587e+01
1.297707304892676028e+01
1.365365106043554810e+01
1.439844496302823629e+01
1.521052583504086186e+01
1.608691638997640183e+01
1.702219842073021638e+01
1.800816655223351503e+01
1.903357763874536346e+01
2.008405293684264592e+01
2.114219216224650566e+01
2.218795143270783754e+01
2.319931820430990754e+01
2.415328462629602768e+01
2.502707819742554918e+01
2.579956086868576648e+01
2.645266401470416540e+01
2.697269812117952981e+01
2.735137264513278055e+01
2.758638862337354070e+01
2.768152202815864626e+01
2.764618931321456330e+01
2.749456211528207561e+01
2.724435884226034688e+01
2.691547443359948844e+01
2.652861143601428751e+01
2.610404971602478597e+01
2.566064873121443668e+01
2.521512749097429307e+01
2.478162364592483868e+01
2.437150107066569404e+01
2.399335695704676752e+01
2.365317346772399532e+01
2.335456214813466858e+01
2.309905781768013711e+01
2.288642930881138682e+01
2.271498487964450774e+01
2.258185904564104618e+01
2.248327439821738594e+01
2.241477667266127938e+01
2.237144416152964865e+01
2.234807393525237629e+01
2.233934763948265712e+01
2.233997926132265022e+01
2.234484650606117029e+01
2.234910655029684534e+01
2.234829612349344785e+01
2.233841525013651363e+01
2.231599364018151377e+01
2.227813868105162953e+01
2.222256425188999884e+01
2.214760010467153606e+01
2.205218226250529057e+01
2.193582567984711318e+01
2.179858119319160537e+01
2.164097947170239067e+01
2.146396518085359162e+01
2.126882485041232229e+01
2.105711197297655346e+01
2.083057266207424973e+01
2.059107480529847578e+01
2.034054311075247767e+01
2.008090182491883624e+01
1.981402625722418520e+01
1.954170363397090426e+01
1.926560326290482550e+01
1.898725554634100732e+01
1.870803904834247078e+01
1.842917460059048551e+01
1.815172531352654417e+01
1.787660132904234445e+01
1.760456819014304486e+01
1.733625779258139232e+01
1.707218100558376506e+01
1.681274118796418549e+01
1.655824796963907630e+01
1.630893080743697254e+01
1.606495195170982981e+01
1.582641857271247687e+01
1.559339389120519215e+01
1.536590723599498709e+01
1.514396301300738479e+01
1.492754861751842554e+01
1.471664135530641282e+01
1.451121446177783447e+01
1.431124232262682128e+01
1.411670500720666510e+01
1.392759222822249576e+01
1.374390684005477148e+01
1.356566798420686482e+01
1.339291398501279851e+01
1.322570509260098603e+01
1.306412616374824864e+01
1.290828936506451186e+01
1.275833697715968640e+01
1.261444437316327516e+01
1.247682324017520195e+01
1.234572510778801657e+01
1.222144524348399663e+01
1.210432697009871816e+01
1.199476645513640172e+01
1.189321801483547958e+01
1.180019996662608683e+01
1.171630105085677265e+01
1.164218742495268621e+01
1.157861020868763546e+01
1.152641352574721978e+01
1.148654294144518495e+01
1.146005413594694389e+01
1.144812157261597463e+01
1.145204681742541020e+01
1.147326603245826782e+01
1.151335599863308978e+01
1.157403781420272004e+01
1.165717716124965264e+01
1.176477972917872350e+01
1.189898003259522064e+01
1.206202146777403783e+01
1.225622503399807783e+01
1.248394373510572386e+01
1.274749932541219444e+01
1.304909785362105090e+01
1.339072050446007367e+01
1.377398669709993762e+01
1.419998746941172385e+01
1.466908908688879443e+01
1.518070979971638934e+01
1.573307692248272183e+01
1.632297699554560211e+01
1.694551853415613252e+01
1.759393423415874835e+01
1.825945642495147681e+01
1.893130440135455572e+01
1.959682287043644422e+01
2.024180475029177728e+01
2.085101698477949839e+01
2.140892420249220152e+01
2.190057351609066316e+01
2.231256902866372727e+01
2.263403399389967774e+01
2.285744084399000542e+01
2.297919215694541961e+01
2.299986263315619439e+01
2.292406034097342271e+01
2.275992516925022002e+01
2.251833959426819831e+01
2.221196773664713575e+01
2.185425433834233999e+01
2.145850445835118947e+01
2.103713343075634157e+01
2.060113539080973055e+01
2.015977827769937747e+01
1.972050163411019952e+01
1.928897441325592155e+01
1.886926309759589415e+01
1.846406292494411971e+01
1.807495318987735899e+01
1.770264803353855854e+01
1.734722438101081821e+01
1.700831731443572181e+01
1.668527963494696920e+01
1.637730670025718993e+01
1.608353016690940152e+01
1.580308546189963259e+01
1.553515808682209887e+01
1.527901357425512074e+01
1.503401533597507367e+01
1.479963394714579294e+01
1.457545071345487919e+01
1.436115773280608465e+01
1.415655611895307686e+01
1.396155360890941921e+01
1.377616242385141554e+01
1.360049798262595289e+01
1.343477886313971403e+01
1.327932825449367904e+01
1.313457702690204698e+01
1.300106845324501315e+01
1.287946453239131372e+01
1.277055377745737808e+01
1.267526022913651573e+01
1.259465332171108898e+01
1.252995805286130171e+01
1.248256467211021992e+01
1.245403678978907358e+01
1.244611640168031563e+01
1.246072380884326591e+01
1.249994977826805886e+01
1.256603654112501012e+01
1.266134338735085585e+01
1.278829175147741815e+01
1.294928391557451874e+01
1.314658898287490096e+01
1.338218990813822984e+01
1.365758653982347326e+01
1.397355238522245457e+01
1.432984777103392560e+01
1.472489979458121745e+01
1.515547019796054151e+01
1.561634563041646828e+01
1.610009914404541220e+01
1.659698409738528468e+01
1.709502716706681014e+01
1.758038006226328775e+01
1.803796452942417261e+01
1.845240031821787596e+01
1.880914530684820818e+01
1.909571356309352197e+01
1.930279022556617008e+01
1.942505216411378655e+01
1.946154258038990648e+01
1.941553167948493552e+01
1.929390169812539213e+01
1.910618982638008845e+01
1.886347748709384220e+01
1.857731610056034910e+01
1.825883547878534330e+01
1.791811328210071608e+01
1.756381707086652000e+01
1.720308162519007666e+01
1.684155946642539803e+01
1.648357880912248774e+01
1.613235292852622393e+01
1.579020035962445689e+01
1.545875081064752443e+01
1.513912419937736153e+01
1.483207892753522117e+01
1.453813075103389529e+01
1.425764623471892456e+01
1.399091569498181897e+01
1.373821046025485515e+01
1.349982872536703837e+01
1.327613355306852227e+01
1.306758585178326726e+01
1.287477450408864321e+01
1.269844524870500635e+01
1.253952940994989262e+01
1.239917308416529451e+01
1.227876688279316575e+01
1.217997573838365888e+01
1.210476753715056830e+01
1.205543837747956459e+01
1.203463099278602044e+01
1.204534125012112611e+01
1.209090559852944224e+01
1.217495990748382617e+01
1.230135743348788857e+01
1.247403100539034781e+01
1.269678255410176781e+01
1.297298288670983446e+01
1.330516770193201204e+01
1.369452436294863773e+01
1.414028023613841967e+01
1.463902935923326787e+01
1.518406990189639316e+01
1.576486662737542233e+01
1.636679075841478337e+01
1.697130781398916355e+01
1.755676099740315266e+01
1.809981536206588615e+01
1.857748371238458063e+01
1.896947531855267499e+01
1.926045160283358015e+01
1.944171298966555739e+01
1.951193039962994646e+01
1.947676516213930853e+01
1.934751316935009058e+01
1.913914749160347384e+01
1.886822939025660162e+01
1.855109471135634180e+01
1.820255662321618217e+01
1.783518118114468365e+01
1.745905508516212379e+01
1.708189961578747074e+01
1.670938035129042731e+01
1.634549284078138243e+01
1.599294556507114073e+01
1.565349815521306631e+01
1.532823904177617003e+01
1.501780243579354313e+01
1.472253228368664857e+01
1.444260347285332102e+01
1.417811040947776391e+01
1.392913168891450226e+01
1.369577782100482466e+01
1.347822729781935536e+01
1.327675487066233728e+01
1.309175476550617390e+01
1.292376067499707126e+01
1.277346366129288135e+01
1.264172852490973042e+01
1.252960868354811197e+01
1.243835911258351601e+01
1.236944638495883986e+01
1.232455428085493665e+01
1.230558279563531876e+01
1.231463765181118575e+01
1.235400663271761879e+01
1.242611825043964657e+01
1.253347753345813942e+01
1.267857322953829957e+01
1.286375070588415959e+01
1.309104562093179069e+01
1.336197545234702311e+01
1.367728964800524061e+01
1.403668492459671491e+01
1.443850026234557227e+01
1.487941617380588255e+01
1.535419386424213251e+01
1.585549997003105460e+01
1.637386862920675767e+01
1.689785094701393930e+01
1.741438887549225711e+01
1.790942417477051407e+01
1.836871488482789871e+01
1.877878765928742411e+01
1.912791485671662528e+01
1.940698290234016099e+01
1.961012319538901139e+01
1.973501169354368656e+01
1.978280143841799443e+01
1.975771851399683499e+01
1.966640810091929836e+01
1.951714921951281667e+01
1.931905923278634418e+01
1.908138670426960815e+01
1.881295464044434240e+01
1.852177760739368040e+01
1.821484482961831830e+01
1.789804147105446219e+01
1.757617182446243476e+01
1.725304840582856869e+01
1.693161643791963300e+01
1.661409079813671497e+01
1.630209005106610931e+01
1.599675852820672795e+01
1.569887215578431849e+01
1.540892692860171920e+01
1.512721086385444735e+01
1.485386128045235843e+01
1.458890964290011638e+01
1.433231622567959640e+01
1.408399666693600594e+01
1.384384220279102884e+01
1.361173507486296330e+01
1.338756032159204423e+01
1.317121491666776656e+01
1.296261501101902347e+01
1.276170186751257418e+01
1.256844694547246100e+01
1.238285648990114574e+01
1.220497590225843787e+01
1.203489411068401438e+01
1.187274811313105616e+01
1.171872783317748201e+01
1.157308140204725255e+01
1.143612095881466928e+01
1.130822904140089591e+01
1.118986562149771657e+01
1.108157581469780517e+01
1.098399827051234467e+01
1.089787421304989579e+01
1.082405705904518456e+01
1.076352248241246734e+01
1.071737871987915014e+01
1.068687681643872800e+01
1.067342038792702752e+01
1.067857432643527105e+01
1.070407168826380939e+01
1.075181778034316160e+01
1.082389019805535035e+01
1.092253326705961491e+01
1.105014501125419812e+01
1.120925442350559464e+01
1.140248648154978817e+01
1.163251206980012675e+01
1.190197979893391533e+01
1.221342674176043630e+01
1.256916543285554511e+01
1.297114523995900193e+01
1.342078755065832674e+01
1.391879626895345012e+01
1.446494799078831583e+01
1.505786995657958016e+01
1.569481835838335115e+01
1.637147450532541271e+01
1.708178115905330685e+01
1.781784518753178048e+01
1.856993443957711420e+01
1.932659517400356108e+01
2.007491036285316355e+01
2.080090807652831231e+01
2.149011317443098079e+01
2.212821610207796041e+01
2.270181247858913665e+01
2.319915011607665534e+01
2.361081020844454414e+01
2.393024994999205290e+01
2.415414619618714198e+01
2.428250273642701984e+01
2.431851345738227010e+01
2.426820450240527194e+01
2.413990454753339776e+01
2.394360889467784759e+01
2.369030806050857763e+01
2.339134552038884252e+01
2.305785508790698657e+01
2.270031005185466455e+01
2.232819759144578953e+01
2.194981615362690874e+01
2.157218207349282224e+01
2.120102513369966957e+01
2.084085042993602599e+01
2.049504476820803589e+01
2.016600867529052721e+01
1.985529890346402837e+01
1.956377026560166499e+01
1.929170924340861859e+01
1.903895481216749275e+01
1.880500424152759464e+01
1.858910329905575409e+01
1.839032139610224448e+01
1.820761288966981084e+01
1.803986610243428146e+01
1.788594174403885617e+01
1.774470238908973840e+01
1.761503455042620203e+01
1.749586472280283189e+01
1.738617059099943063e+01
1.728498841603347813e+01
1.719141744449968812e+01
1.710462203477045406e+01
1.702383206206337007e+01
1.694834205225232893e+01
1.687750940054105797e+01
1.681075195386035404e+01
1.674754517297089862e+01
1.668741903962530415e+01
1.662995483377207862e+01
1.657478187388083413e+01
1.652157428847266019e+01
1.647004786752275507e+01
1.641995702744955210e+01
1.637109191199461833e+01
1.632327564267638209e+01
1.627636172605827269e+01
1.623023162031725874e+01
1.618479246014119255e+01
1.613997493651314130e+01
1.609573132621455827e+01
1.605203366470646742e+01
1.600887205528159996e+01
1.596625310690669686e+01
1.592419849290650014e+01
1.588274362251337202e+01
1.584193641726956159e+01
1.580183618428628911e+01
1.576251257840784348e+01
1.572404464538040081e+01
1.568651993817012347e+01
1.565003369860381888e+01
1.561468809651130307e+01
1.558059151852786783e+01
1.554785789866555135e+01
1.551660608268288399e+01
1.548695921817514254e+01
1.545904416217305766e+01
1.543299089788076905e+01
1.540893195200850663e+01
1.538700180396847195e+01
1.536733627801211632e+01
1.535007190920410380e+01
1.533534527396587066e+01
1.532329227579607256e+01
1.531404737670584559e+01
1.530774276491695574e+01
1.530450744948810993e+01
1.530446627279063776e+01
1.530773883218592069e+01
1.531443830290446684e+01
1.532467015503578622e+01
1.533853075875874872e+01
1.535610587352645418e+01
1.537746901892210438e+01
1.540267972737705371e+01
1.543178168194070565e+01
1.546480074585944564e+01
1.550174289489369173e+01
1.554259206809809335e+01
1.558730795820881809e+01
1.563582376879429603e+01
1.568804397186741895e+01
1.574384210662075212e+01
1.580305866717429453e+01
1.586549913450343396e+01
1.593093221476673449e+01
1.599908835273875418e+01
1.606965859456873247e+01
1.614229387817171713e+01
1.621660483171035239e+01
1.629216216031386466e+01
1.636849769787987796e+01
1.644510619402610985e+01
1.652144789559580573e+01
1.659695196729530764e+01
1.667102077695724205e+01
1.674303504771334872e+01
1.681235985243591102e+01
1.687835139588289834e+01
1.694036449809517464e+01
1.699776066008861264e+01
1.704991656136975919e+01
1.709623281008382634e+01
1.713614274256823578e+01
1.716912105157916102e+01
1.719469201313269124e+01
1.721243708205601664e+01
1.722200163678134999e+01
1.722310067482649387e+01
1.721552329129518455e+01
1.719913581239729794e+01
1.717388350257892782e+01
1.713979081496698242e+01
1.709696020770238434e+01
1.704556960042889102e+01
1.698586859286234585e+01
1.691817360842847506e+01
1.684286215836723244e+01
1.676036644404773668e+01
1.667116652684451950e+01
1.657578329586516830e+01
1.647477145485670036e+01
1.636871273209719391e+01
1.625820949276762306e+01
1.614387890420795557e+01
1.602634777266657196e+01
1.590624813762653034e+01
1.578421367827267119e+01
1.566087695755226505e+01
1.553686750359006474e+01
1.541281070654933671e+01
1.528932749159407578e+01
1.516703471526220603e+01
1.504654622286664178e+01
1.492847449782796332e+01
1.481343282926327909e+01
1.470203792074579852e+01
1.459491285986835329e+01
1.449269036400720090e+01
1.439601621138181287e+01
1.430555275702129769e+01
1.422198241945256036e+01
1.414601100469617379e+01
1.407837070839106985e+01
1.401982260352448684e+01
1.397115837940168781e+01
1.393320104647511393e+01
1.390680426121026692e+01
1.389284985572647280e+01
1.389224308000168229e+01
1.390590498301205180e+01
1.393476127852024504e+01
1.397972696952477811e+01
1.404168595466472702e+01
1.412146482688636162e+01
1.421980012161251139e+01
1.433729840643880848e+01
1.447438886010665904e+01
1.463126840142453133e+01
1.480784003418623307e+01
1.500364589918257252e+01
1.521779757777376396e+01
1.544890744925479886e+01
1.569502629341339173e+01
1.595359371199977083e+01
1.622140910387935975e+01
1.649463157955468162e+01
1.676881700136332043e+01
1.703899894695030781e+01
1.729981756195517306e+01
1.754569593325163268e+01
1.777105801924328432e+01
1.797057593555404864e+01
1.813942849171377603e+01
1.827354851483706710e+01
1.836983485898735680e+01
1.842630690006380334e+01
1.844218489713921727e+01
1.841788816396081430e+01
1.835495307774358409e+01
1.825588266476446009e+01
1.812394701639954064e+01
1.796295783088800846e+01
1.777704053159520470e+01
1.757042415573896932e+01
1.734726366237945072e+01
1.711150286230336093e+01
1.686678009173020243e+01
1.661637391975543210e+01
1.636318300348342092e+01
1.610973267102253104e+01
1.585820062493192850e+01
1.561045489567896105e+01
1.536809841551858824e+01
1.513251598523852692e+01
1.490492073411393115e+01
1.468639829481104009e+01
1.447794777809859035e+01
1.428051923851051974e+01
1.409504770161913711e+01
1.392248401661322887e+01
1.376382284312563442e+01
1.362012800946245150e+01
1.349255531086712168e+01
1.338237256110361528e+01
1.329097636946768191e+01
1.321990468303018318e+01
1.317084360252194131e+01
1.314562634429616139e+01
1.314622148456617090e+01
1.317470681019863221e+01
1.323322427209440200e+01
1.332391080563683161e+01
1.344879933694037710e+01
1.360968442120219102e+01
1.380794806035899214e+01
1.404434382507602841e+01
1.431874201322113116e+01
1.462984568452994161e+01
1.497489717605886561e+01
1.534940662521404775e+01
1.574694654378957459e+01
1.615906664306058715e+01
1.657538656650181608e+01
1.698391589624207398e+01
1.737162662220952569e+01
1.772526241600042596e+01
1.803231661917999418e+01
1.828205886108545641e+01
1.846645558736388537e+01
1.858082856976482233e+01
1.862413509931423405e+01
1.859882703678841764e+01
1.851033226183558966e+01
1.836627435879604775e+01
1.817558330810128098e+01
1.794764475874596599e+01
1.769159704710777703e+01
1.741583169820123445e+01
1.712770299437296373e+01
1.683341699283737825e+01
1.653805333889256346e+01
1.624567127937560684e+01
1.595945864755422683e+01
1.568189371003837351e+01
1.541490076993325076e+01
1.515998932720394166e+01
1.491837284952403486e+01
1.469106705724449213e+01
1.447896964633914152e+01
1.428292415809702298e+01
1.410377073782231072e+01
1.394238614711692748e+01
1.379971481864858696e+01
1.367679208763823517e+01
1.357476005808537245e+01
1.349487588641453151e+01
1.343851159806124862e+01
1.340714390060903760e+01
1.340233183939531081e+01
1.342567959969711033e+01
1.347878136845189978e+01
1.356314504518137376e+01
1.368009190211730974e+01
1.383063025006761926e+01
1.401530301224586239e+01
1.423401207596018381e+01
1.448582653074512905e+01
1.476878736447722495e+01
1.507972749074795793e+01
1.541413225278637356e+01
1.576607035591722905e+01
1.612822658763254324e+01
1.649206358122882676e+01
1.684812861129300643e+01
1.718650265386387943e+01
1.749736456308083987e+01
1.777161764261643384e+01
1.800150556569282045e+01
1.818113625523151811e+01
1.830684050197024249e+01
1.837731681740255851e+01
1.839355004153023643e+01
1.835852939970808251e+01
1.827682217548446175e+01
1.815407495451970732e+01
1.799651361220494294e+01
1.781049902327902501e+01
1.760217407512749332e+01
1.737721553425508958e+01
1.714068647167664849e+01
1.689697353085460563e+01
1.664978826129818756e+01
1.640221158813107749e+01
1.615676333617520299e+01
1.591548287201472611e+01
1.568001116519318217e+01
1.545166822401369977e+01
1.523152266978615010e+01
1.502045217527728660e+01
1.481919473954076061e+01
1.462839147518765692e+01
1.444862190998545337e+01
1.428043288642869157e+01
1.412436207926711340e+01
1.398095700897944482e+01
1.385079025118137253e+01
1.373447135259869789e+01
1.363265577644821036e+01
1.354605101965581149e+01
1.347541987333313784e+01
1.342158063696251702e+01
1.338540394675194634e+01
1.336780574216688322e+01
1.336973577690986659e+01
1.339216099028438833e+01
1.343604300480826019e+01
1.350230902358929974e+01
1.359181548834107467e+01
1.370530405173621702e+01
1.384334974361286541e+01
1.400630169523603108e+01
1.419421744817051056e+01
1.440679271859728594e+01
1.464328949449683392e+01
1.490246645838725748e+01
1.518251685542073304e+01
1.548101992052717080e+01
1.579491264854331156e+01
1.612048881731501027e+01
1.645343153545988812e+01
1.678888401028047639e+01
1.712156064729787275e+01
1.744589709138199041e+01
1.775623369035177745e+01
1.804702259688276555e+01
1.831304496691125294e+01
1.854962215136585613e+01
1.875280400058734287e+01
1.891951874017011548e+01
1.904767229762153846e+01
1.913619002495267196e+01
1.918499970653258302e+01
1.919496062817552229e+01
1.916774841408532382e+01
1.910570864498183496e+01
1.901169363920159938e+01
1.888889627289955087e+01
1.874069270941477328e+01
1.857050295584408772e+01
1.838167485823849745e+01
1.817739399501131459e+01
1.796061928762979321e+01
1.773404220238967355e+01
1.750006619889120074e+01
1.726080251243029196e+01
1.701807830079533446e+01
1.677345348393638957e+01
1.652824311135517021e+01
1.628354268774212699e+01
1.604025448615825766e+01
1.579911342506402328e+01
1.556071155173588849e+01
1.532552055012710923e+01
1.509391197861000222e+01
1.486617515205327855e+01
1.464253272634087821e+01
1.442315413531907176e+01
1.420816708287824959e+01
1.399766731728379554e+01
1.379172691979402465e+01
1.359040133190590360e+01
1.339373533037667841e+01
1.320176814016137534e+01
1.301453785511495376e+01
1.283208531639047045e+01
1.265445757993210485e+01
1.248171108786452876e+01
1.231391464415028736e+01
1.215115228264490632e+01
1.199352610551009413e+01
1.184115916164953397e+01
1.169419842816046717e+01
1.155281795246823506e+01
1.141722220852982517e+01
1.128764971693567531e+01
1.116437697556062503e+01
1.104772274423360656e+01
1.093805272327974798e+01
1.083578466123784168e+01
1.074139392097958812e+01
1.065541952514718815e+01
1.057847069042983179e+01
1.051123384468777466e+01
1.045448010006537665e+01
1.040907312753014580e+01
1.037597734198176802e+01
1.035626626015360152e+01
1.035113083365126307e+01
1.036188748405401938e+01
1.038998547328187705e+01
1.043701312761477773e+01
1.050470229527836885e+01
1.059493025344802675e+01
1.070971809015208720e+01
1.085122437121798633e+01
1.102173266664790496e+01
1.122363126388696841e+01
1.145938315319578393e+01
1.173148415740409511e+01
1.204240693057972322e+01
1.239452851704365521e+01
1.279003930843779457e+01
1.323083164250398625e+01
1.371836704630976911e+01
1.425352233878392028e+01
1.483641656620818061e+01
1.546622311631282010e+01
1.614097435160728367e+01
1.685736963531175547e+01
1.761060147051260927e+01
1.839421823408529733e+01
1.920004506048864457e+01
2.001818602907624722e+01
2.083713002863364139e+01
2.164397864021429285e+01
2.242480647045293551e+01
2.316515248259134196e+01
2.385062569986771308e+01
2.446759183402125615e+01
2.500389146030460807e+01
2.544952842212458677e+01
2.579726223687958253e+01
2.604304254472392088e+01
2.618623761152992557e+01
2.622963102016960946e+01
2.617918747776594302e+01
2.604361543824834868e+01
2.583377622927714157e+01
2.556200294722057720e+01
2.524139588529966716e+01
2.488515524224320430e+01
2.450599868897144518e+01
2.411569439986120855e+01
2.372472278170167925e+01
2.334206505859716785e+01
2.297510570953278020e+01
2.262962901224865320e+01
2.230988725531453198e+01
2.201871865133112749e+01
2.175769554621333057e+01
2.152728716784876184e+01
2.132702509517467959e+01
2.115566331241561571e+01
2.101132783453092401e+01
2.089165332509789508e+01
2.079390587923015943e+01
2.071509228796366742e+01
2.065205674746366782e+01
2.060156624508761780e+01
2.056038585622165016e+01
2.052534501774852416e+01
2.049339558587207932e+01
2.046166220092920085e+01
2.042748521743248347e+01
2.038845624765077602e+01
2.034244623274199881e+01
2.028762590663192000e+01
2.022247855411400153e+01
2.014580507680454602e+01
2.005672155223092545e+01
1.995464968098336911e+01
1.983930074039137992e+01
1.971065387638842381e+01
1.956892974630584092e+01
1.941456065700064215e+01
1.924815841367086833e+01
1.907048110032888033e+01
1.888239995513204406e+01
1.868486739025959054e+01
1.847888704871270704e+01
1.826548660380828792e+01
1.804569380653446942e+01
1.782051608583266855e+01
1.759092381970427255e+01
1.735783723037667770e+01
1.712211672093301829e+01
1.688455636694561690e+01
1.664588020504137589e+01
1.640674091896290321e+01
1.616772050892344481e+01
1.592933253724607923e+01
1.569202556737899812e+01
1.545618744940810885e+01
1.522215014858062609e+01
1.499019486018361036e+01
1.476055720121574666e+01
1.453343231424821980e+01
1.430897976002022354e+01
1.408732811162837884e+01
1.386857919415350970e+01
1.365281193914773361e+01
1.344008584381191262e+01
1.323044404036811272e+01
1.302391599263741284e+01
1.282051984479037010e+01
1.262026445227194316e+01
1.242315112761120055e+01
1.222917513475258211e+01
1.203832696516812995e+01
1.185059342773713453e+01
1.166595858254950002e+01
1.148440454667599298e+01
1.130591219776905909e+01
1.113046179928005941e+01
1.095803356923128646e+01
1.078860821296176908e+01
1.062216743915078609e+01
1.045869447777444528e+01
1.029817461852406524e+01
1.014059578866658917e+01
9.985949190419185939e+00
9.834230019718159355e+00
9.685438290880453494e+00
9.539579795204323531e+00
9.396667226186078636e+00
9.256721509934497050e+00
9.119773386784794766e+00
8.985865299350463076e+00
8.855053653675938108e+00
8.727411534222865086e+00
8.603031970695466768e+00
8.482031875861816062e+00
8.364556799369037066e+00
8.250786674045956559e+00
8.140942769467839568e+00
8.035296113927799411e+00
7.934177701883132094e+00
7.837990871007971982e+00
7.747226312803526582e+00
7.662480274770341104e+00
7.584476621466671453e+00
7.514093546442963678e+00
7.452395865351956417e+00
7.400673967684986643e+00
7.360490650627426135e+00
7.333737185231000488e+00
7.322700041262332427e+00
7.330139671606216822e+00
7.359382549029392706e+00
7.414427132715181834e+00
7.500063431995095620e+00
7.622004056486169077e+00
7.787021707822192162e+00
8.003083450705084090e+00
8.279465120279521528e+00
8.626819075226123346e+00
9.057154382836174022e+00
9.583669904919918991e+00
1.022035801595726134e+01
1.098127217929334343e+01
1.187933138945441591e+01
1.292453066860253941e+01
1.412145994845270813e+01
1.546613348038069091e+01
1.694233244030021268e+01
1.851798680431055644e+01
2.014254583509511320e+01
2.174669340482256530e+01
2.324590804853186654e+01
2.454890405084895377e+01
2.557065760170143776e+01
2.624767100264429942e+01
2.655119276015924257e+01
2.649362171419065604e+01
2.612521549016567235e+01
2.552197338368474533e+01
2.476911457216066381e+01
2.394578464530373907e+01
2.311502808973654410e+01
2.232009722581847200e+01
2.158574026978134697e+01
2.092216347824848555e+01
2.032965395652257712e+01
1.980265111967266733e+01
1.933279707686835991e+01
1.891096054274328608e+01
1.852843336819698550e+01
1.817754088684702651e+01
1.785187471988218633e+01
1.754630294072514118e+01
1.725686233361957989e+01
1.698059881484490319e+01
1.671539513220909257e+01
1.645980732490804144e+01
1.621292041736415257e+01
1.597422723437053271e+01
1.574353047757398016e+01
1.552086622941669525e+01
1.530644615721871737e+01
1.510061543412651730e+01
1.490382349415742347e+01
1.471660501828988998e+01
1.453956889681456488e+01
1.437339326221559155e+01
1.421882499658439869e+01
1.407668236542123985e+01
1.394785960386815127e+01
1.383333237641082647e+01
1.373416304477351879e+01
1.365150461095003642e+01
1.358660205463791293e+01
1.354078956110046228e+01
1.351548184612332726e+01
1.351215744769551108e+01
1.353233150224839676e+01
1.357751521120006899e+01
1.364915901535275999e+01
1.374857655215751961e+01
1.387684693831148230e+01
1.403469400178258653e+01
1.422234301003393320e+01
1.443935841391304642e+01
1.468447026765581498e+01
1.495540221298787031e+01
1.524871980975482799e+01
1.555972366356871994e+01
1.588241580422792687e+01
1.620956820964569189e+01
1.653291723579167893e+01
1.684349552849949561e+01
1.713209370320059222e+01
1.738981987964315579e+01
1.760870080371426027e+01
1.778225038506731082e+01
1.790592660117319213e+01
1.797740979065920541e+01
1.799666343276302882e+01
1.796577623433092796e+01
1.788862180235324928e+01
1.777039948649458267e+01
1.761713096457684102e+01
1.743518129842215103e+01
1.723085504050239436e+01
1.701009459143996239e+01
1.677828607329991684e+01
1.654016180211704778e+01
1.629977943864421519e+01
1.606055524883133501e+01
1.582533066072723038e+01
1.559645535942668815e+01
1.537587485016639910e+01
1.516521470063157118e+01
1.496585706307206465e+01
1.477900747593357522e+01
1.460575146528449331e+01
1.444710130174634877e+01
1.430403361640817472e+01
1.417751860483869031e+01
1.406854137555975193e+01
1.397811571422404775e+01
1.390729019512546927e+01
1.385714621801441560e+01
1.382878721335675287e+01
1.382331797676713592e+01
1.384181290437323320e+01
1.388527185854865920e+01
1.395456256555804941e+01
1.405034891414939047e+01
1.417300537426895168e+01
1.432251906672741448e+01
1.449838283370933389e+01
1.469948496429748275e+01
1.492400388523873289e+01
1.516931884709050848e+01
1.543194994917976715e+01
1.570754210994929778e+01
1.599090705828494308e+01
1.627613440621393792e+01
1.655677695981832898e+01
1.682610678208712685e+01
1.707742805299793787e+01
1.730442219672033488e+01
1.750149234620653615e+01
1.766407029898637404e+01
1.778885129299920109e+01
1.787393045008560222e+01
1.791882820136399346e+01
1.792440764567277967e+01
1.789270122817556086e+01
1.782667441644702677e+01
1.772995852325956889e+01
1.760658342554184941e+01
1.746073499285907005e+01
1.729655365778458886e+01
1.711798185701887220e+01
1.692866065421558019e+01
1.673187058138924499e+01
1.653050876172233430e+01
1.632709337236313374e+01
1.612378691008072806e+01
1.592243095014081611e+01
1.572458665473883954e+01
1.553157685489700945e+01
1.534452690462181756e+01
1.516440260529753203e+01
1.499204431232141665e+01
1.482819689619257630e+01
1.467353558490465737e+01
1.452868791389434833e+01
1.439425209858286969e+01
1.427081215861061736e+01
1.415895008916334952e+01
1.405925531252423788e+01
1.397233156529907383e+01
1.389880129244299667e+01
1.383930753422906434e+01
1.379451321102892258e+01
1.376509763703098166e+01
1.375175003179898958e+01
1.375515975263801494e+01
1.377600294701472450e+01
1.381492533007401846e+01
1.387252083624763621e+01
1.394930598571916391e+01
1.404568995604304682e+01
1.416194056554374647e+01
1.429814666458058703e+01
1.445417779462974117e+01
1.462964240675697525e+01
1.482384641274468073e+01
1.503575434228516272e+01
1.526395585080954298e+01
1.550664070140152440e+01
1.576158555472651379e+01
1.602615586098438172e+01
1.629732578104886898e+01
1.657171831449105071e+01
1.684566666276666425e+01
1.711529634401710709e+01
1.737662580509821808e+01
1.762568141652211651e+01
1.785862100984522982e+01
1.807185877162525500e+01
1.826218357323589458e+01
1.842686285808705193e+01
1.856372508990265047e+01
1.867121542322624705e+01
1.874842150050169920e+01
1.879506882303799387e+01
1.881148765488751096e+01
1.879855558370958946e+01
1.875762143687413896e+01
1.869041709896993808e+01
1.859896388387427635e+01
1.848547957331006231e+01
1.835229121217648540e+01
1.820175745110198662e+01
1.803620284642562765e+01
1.785786523128044578e+01
1.766885617291918109e+01
1.747113369195216137e+01
1.726648585289606785e+01
1.705652352142632822e+01
1.684268047947352898e+01
1.662621914296575198e+01
1.640824028683442393e+01
1.618969540227437776e+01
1.597140055581234641e+01
1.575405086209575600e+01
1.553823490526598583e+01
1.532444863773824473e+01
1.511310844634513195e+01
1.490456320427019676e+01
1.469910522564146049e+01
1.449698011202894143e+01
1.429839553083161974e+01
1.410352899901766399e+01
1.391253476587584892e+01
1.372554989877487053e+01
1.354269967924132168e+01
1.336410241521019948e+01
1.318987377080917689e+01
1.302013070880224532e+01
1.285499513376789160e+01
1.269459731685901538e+01
1.253907917599597077e+01
1.238859747881550355e+01
1.224332702973917542e+01
1.210346389713558501e+01
1.196922873165278922e+01
1.184087022224743002e+01
1.171866873203509840e+01
1.160294015157760050e+01
1.149404000229508682e+01
1.139236781696866707e+01
1.129837181733229201e+01
1.121255390000447427e+01
1.113547493084157836e+01
1.106776033344653598e+01
1.101010593914570279e+01
1.096328404220713892e+01
1.092814957420955579e+01
1.090564627391369079e+01
1.089681268221855426e+01
1.090278773417230340e+01
1.092481564987689779e+01
1.096424974187917201e+01
1.102255465694365988e+01
1.110130645416068873e+01
1.120218978929968934e+01
1.132699132879323933e+01
1.147758835954822310e+01
1.165593139984795812e+01
1.186401946306708055e+01
1.210386649638441092e+01
1.237745743458669700e+01
1.268669230590645824e+01
1.303331694301900612e+01
1.341883913708095122e+01
1.384442958257751144e+01
1.431080775573496311e+01
1.481811400557681679e+01
1.536577065546957499e+01
1.595233682406341202e+01
1.657536393576049250e+01
1.723126138452096967e+01
1.791518432485968049e+01
1.862095776035281602e+01
1.934105253997321938e+01
2.006662902835454787e+01
2.078766254015160797e+01
2.149316066047137852e+01
2.217147608123701374e+01
2.281070971926494195e+01
2.339918830845640585e+01
2.392598959537892611e+01
2.438147840411764733e+01
2.475781008324716481e+01
2.504935594451291436e+01
2.525300935979806383e+01
2.536834128790681220e+01
2.539758903355340180e+01
2.534547978656959089e+01
2.521890808514804760e+01
2.502650091936329346e+01
2.477811352088824393e+01
2.448430188451662559e+01
2.415581493661071022e+01
2.380314130305110254e+01
2.343613479406385380e+01
2.306373111257039454e+01
2.269375769113657171e+01
2.233283016839058632e+01
2.198632336781868446e+01
2.165840170871996406e+01
2.135209333828458256e+01
2.106939330941750654e+01
2.081138319772212597e+01
2.057835709244223210e+01
2.036994648617551107e+01
2.018523894895734472e+01
2.002288745404123915e+01
1.988120877301943423e+01
1.975827048972162459e+01
1.965196694596311389e+01
1.956008489466672984e+01
1.948035986685890109e+01
1.941052432285399121e+01
1.934834860962520864e+01
1.929167563051399981e+01
1.923844998462900335e+01
1.918674217723067699e+01
1.913476835727745140e+01
1.908090591610663367e+01
1.902370518884371364e+01
1.896189744034908387e+01
1.889439928975173189e+01
1.882031372867633934e+01
1.873892791295279636e+01
1.864970794938214738e+01
1.855229095081089596e+01
1.844647468707171711e+01
1.833220520954775168e+01
1.820956286750447006e+01
1.807874716060967302e+01
1.794006088156396572e+01
1.779389399452361786e+01
1.764070766964789527e+01
1.748101885364595276e+01
1.731538570367529672e+01
1.714439415104844500e+01
1.696864579588991617e+01
1.678874726800216877e+01
1.660530112619504450e+01
1.641889831104126074e+01
1.623011211653163599e+01
1.603949360573054506e+01
1.584756836484242370e+01
1.565483446900949183e+01
1.546176152105801371e+01
1.526879062030179490e+01
1.507633512116388275e+01
1.488478204944907013e+01
1.469449405625072735e+01
1.450581180445242957e+01
1.431905669948029036e+01
1.413453389344876321e+01
1.395253550938848264e+01
1.377334404930839007e+01
1.359723596606108131e+01
1.342448539413769026e+01
1.325536804852774253e+01
1.309016531364367708e+01
1.292916855609217563e+01
1.277268370586553914e+01
1.262103616041078347e+01
1.247457607505713995e+01
1.233368411141274912e+01
1.219877772242844216e+01
1.207031805855149997e+01
1.194881758320413567e+01
1.183484848685873203e+01
1.172905198597063503e+01
1.163214858415532404e+01
1.154494935574199665e+01
1.146836828277776377e+01
1.140343563112530134e+01
1.135131228349136023e+01
1.131330484930155755e+01
1.129088123350425477e+01
1.128568615654282326e+01
1.129955586137838353e+01
1.133453090389691731e+01
1.139286548226339235e+01
1.147703120121638776e+01
1.158971247519471959e+01
1.173378994539175224e+01
1.191230733482013804e+01
1.212841613882499381e+01
1.238529154368561613e+01
1.268601215563712969e+01
1.303339578278543520e+01
1.342978404928909342e+01
1.387677058666531238e+01
1.437487162277868080e+01
1.492314471081926364e+01
1.551877172552736894e+01
1.615663629418236624e+01
1.682894284000369112e+01
1.752494228459931236e+01
1.823084416924399065e+01
1.893000050555489011e+01
1.960343580767561988e+01
2.023076401070177255e+01
2.079147393221183648e+01
2.126648604544308085e+01
2.163980037656166289e+01
2.189999298162317132e+01
2.204130329937338217e+01
2.206410384230950683e+01
2.197465388837487410e+01
2.178418277022318961e+01
2.150748291148056168e+01
2.116127655634001314e+01
2.076263137351290666e+01
2.032764454207839577e+01
1.987052010538550917e+01
1.940306490206328149e+01
1.893455129391825409e+01
1.847185231582237108e+01
1.801974490441861221e+01
1.758128954891572704e+01
1.715821833267546381e+01
1.675128857542631522e+01
1.636058064324323524e+01
1.598573386657774620e+01
1.562612402015675883e+01
1.528099066647297555e+01
1.494952430222369699e+01
1.463092295898000117e+01
1.432442665209193322e+01
1.402933647263992967e+01
1.374502353959637091e+01
1.347093165226888800e+01
1.320657636998185502e+01
1.295154239558530662e+01
1.270548051963849723e+01
1.246810495032389454e+01
1.223919156812111986e+01
1.201857746744627597e+01
1.180616205059351920e+01
1.160190990033913927e+01
1.140585566063700185e+01
1.121811118906319393e+01
1.103887530286195151e+01
1.086844651789822080e+01
1.070723927317172652e+01
1.055580423959231595e+01
1.041485342605236930e+01
1.028529091109373184e+01
1.016825013189533422e+01
1.006513873227349265e+01
9.977691972381316887e+00
9.908035578302738955e+00
9.858758572341818294e+00
9.832995942963048464e+00
9.834519794749981614e+00
9.867835591580993437e+00
9.938276902179092431e+00
1.005208720615843276e+01
1.021647027467440871e+01
1.043958087468724294e+01
1.073041477202539795e+01
1.109854162062401350e+01
1.155360817291895970e+01
1.210452681943611353e+01
1.275826441907785735e+01
1.351817289378951692e+01
1.438187566612999291e+01
1.533886327524919579e+01
1.636816681060471268e+01
1.743674476693372100e+01
1.849945070104410405e+01
1.950148165170140757e+01
2.038383789148799252e+01
2.109144022494012205e+01
2.158232184197382608e+01
2.183529762767161131e+01
2.185346048730021096e+01
2.166213967768776172e+01
2.130209084299783839e+01
2.082047615622772341e+01
2.026261715104950767e+01
1.966652116726292832e+01
1.906063929652932387e+01
1.846414023739447785e+01
1.788856320256154220e+01
1.733987525332792501e+01
1.682034517183425493e+01
1.632999607995868985e+01
1.586761730193888553e+01
1.543141368341699682e+01
1.501939317717536859e+01
1.462958126784405266e+01
1.426012828846949709e+01
1.390935434207389143e+01
1.357576012875523652e+01
1.325802066820421032e+01
1.295497164521078126e+01
1.266559368048664247e+01
1.238899724958120530e+01
1.212440953419842060e+01
1.187116373048976570e+01
1.162869097026849552e+01
1.139651486167257843e+01
1.117424862639712657e+01
1.096159484597251499e+01
1.075834790022549292e+01
1.056439927229084397e+01
1.037974599970187128e+01
1.020450266767573666e+01
1.003891746786698391e+01
9.883392982594036980e+00
9.738512498093976788e+00
9.605072794336178887e+00
9.484124490753202963e+00
9.377021124544453912e+00
9.285478163539286456e+00
9.211643049039810904e+00
9.158177032897395264e+00
9.128348878259950894e+00
9.126139232765666520e+00
9.156352372595954137e+00
9.224728674442753018e+00
9.338046118481923230e+00
9.504191807058383290e+00
9.732174378026229533e+00
1.003203503077152980e+01
1.041459909114081483e+01
1.089099347890269165e+01
1.147184251525676757e+01
1.216605355420266221e+01
1.297912836446303331e+01
1.391100424187820295e+01
1.495355946309096140e+01
1.608811980920432916e+01
1.728355586631735363e+01
1.849579023514992215e+01
1.966959867821481112e+01
2.074331145946615607e+01
2.165628610232381845e+01
2.235793524239358376e+01
2.281607962420649827e+01
2.302208380443742897e+01
2.299104609466863636e+01
2.275704195803587027e+01
2.236519379381595840e+01
2.186320649354072998e+01
2.129462927932163296e+01
2.069492999443897929e+01
2.009027224303659054e+01
1.949818905348409714e+01
1.892921386179395071e+01
1.838874149750754583e+01
1.787869852971051898e+01
1.739885489851452505e+01
1.694776360362467216e+01
1.652338694050407142e+01
1.612348731620029696e+01
1.574585449004199234e+01
1.538842582048707897e+01
1.504934020178057708e+01
1.472695317078774657e+01
1.441983086235046763e+01
1.412673370296960051e+01
1.384659625777228520e+01
1.357850681080807931e+01
1.332168852681732041e+01
1.307548302450208233e+01
1.283933662067975057e+01
1.261278920641529488e+01
1.239546557866335164e+01
1.218706900474109389e+01
1.198737680004716388e+01
1.179623772698997186e+01
1.161357106081944934e+01
1.143936720803943530e+01
1.127368980105665841e+01
1.111667922645206730e+01
1.096855757247867302e+01
1.082963500316946615e+01
1.070031758076644479e+01
1.058111656366436648e+01
1.047265920169588860e+01
1.037570103154708079e+01
1.029113963854735481e+01
1.022002979197663208e+01
1.016359977292848527e+01
1.012326858867016277e+01
1.010066359575873207e+01
1.009763782483762107e+01
1.011628600092516983e+01
1.015895787185443488e+01
1.022826698359934738e+01
1.032709246808172665e+01
1.045857073879495402e+01
1.062607323903966439e+01
1.083316559683135694e+01
1.108354278390392622e+01
1.138093427516090372e+01
1.172897294152074466e+01
1.213102173686858976e+01
1.258995348604100961e+01
1.310788163168733078e+01
1.368584405493889022e+01
1.432344837871037946e+01
1.501849561400177535e+01
1.576660933791949404e+01
1.656090889218715034e+01
1.739177563795442438e+01
1.824676848584737598e+01
1.911074544106718776e+01
1.996623837149576275e+01
2.079410617944803619e+01
2.157445688433933739e+01
2.228778519060658780e+01
2.291622635476056757e+01
2.344479017449796387e+01
2.386242191401960611e+01
2.416274804417030353e+01
2.434440518942627563e+01
2.441091357635204417e+01
2.437012744994228797e+01
2.423335750518652532e+01
2.401430034745022368e+01
2.372792056495505264e+01
2.338941402842253936e+01
2.301334514604108961e+01
2.261300749325937431e+01
2.220001692055694420e+01
2.178411570589479851e+01
2.137314807965964292e+01
2.097316059007484057e+01
2.058858243062542570e+01
2.022244762237784599e+01
1.987662986264386333e+01
1.955206980274541806e+01
1.924898227943857520e+01
1.896703709009342020e+01
1.870551123868602872e+01
1.846341341304912476e+01
1.823958310809039318e+01
1.803276761204622503e+01
1.784168030485621159e+01
1.766504359872577723e+01
1.750161953929482905e+01
1.735023068861000795e+01
1.720977349589684380e+01
1.707922596819933858e+01
1.695765110036355594e+01
1.684419722038545686e+01
1.673809615227109404e+01
1.663865989069859452e+01
1.654527631447459513e+01
1.645740433301470418e+01
1.637456875598692463e+01
1.629635509552314332e+01
1.622240444841438389e+01
1.615240855857693347e+01
1.608610512460958475e+01
1.602327339086543390e+01
1.596373004106258442e+01
1.590732539941648405e+01
1.585393993430631809e+01
1.580348105258694602e+01
1.575588016805193270e+01
1.571109002464675619e+01
1.566908225336969629e+01
1.562984514103599132e+01
1.559338158895880433e+01
1.555970723992418492e+01
1.552884875246325436e+01
1.550084220224922937e+01
1.547573159139544252e+01
1.545356744745257593e+01
1.543440549496570036e+01
1.541830538353558389e+01
1.540532945742552684e+01
1.539554155286479187e+01
1.538900581032925707e+01
1.538578549024072650e+01
1.538594178173433846e+01
1.538953259541720264e+01
1.539661133240174529e+01
1.540722562336605428e+01
1.542141603299333497e+01
1.543921472689485341e+01
1.546064410004547796e+01
1.548571536787489755e+01
1.551442712347315833e+01
1.554676386689257761e+01
1.558269451525777249e+01
1.562217090532001329e+01
1.566512630318818822e+01
1.571147393919921065e+01
1.576110558920281157e+01
1.581389022685907442e+01
1.586967277479252836e+01
1.592827298550578696e+01
1.598948448570078185e+01
1.605307401994111771e+01
1.611878093125412548e+01
1.618631691714411858e+01
1.625536609939230104e+01
1.632558544477994289e+01
1.639660557132809160e+01
1.646803197066167002e+01
1.653944667157650272e+01
1.661041036276273886e+01
1.668046498392753207e+01
1.674913678434910125e+01
1.681593983635270817e+01
1.688037997858736716e+01
1.694195915065241209e+01
1.700018006701640871e+01
1.705455116480429822e+01
1.710459174747816036e+01
1.714983723531150872e+01
1.718984442446717864e+01
1.722419665001041622e+01
1.725250874482393115e+01
1.727443168653091021e+01
1.728965682841861451e+01
1.729791961805804590e+01
1.729900271871005657e+01
1.729273846337261844e+01
1.727901058894498121e+01
1.725775521778154342e+01
1.722896107506918639e+01
1.719266895208873080e+01
1.714897044658525971e+01
1.709800603127026619e+01
1.703996251908921877e+01
1.697507000862065851e+01
1.690359840430604166e+01
1.682585361381849154e+01
1.674217352864499730e+01
1.665292389396550377e+01
1.655849417043363658e+01
1.645929348392318659e+01
1.635574675024548341e+01
1.624829105088409875e+01
1.613737232358581508e+01
1.602344241883179166e+01
1.590695656038682060e+01
1.578837123581031321e+01
1.566814253143882851e+01
1.554672491623914965e+01
1.542457047029585304e+01
1.530212854664345912e+01
1.517984584968690598e+01
1.505816690949444947e+01
1.493753492863943855e+01
1.481839297679746359e+01
1.470118550771202770e+01
1.458636017312805855e+01
1.447436990853350025e+01
1.436567526569677966e+01
1.426074696667253150e+01
1.416006865277607396e+01
1.406413979957668126e+01
1.397347876477262218e+01
1.388862592938446561e+01
1.381014688348052033e+01
1.373863559501163678e+01
1.367471748359819728e+01
1.361905229953458552e+01
1.357233668106196234e+01
1.353530622929921812e+01
1.350873689934528699e+01
1.349344545733688250e+01
1.349028869629961136e+01
1.350016103857753791e+01
1.352399008033359351e+01
1.356272955608370445e+01
1.361734912208926218e+01
1.368882028254375349e+01
1.377809772064612659e+01
1.388609526035574326e+01
1.401365569080730999e+01
1.416151375593154604e+01
1.433025177371550996e+01
1.452024763394052265e+01
1.473161536348156098e+01
1.496413907571909796e+01
1.521720195809900922e+01
1.548971300396733852e+01
1.578003543532453179e+01
1.608592212060390736e+01
1.640446463506050634e+01
1.673206374099196481e+01
1.706442971324214852e+01
1.739662078639127074e+01
1.772312673379680348e+01
1.803800195325123923e+01
1.833504833990009431e+01
1.860804284662381747e+01
1.885099847393969341e+01
1.905844135036585385e+01
1.922568167137177042e+01
1.934905372582402805e+01
1.942610098346976955e+01
1.945568663723114256e+01
1.943801772924616600e+01
1.937458090075956818e+01
1.926799818444494505e+01
1.912182022852338648e+01
1.894028034016898587e+01
1.872803489553588818e+01
1.848991399129532809e+01
1.823070149631333337e+01
1.795495717780006473e+01
1.766688670788780158e+01
1.737025926394834485e+01
1.706836785637853637e+01
1.676402472362617146e+01
1.645958301397262602e+01
1.615697617342841141e+01
1.585776753130268268e+01
1.556320409215563139e+01
1.527427016495303747e+01
1.499173795845225676e+01
1.471621352162002161e+01
1.444817736623228122e+01
1.418801978713725731e+01
1.393607133535063625e+01
1.369262915309965933e+01
1.345798000056215393e+01
1.323242083672064950e+01
1.301627779710860189e+01
1.280992436493711040e+01
1.261379947585903061e+01
1.242842623959520054e+01
1.225443190668710258e+01
1.209256965323534416e+01
1.194374269303874136e+01
1.180903114205892024e+01
1.168972193517219438e+01
1.158734190218742199e+01
1.150369381110642131e+01
1.144089473032134308e+01
1.140141538048492542e+01
1.138811815556021045e+01
1.140429008770424346e+01
1.145366509702917668e+01
1.154042729454066496e+01
1.166918382400048593e+01
1.184489176946349431e+01
1.207271926452113497e+01
1.235781673572435579e+01
1.270497140966521066e+01
1.311811886897732293e+01
1.359969264991900850e+01
1.414981069267705927e+01
1.476533024395519256e+01
1.543885350249194488e+01
1.615783322956628965e+01
1.690400002773542099e+01
1.765338715665257396e+01
1.837722737593938405e+01
1.904389791755516725e+01
1.962187081320794135e+01
2.008331182814090710e+01
2.040765742438642150e+01
2.058433339802837381e+01
2.061389128288314865e+01
2.050724642166252920e+01
2.028326086020321029e+01
1.996538007211537646e+01
1.957820403829396128e+01
1.914471462964068138e+01
1.868452385895583134e+01
1.821314308471879428e+01
1.774203642594829944e+01
1.727914400208505796e+01
1.682959836566372047e+01
1.639644529505485693e+01
1.598126836451763211e+01
1.558468193209111519e+01
1.520669568482935752e+01
1.484697147849188958e+01
1.450499778819510688e+01
1.418020507287387488e+01
1.387204087820018295e+01
1.358001876485633375e+01
1.330375109939159906e+01
1.304297263888821412e+01
1.279755961386807606e+01
1.256754748950767997e+01
1.235314957362206911e+01
1.215477797662514092e+01
1.197306798232220615e+01
1.180890655500375175e+01
1.166346540156235712e+01
1.153823864795763576e+01
1.143508469521139403e+01
1.135627109780819843e+01
1.130452024568127101e+01
1.128305209801892239e+01
1.129561806454080219e+01
1.134651720969903899e+01
1.144058215923680599e+01
1.158311742369112629e+01
1.177976757088126014e+01
1.203628747294460233e+01
1.235818313069432328e+01
1.275019176922943309e+01
1.321557768718858838e+01
1.375524056394850447e+01
1.436667071138987772e+01
1.504284433292457202e+01
1.577122863968909883e+01
1.653314799801983526e+01
1.730381893631257384e+01
1.805335020873837237e+01
1.874887910666532420e+01
1.935775801447495681e+01
1.985135761497068785e+01
2.020873387927552756e+01
2.041927822879511467e+01
2.048365373024431690e+01
2.041279357979219000e+01
2.022531484929889700e+01
1.994412308167525438e+01
1.959308074701863944e+01
1.919439695512751953e+01
1.876702680289625746e+01
1.832603133155351571e+01
1.788265119803618575e+01
1.744479738904606236e+01
1.701770945586502037e+01
1.660461529973022721e+01
1.620730525808956557e+01
1.582658970484661864e+01
1.546264229679116298e+01
1.511524612460561379e+01
1.478396420302027181e+01
1.446825433024829621e+01
1.416754477171804716e+01
1.388128331057220599e+01
1.360896877112322478e+01
1.335017141011466002e+01
1.310454656434703402e+01
1.287184452069013219e+01
1.265191859561942067e+01
1.244473275170325799e+01
1.225036963906228671e+01
1.206903965659225975e+01
1.190109142654105412e+01
1.174702392729200007e+01
1.160750040313767784e+01
1.148336404256281007e+01
1.137565526721461318e+01
1.128563028230627197e+01
1.121478028509764790e+01
1.116485038950595055e+01
1.113785687895946452e+01
1.113610082386268729e+01
1.116217537565952078e+01
1.121896316703050545e+01
1.130961921650149549e+01
1.143753359745187304e+01
1.160626697958735321e+01
1.181945115462891316e+01
1.208064608956872554e+01
1.239314531019713961e+01
1.275972304248983669e+01
1.318232018303612030e+01
1.366167251827449114e+01
1.419689421207173652e+01
1.478504254967640641e+01
1.542070555275700272e+01
1.609567038278689566e+01
1.679874385017469862e+01
1.751580173802855001e+01
1.823013518711940506e+01
1.892313522428657180e+01
1.957530934340167761e+01
2.016756169472086313e+01
2.068260311880015223e+01
2.110630693798212931e+01
2.142880960711081073e+01
2.164518357677188476e+01
2.175558109183361921e+01
2.176484506775483041e+01
2.168167971858265375e+01
2.151754271171353494e+01
2.128544635881271319e+01
2.099883735844094801e+01
2.067067585716015188e+01
2.031277413396039222e+01
1.993540024578859615e+01
1.954711294153191048e+01
1.915477386076213406e+01
1.876367869436500513e+01
1.837775524223570400e+01
1.799978773276786370e+01
1.763163924413798256e+01
1.727445511936069522e+01
1.692883883250862098e+01
1.659499771592813744e+01
1.627285966486294910e+01
1.596216393909393538e+01
1.566253001359093489e+01
1.537350853039608367e+01
1.509461809537718935e+01
1.482537116463605642e+01
1.456529171230327435e+01
1.431392684128005577e+01
1.407085402914838212e+01
1.383568530673363739e+01
1.360806934666049095e+01
1.338769218668281979e+01
1.317427711773073540e+01
1.296758411916267661e+01
1.276740911404769641e+01
1.257358323712779935e+01
1.238597225054035533e+01
1.220447620188638993e+01
1.202902939146766137e+01
1.185960069712789888e+01
1.169619429356015594e+01
1.153885079624245513e+01
1.138764885686904371e+01
1.124270723613422973e+01
1.110418738012612572e+01
1.097229652768865016e+01
1.084729137729621229e+01
1.072948234267717815e+01
1.061923842602364587e+01
1.051699273547635194e+01
1.042324866890357526e+01
1.033858677787242897e+01
1.026367231300363692e+01
1.019926343321377082e+01
1.014622003498105052e+01
1.010551312166588112e+01
1.007823458462333122e+01
1.006560720449111379e+01
1.006899459934193608e+01
1.008991074272100974e+01
1.013002854510442319e+01
1.019118683321842767e+01
1.027539486964379023e+01
1.038483332804168668e+01
1.052185037717865157e+01
1.068895123325100727e+01
1.088877922381260710e+01
1.112408608478050276e+01
1.139768891229502934e+01
1.171241095569209278e+01
1.207100332633382855e+01
1.247604479007962830e+01
1.292981721130025718e+01
1.343415504607192368e+01
1.399026867651477701e+01
1.459854346879594544e+01
1.525831932553679771e+01
1.596765922058160569e+01
1.672311965885351626e+01
1.751954092126377205e+01
1.834987981787457301e+01
1.920511168889571252e+01
2.007423050906725592e+01
2.094437495029901086e+01
2.180110296687259108e+01
2.262882707305070795e+01
2.341140691779770222e+01
2.413287607239057664e+01
2.477825849641196498e+01
2.533441049335552364e+01
2.579081031185707218e+01
2.614021378692237718e+01
2.637910298084074157e+01
2.650787566338923185e+01
2.653075379967889091e+01
2.645542370977447888e+01
2.629245277775883238e+01
2.605455158866787713e+01
2.575576229146448881e+01
2.541065288418709756e+01
2.503358491308269151e+01
2.463810267290034517e+01
2.423646999247138112e+01
2.383936018174189897e+01
2.345568850316634979e+01
2.309256587164844277e+01
2.275534730486269197e+01
2.244774797167032787e+01
2.217200215280924525e+01
2.192904466224332438e+01
2.171869914337252894e+01
2.153986234964133928e+01
2.139067756960249156e+01
2.126869355316025079e+01
2.117100761443753498e+01
2.109439311394539374e+01
2.103541239800281915e+01
2.099051665063076300e+01
2.095613413835265959e+01
2.092874812850300259e+01
2.090496544134055412e+01
2.088157623788133677e+01
2.085560531100441750e+01
2.082435488097446807e+01
2.078543872572375406e+01
2.073680741399990524e+01
2.067676445557754050e+01
2.060397332544154736e+01
2.051745553716828852e+01
2.041658020707143351e+01
2.030104583405749707e+01
2.017085528956691931e+01
2.002628523972478902e+01
1.986785138613694812e+01
1.969627099874706389e+01
1.951242421860894538e+01
1.931731553353961317e+01
1.911203668581636705e+01
1.889773207405644229e+01
1.867556747985361909e+01
1.844670270301525505e+01
1.821226844538622913e+01
1.797334755744054746e+01
1.773096056543493759e+01
1.748605523715742649e+01
1.723949982436070272e+01
1.699207953955577466e+01
1.674449578094146673e+01
1.649736760696627869e+01
1.625123497540932860e+01
1.600656329462962191e+01
1.576374888068901292e+01
1.552312496793763330e+01
1.528496797774693405e+01
1.504950380672386245e+01
1.481691394923143434e+01
1.458734131754436270e+01
1.436089566540852225e+01
1.413765855669187488e+01
1.391768785022700428e+01
1.370102169520633772e+01
1.348768204917757174e+01
1.327767774350210850e+01
1.307100712983734780e+01
1.286766034653315316e+01
1.266762124649864951e+01
1.247086902873516223e+01
1.227737961490137941e+01
1.208712681045077275e+01
1.190008328744942290e+01
1.171622142346030593e+01
1.153551402811593540e+01
1.135793498638749988e+01
1.118345984524098924e+01
1.101206636845993181e+01
1.084373508299465705e+01
1.067844983933700753e+01
1.051619840817586571e+01
1.035697313602001657e+01
1.020077168364339748e+01
1.004759787318801756e+01
9.897462672643921877e+00
9.750385350329434431e+00
9.606394837064643255e+00
9.465531340149377471e+00
9.327848261250295536e+00
9.193414480148133450e+00
9.062317078333393283e+00
8.934664591072653650e+00
8.810590894280835528e+00
8.690259853893328668e+00
8.573870891089885760e+00
8.461665647420257841e+00
8.353935970434738678e+00
8.251033483692612691e+00
8.153381055858943682e+00
8.061486542745811334e+00
7.975959244070127241e+00
7.897529593298528994e+00
7.827072683165214428e+00
7.765636318579722364e+00
7.714474377354207490e+00
7.675086338020370214e+00
7.649263887221954050e+00
7.639145521561799157e+00
7.647279971258098996e+00
7.676699036378173524e+00
7.730999953330660368e+00
7.814436573401428276e+00
7.932017258566168572e+00
8.089605239745079501e+00
8.294013920434551324e+00
8.553084849260947919e+00
8.875729381279615637e+00
9.271905974985001464e+00
9.752493394143142424e+00
1.032900607346774891e+01
1.101308289556070541e+01
1.181566784888307353e+01
1.274579676840851405e+01
1.380891911217894652e+01
1.500473279891622980e+01
1.632461205517032710e+01
1.774887866753419630e+01
1.924440544868372527e+01
2.076330892723458987e+01
2.224368728372481385e+01
2.361332395782131854e+01
2.479681968097430911e+01
2.572564702572011797e+01
2.634932108850700772e+01
2.664478753134781641e+01
2.662097724135753296e+01
2.631671043162819146e+01
2.579241275357784957e+01
2.511831583647121846e+01
2.436276935530542787e+01
2.358360566446888029e+01
2.282380240313284503e+01
2.211103244496798226e+01
2.145977372868962618e+01
2.087454313398299988e+01
2.035319098186854703e+01
1.988967902226275442e+01
1.947614991622606695e+01
1.910432271926505976e+01
1.876634537224067856e+01
1.845525280863321882e+01
1.816516008696895312e+01
1.789128965179632758e+01
1.762990285631850895e+01
1.737818266743246909e+01
1.713409750862578917e+01
1.689626446149261341e+01
1.666382221453588386e+01
1.643631905385438685e+01
1.621361795506210868e+01
1.599581884341468552e+01
1.578319692348102876e+01
1.557615536238917997e+01
1.537519035368406328e+01
1.518086656263669809e+01
1.499380106739065610e+01
1.481465409890330776e+01
1.464412510036692971e+01
1.448295284172887776e+01
1.433191851545907269e+01
1.419185089173701009e+01
1.406363271586367070e+01
1.394820758245473336e+01
1.384658651642838656e+01
1.375985342787500798e+01
1.368916848570019873e+01
1.363576827439597672e+01
1.360096136364532171e+01
1.358611764173945247e+01
1.359264946052611123e+01
1.362198234579888734e+01
1.367551279715384638e+01
1.375455061683087088e+01
1.386024338187510097e+01
1.399348125644544716e+01
1.415478150800324997e+01
1.434415402770327574e+01
1.456095201460110822e+01
1.480371581830002015e+01
1.507002260275463534e+01
1.535635954414880722e+01
1.565804284941898850e+01
1.596920768221123588e+01
1.628289348886234222e+01
1.659124361529787706e+01
1.688582646342277371e+01
1.715806801949498350e+01
1.739976458020554162e+01
1.760362413574677376e+01
1.776377071282064790e+01
1.787614331788289945e+01
1.793873283799406693e+01
1.795162515563524508e+01
1.791685126593112898e+01
1.783807705029791890e+01
1.772018844310033359e+01
1.756883701498803774e+01
1.739000609253376339e+01
1.718964216456339500e+01
1.697337633108752541e+01
1.674634152856624780e+01
1.651307693192768511e+01
1.627750264303392314e+01
1.604294498114562018e+01
1.581219382767634762e+01
1.558757677864881330e+01
1.537103887091325483e+01
1.516422042423212346e+01
1.496852860646676930e+01
1.478520055145230216e+01
1.461535730535837629e+01
1.446004869971235607e+01
1.432028961467373129e+01
1.419708815028975657e+01
1.409146607893690728e+01
1.400447168990614877e+01
1.393718481388812158e+01
1.389071347285153202e+01
1.386618127559328073e+01
1.386470440943752891e+01
1.388735691142788298e+01
1.393512289881453547e+01
1.400883467531063076e+01
1.410909619654622560e+01
1.423619237011597960e+01
1.438998616408747289e+01
1.456980754180701965e+01
1.477434078589910627e+01
1.500151964388269654e+01
1.524844256676805365e+01
1.551132256228115658e+01
1.578548710880930273e+01
1.606544235945395727e+01
1.634501180936483067e+01
1.661755239806743845e+01
1.687624105253847162e+01
1.711441321160821616e+01
1.732592402092577899e+01
1.750549523853843326e+01
1.764900881626550344e+01
1.775371295214127798e+01
1.781831779540587135e+01
1.784297377292481812e+01
1.782914226394443702e+01
1.777938240800000003e+01
1.769708641042934971e+01
1.758619769187398418e+01
1.745094227233223094e+01
1.729559583605200146e+01
1.712429942039228692e+01
1.694092775558704389e+01
1.674900734985672912e+01
1.655167701005722236e+01
1.635168147220204915e+01
1.615138865035963889e+01
1.595282203207327498e+01
1.575770135116334636e+01
1.556748640560669905e+01
1.538342047979122995e+01
1.520657114008296773e+01
1.503786716362271392e+01
1.487813105499393629e+01
1.472810705389205488e+01
1.458848479623994443e+01
1.445991891405524044e+01
1.434304488924480658e+01
1.423849144661524235e+01
1.414688970583899064e+01
1.406887922777108990e+01
1.400511099907244095e+01
1.395624730895704779e+01
1.392295838968026800e+01
1.390591562421231409e+01
1.390578107683383280e+01
1.392319308252937837e+01
1.395874764765066622e+01
1.401297547715077130e+01
1.408631456320596520e+01
1.417907845636629993e+01
1.429142060168268280e+01
1.442329546248944361e+01
1.457441757048081854e+01
1.474422011874042049e+01
1.493181522699387642e+01
1.513595851165702122e+01
1.535502102598822738e+01
1.558697192115929653e+01
1.582937523125224288e+01
1.607940391936163849e+01
1.633387367029160586e+01
1.658929784551601472e+01
1.684196355021619240e+01
1.708802699095425126e+01
1.732362438914815783e+01
1.754499288514917765e+01
1.774859437969961817e+01
1.793123436478148491e+01
1.809016768677572173e+01
1.822318394921628126e+01
1.832866685398076712e+01
1.840562401565800243e+01
1.845368637245732302e+01
1.847307891110265032e+01
1.846456668541975077e+01
1.842938177319609139e+01
1.836913773215468737e+01
1.828573826153697368e+01
1.818128624466270082e+01
1.805799831510719144e+01
1.791812876722991987e+01
1.776390522827545482e+01
1.759747719535019073e+01
1.742087743402918676e+01
1.723599539738534503e+01
1.704456126682786987e+01
1.684813891509522321e+01
1.664812600127472209e+01
1.644575947337519040e+01
1.624212492238912375e+01
1.603816845672470492e+01
1.583471001115781363e+01
1.563245724432380435e+01
1.543201939694864144e+01
1.523392067086075130e+01
1.503861284332822912e+01
1.484648695323421741e+01
1.465788398811825743e+01
1.447310456838176229e+01
1.429241767151410158e+01
1.411606846938975757e+01
1.394428536939253505e+01
1.377728635861718587e+01
1.361528475233542146e+01
1.345849444535977391e+01
1.330713475944457613e+01
1.316143497254051020e+01
1.302163860732022194e+01
1.288800754738222309e+01
1.276082604015463140e+01
1.264040463581523532e+01
1.252708410143203821e+01
1.242123933880466780e+01
1.232328332285016081e+01
1.223367106444038477e+01
1.215290358690110217e+01
1.208153188839400016e+01
1.202016084253144612e+01
1.196945296617700727e+01
1.193013195578665986e+01
1.190298586116215773e+01
1.188886972746896653e+01
1.188870749226060219e+01
1.190349287367538444e+01
1.193428892885980197e+01
1.198222589842025343e+01
1.204849688438470068e+01
1.213435083778494850e+01
1.224108226083339446e+01
1.237001696269208040e+01
1.252249315399539675e+01
1.269983713303079575e+01
1.290333281805543386e+01
1.313418443089036991e+01
1.339347175486818742e+01
1.368209759596548025e+01
1.400072739121816312e+01
1.434972135396912840e+01
1.472906013748371556e+01
1.513826574439775641e+01
1.557632030190163697e+01
1.604158633237239684e+01
1.653173321845031651e+01
1.704367559778899732e+01
1.757353029600300331e+01
1.811659895238831908e+01
1.866738352433232251e+01
1.921964118403838739e+01
1.976648358760184720e+01
2.030052301675421234e+01
2.081406450030106825e+01
2.129933890311033906e+01
2.174876748651043457e+01
2.215524411543468730e+01
2.251241773914585309e+01
2.281495563718794273e+01
2.305876771933276359e+01
2.324117417721199530e+01
2.336100295178770736e+01
2.341860938470374620e+01
2.341581732525668613e+01
2.335578793839192002e+01
2.324282855598434594e+01
2.308215835160431695e+01
2.287964992205232306e+01
2.264156592448003380e+01
2.237430799794645964e+01
2.208419180899636558e+01
2.177725785149948834e+01
2.145912324920248082e+01
2.113487579436427310e+01
2.080900817598612917e+01
2.048538798910934844e+01
2.016725769102608368e+01
1.985725807939200749e+01
1.955746893961072530e+01
1.926946104837235652e+01
1.899435454006135870e+01
1.873287958603349068e+01
1.848543628546741857e+01
1.825215154163405273e+01
1.803293145395326036e+01
1.782750837551473921e+01
1.763548226779991523e+01
1.745635634074194087e+01
1.728956721468603419e+01
1.713451000107379585e+01
1.699055879011857684e+01
1.685708307375274728e+01
1.673346063544829221e+01
1.661908741706235304e+01
1.651338483590757988e+01
1.641580497973371777e+01
1.632583405823316269e+01
1.624299444050154051e+01
1.616684556085207092e+01
1.609698393186339160e+01
1.603304246425384605e+01
1.597468925838870746e+01
1.592162600190758504e+01
1.587358608188375086e+01
1.583033249776224061e+01
1.579165564268276789e+01
1.575737100527563328e+01
1.572731683123296698e+01
1.570135177353843403e+01
1.567935255185501475e+01
1.566121163492905843e+01
1.564683495471474650e+01
1.563613965703842368e+01
1.562905189082296964e+01
1.562550463602561912e+01
1.562543556938210543e+01
1.562878496669240924e+01
1.563549364064437164e+01
1.564550091398156439e+01
1.565874262912238812e+01
1.567514919707719123e+01
1.569464369064093034e+01
1.571713998931207001e+01
1.574254098615111985e+01
1.577073686978422451e+01
1.580160349790706320e+01
1.583500088186691812e+01
1.587077180509461094e+01
1.590874060120390077e+01
1.594871212033598695e+01
1.599047091464546710e+01
1.603378067553019193e+01
1.607838395611850402e+01
1.612400221245550469e+01
1.617033619559084556e+01
1.621706672419385242e+01
1.626385586326364319e+01
1.631034852886018172e+01
1.635617453151050782e+01
1.640095106206828390e+01
1.644428561343504214e+01
1.648577931989480305e+01
1.652503068317964718e+01
1.656163964118433896e+01
1.659521192199089512e+01
1.662536361313608424e+01
1.665172586449802239e+01
1.667394963345547509e+01
1.669171037372927913e+01
1.670471256512905356e+01
1.671269398076943702e+01
1.671542959150256991e+01
1.671273501446071563e+01
1.670446942362043785e+01
1.669053785486638475e+01
1.667089285560538414e+01
1.664553544882183900e+01
1.661451540267959359e+01
1.657793081837244742e+01
1.653592706988028738e+01
1.648869514861268826e+01
1.643646948273129738e+01
1.637952531451168880e+01
1.631817572891395685e+01
1.625276843228831325e+01
1.618368238179223439e+01
1.611132436380706423e+01
1.603612561377506651e+01
1.595853856094258560e+01
1.587903377009985739e+01
1.579809713920506020e+01
1.571622739741321695e+01
1.563393393308830426e+01
1.555173496635636177e+01
1.547015606603804549e+01
1.538972899662827132e+01
1.531099086748158378e+01
1.523448354350020040e+01
1.516075326428210168e+01
1.509035040665518679e+01
1.502382931352748230e+01
1.496174809972340469e+01
1.490466833266566127e+01
1.485315447217082685e+01
1.480777293912936265e+01
1.476909066747795229e+01
1.473767297791613906e+01
1.471408059585611028e+01
1.469886562111494754e+01
1.469256624436079228e+01
1.469569999742235211e+01
1.470875532409692887e+01
1.473218126867698174e+01
1.476637510551947940e+01
1.481166777983812466e+01
1.486830710331278915e+01
1.493643875406563737e+01
1.501608527453827513e+01
1.510712344681098607e+01
1.520926065405161864e+01
1.532201110557438462e+01
1.544467310132955440e+01
1.557630882082178836e+01
1.571572841252972985e+01
1.586148039309494884e+01
1.601185049138430116e+01
1.616487103550779736e+01
1.631834272632359983e+01
1.646987012517572069e+01
1.661691138653987920e+01
1.675684170486921332e+01
1.688702868413355418e+01
1.700491649563162611e+01
1.710811442841467667e+01
1.719448444861021841e+01
1.726222185721763225e+01
1.730992321648744081e+01
1.733663646846222406e+01
1.734188955455481107e+01
1.732569570897886635e+01
1.728853569684564917e+01
1.723131930796385092e+01
1.715533011812685871e+01
1.706215867504175776e+01
1.695362974509178500e+01
1.683172907687105990e+01
1.669853440855235860e+01
1.655615434785929807e+01
1.640667748938971471e+01
1.625213289153908391e+01
1.609446195639591792e+01
1.593550092471164703e+01
1.577697264184435788e+01
1.562048595197062006e+01
1.546754099055902465e+01
1.531953870986381183e+01
1.517779312947278925e+01
1.504354500205297640e+01
1.491797578353363996e+01
1.480222096975393065e+01
1.469738199206720175e+01
1.460453594567219504e+01
1.452474245666742902e+01
1.445904698247685083e+01
1.440847979528437506e+01
1.437404983367372857e+01
1.435673254293239154e+01
1.435745078454510093e+01
1.437704791254051884e+01
1.441625222880588275e+01
1.447563228913768185e+01
1.455554298970018934e+01
1.465606307203321990e+01
1.477692568474333434e+01
1.491744494480776062e+01
1.507644301467410664e+01
1.525218394170177483e+01
1.544232218421904079e+01
1.564387505357021091e+01
1.585322881668177963e+01
1.606618746617699145e+01
1.627807076704508660e+01
1.648386392131360267e+01
1.667841520548120116e+01
1.685667086309437579e+01
1.701392950958280181e+01
1.714609280816185333e+01
1.724988669654414508e+01
1.732302903823244833e+01
1.736432543524516348e+01
1.737368420282096437e+01
1.735205237445587301e+01
1.730128482826902925e+01
1.722396615572893097e+01
1.712320846793820550e+01
1.700244776239742350e+01
1.686525754739346183e+01
1.671519253460454024e+01
1.655566886649138070e+01
1.638988175371378020e+01
1.622075726791015526e+01
1.605093256753814757e+01
1.588275785094912074e+01
1.571831345102581245e+01
1.555943628293607794e+01
1.540775096032368197e+01
1.526470203700210249e+01
1.513158484830862527e+01
1.500957324298159001e+01
1.489974309732444446e+01
1.480309090879128853e+01
1.472054701343697047e+01
1.465298310380334001e+01
1.460121378284118698e+01
1.456599191427993745e+01
1.454799755594795307e+01
1.454782032269603498e+01
1.456593515041503828e+01
1.460267165035155656e+01
1.465817757754228978e+01
1.473237740505799565e+01
1.482492760005681909e+01
1.493517092122779211e+01
1.506209285454500879e+01
1.520428409446071427e+01
1.535991364116657465e+01
1.552671746706991485e+01
1.570200763313604320e+01
1.588270604284750931e+01
1.606540559270840518e+01
1.624645929635400421e+01
1.642209514996694608e+01
1.658855136177901812e+01
1.674222353236683958e+01
1.687981297995126084e+01
1.699846417374656582e+01
1.709587953862370924e+01
1.717040183139192067e+01
1.722105764251332971e+01
1.724755982485964267e+01
1.725027108029948764e+01
1.723013481001804337e+01
1.718858207022220341e+01
1.712742475925605845e+01
1.704874499584350644e+01
1.695478929823737602e+01
1.684787406858709602e+01
1.673030649197371389e+01
1.660432267658010019e+01
1.647204296611495167e+01
1.633544298296875041e+01
1.619633812472750733e+01
1.605637886856455765e+01
1.591705422625891941e+01
1.577970091686829868e+01
1.564551617729893707e+01
1.551557253004122394e+01
1.539083321534723225e+01
1.527216733865266818e+01
1.516036406773159406e+01
1.505614543503110170e+01
1.496017746356936584e+01
1.487307944828687845e+01
1.479543129879305496e+01
1.472777889390162187e+01
1.467063742216301847e+01
1.462449269358003257e+01
1.458980041248059045e+01
1.456698340576076411e+01
1.455642680922352916e+01
1.455847123167803403e+01
1.457340394539390971e+01
1.460144819537566718e+01
1.464275078093493754e+01
1.469736814239283262e+01
1.476525128328140113e+01
1.484622997217796581e+01
1.493999679408781489e+01
1.504609175220573647e+01
1.516388824711575900e+01
1.529258136928938683e+01
1.543117951687655065e+01
1.557850037747679295e+01
1.573317227309214061e+01
1.589364174726363288e+01
1.605818806277360622e+01
1.622494497515756251e+01
1.639192975960936849e+01
1.655707901639912194e+01
1.671829029427636470e+01
1.687346809430552597e+01
1.702057239634174124e+01
1.715766753574150982e+01
1.728296909155276495e+01
1.739488645884096485e+01
1.749205897766432827e+01
1.757338386824072529e+01
1.763803474309684916e+01
1.768547008170807189e+01
1.771543169971472409e+01
1.772793385949001532e+01
1.772324419461742195e+01
1.770185801477821386e+01
1.766446779541121614e+01
1.761192973399763062e+01
1.754522918568105538e+01
1.746544660257138304e+01
1.737372532894354649e+01
1.727124228632150249e+01
1.715918225313756196e+01
1.703871613208633917e+01
1.691098332520420655e+01
1.677707811443994856e+01
1.663803977877115514e+01
1.649484606640228535e+01
1.634840957661525707e+01
1.619957658228884867e+01
1.604912783182827241e+01
1.589778089927942872e+01
1.574619369569391658e+01
1.559496880664938523e+01
1.544465837498596805e+01
1.529576930049681138e+01
1.514876857697885804e+01
1.500408863022009598e+01
1.486213255748591422e+01
1.472327919976489596e+01
1.458788800272605712e+01
1.445630364154056657e+01
1.432886039906102482e+01
1.420588629698875671e+01
1.408770698622464224e+01
1.397464940615809503e+01
1.386704522368555637e+01
1.376523406165818741e+01
1.366956652354302904e+01
1.358040701656466176e+01
1.349813636962360874e+01
1.342315423494959958e+01
1.335588125377914537e+01
1.329676095634963318e+01
1.324626135515832637e+01
1.320487617772477229e+01
1.317312567101778242e+01
1.315155689430420516e+01
1.314074340055752010e+01
1.314128418894496875e+01
1.315380179265115856e+01
1.317893934794117783e+01
1.321735647270513248e+01
1.326972376684247124e+01
1.333671573417593237e+01
1.341900191797649988e+01
1.351723604192888573e+01
1.363204295824222712e+01
1.376400322784473040e+01
1.391363519782131597e+01
1.408137450234156951e+01
1.426755099917771652e+01
1.447236326807500895e+01
1.469585094239879730e+01
1.493786532281215251e+01
1.519803893007504669e+01
1.547575488899295593e+01
1.577011728847144134e+01
1.607992391988591407e+01
1.640364303823663050e+01
1.673939599278109114e+01
1.708494770592503187e+01
1.743770700767719362e+01
1.779473872409048596e+01
1.815278914176702330e+01
1.850832600570438657e+01
1.885759354844597269e+01
1.919668220917067103e+01
1.952161172132473865e+01
1.982842519234879219e+01
2.011329075874349570e+01
2.037260648101753802e+01
2.060310345834876955e+01
2.080194179475697069e+01
2.096679411359956546e+01
2.109591183018633131e+01
2.118817033643968983e+01
2.124309055546603275e+01
2.126083586807003911e+01
2.124218504471492253e+01
2.118848337012718730e+01
2.110157547001834999e+01
2.098372431952750716e+01
2.083752145854745308e+01
2.066579354259539159e+01
2.047151005414233182e+01
2.025769636489891212e+01
2.002735547721834308e+01
1.978340079425426978e+01
1.952860127894810915e+01
1.926553944819786679e+01
1.899658187260985542e+01
1.872386124927204776e+01
1.844926869573474448e+01
1.817445466891064143e+01
1.790083682035604085e+01
1.762961312920396395e+01
1.736177877329091146e+01
1.709814537662599321e+01
1.683936148017252066e+01
1.658593330112720210e+01
1.633824505729230481e+01
1.609657832680874279e+01
1.586113008303227900e+01
1.563202918685553833e+01
1.540935123411706265e+01
1.519313174550568135e+01
1.498337775326593402e+01
1.478007788628090680e+01
1.458321108613534278e+01
1.439275410479573125e+01
1.420868794253870249e+01
1.403100338528213875e+01
1.385970579567559291e+01
1.369481930392760560e+01
1.353639053374491930e+01
1.338449198694789111e+01
1.323922519802552600e+01
1.310072375756530327e+01
1.296915629138337600e+01
1.284472947035074597e+01
1.272769111426061528e+01
1.261833344136752899e+01
1.251699650307134704e+01
1.242407183010750416e+01
1.234000630189238024e+01
1.226530623356690342e+01
1.220054165483338515e+01
1.214635072976985875e+01
1.210344423612953868e+01
1.207260998469913993e+01
1.205471701242669624e+01
1.205071932541616064e+01
1.206165889761840759e+01
1.208866754626202322e+01
1.213296720413734597e+01
1.219586799069806382e+01
1.227876334850657436e+01
1.238312136040536338e+01
1.251047120006370861e+01
1.266238350203093077e+01
1.284044328005806435e+01
1.304621389399640030e+01
1.328119049450041089e+01
1.354674139996850712e+01
1.384403603226802915e+01
1.417395841916731491e+01
1.453700593392628271e+01
1.493317396180982826e+01
1.536182862779767788e+01
1.582157163297706326e+01
1.631010362226705013e+01
1.682409525377913440e+01
1.735907805195137499e+01
1.790936984313799130e+01
1.846805156735359432e+01
1.902701285906005069e+01
1.957708224352319348e+01
2.010825341955262147e+01
2.061001148584677622e+01
2.107175223246932205e+01
2.148327462557310952e+01
2.183531307881824546e+01
2.212006447654287555e+01
2.233165795978389312e+01
2.246651562290292858e+01
2.252356077965265868e+01
2.250424686819033582e+01
2.241240195161981674e+01
2.225390717911840355e+01
2.203624798300895549e+01
2.176799033424902774e+01
2.145823889082104330e+01
2.111612935625007736e+01
2.075039579053083827e+01
2.036903815329800338e+01
1.997909939141549529e+01
1.958654765828159938e+01
1.919624940929577050e+01
1.881201362917110487e+01
1.843668586724090019e+01
1.807227211266748057e+01
1.772007570248432629e+01
1.738083440384299649e+01
1.705484878181292174e+01
1.674209647392436651e+01
1.644232980899513663e+01
1.615515627962252054e+01
1.588010276751330885e+01
1.561666524746502382e+01
1.536434609439356436e+01
1.512268121523603881e+01
1.489125913051547556e+01
1.466973392151047406e+01
1.445783369808741625e+01
1.425536596959321223e+01
1.406222104170269915e+01
1.387837432933957160e+01
1.370388827533832377e+01
1.353891439665343555e+01
1.338369584152799163e+01
1.323857072692532810e+01
1.310397642930199424e+01
1.298045491629507353e+01
1.286865912436858395e+01
1.276936029957518848e+01
1.268345611627553637e+01
1.261197926194338770e+01
1.255610601404335291e+01
1.251716412532712752e+01
1.249663906395425705e+01
1.249617731193700365e+01
1.251758499872867425e+01
1.256281963041698191e+01
1.263397207287147239e+01
1.273323528052871545e+01
1.286285558034480303e+01
1.302506171372458432e+01
1.322196645758207367e+01
1.345543571488620849e+01
1.372692079992508241e+01
1.403725164665575953e+01
1.438639229954615928e+01
1.477316574118544423e+01
1.519496312835791585e+01
1.564746268926671036e+01
1.612439498806331173e+01
1.661740204532809173e+01
1.711604474306201595e+01
1.760801184504786221e+01
1.807957045883777880e+01
1.851626894318373928e+01
1.890385986324003653e+01
1.922935895697571951e+01
1.948210854313054696e+01
1.965468628119684524e+01
1.974350665668448812e+01
1.974900820287318481e+01
1.967539603321682051e+01
1.952999603189827837e+01
1.932234826956161200e+01
1.906320267426475468e+01
1.876357317809997838e+01
1.843396593485051227e+01
1.808384057950805257e+01
1.772130945280905934e+01
1.735304080086815404e+01
1.698431236564308833e+01
1.661915894423060536e+01
1.626056552940253752e+01
1.591067045829487903e+01
1.557095606747313354e+01
1.524241517542337832e+01
1.492568944041691203e+01
1.462118045198454652e+01
1.432913694816179806e+01
1.404972253401006554e+01
1.378306833029225942e+01
1.352931455761072144e+01
1.328864445351615764e+01
1.306131329540901298e+01
1.284767474122036823e+01
1.264820622912314185e+01
1.246353479127086139e+01
1.229446431129923134e+01
1.214200495699921412e+01
1.200740520620780849e+01
1.189218650528408894e+01
1.179818009478906760e+01
1.172756483211780498e+01
1.168290384633269241e+01
1.166717647182350603e+01
1.168380001150474357e+01
1.173663337252288486e+01
1.182995143809599270e+01
1.196837523871691289e+01
1.215673883318527260e+01
1.239986995169593520e+01
1.270225912495495635e+01
1.306759327468899201e+01
1.349813757716021989e+01
1.399396764546319361e+01
1.455208655905887838e+01
1.516551008266517719e+01
1.582246576806369909e+01
1.650591582476539898e+01
1.719365589334474009e+01
1.785922757986205411e+01
1.847377685389075097e+01
1.900877944687539767e+01
1.943927206941696184e+01
1.974696857521206894e+01
1.992253263940009234e+01
1.996642058424011523e+01
1.988808831090677032e+01
1.970383137581347910e+01
1.943389011167068858e+01
1.909955506553304616e+01
1.872084826358108600e+01
1.831505448450527851e+01
1.789608699314163331e+01
1.747449169000384472e+01
1.705783842188361632e+01
1.665128021993258045e+01
1.625812980776548144e+01
1.588037088371726746e+01
1.551907232240965229e+01
1.517470396616829476e+01
1.484736737267851403e+01
1.453695953176846700e+01
1.424328691441936634e+01
1.396614438279866199e+01
1.370537018974823340e+01
1.346088531884086770e+01
1.323272302287455915e+01
1.302105261217967502e+01
1.282620022384775815e+01
1.264866834317657052e+01
1.248915513132198996e+01
1.234857403825628452e+01
1.222807366508985893e+01
1.212905731575831858e+01
1.205320108594334272e+01
1.200246862543672677e+01
1.197911983592833529e+01
1.198570969973985889e+01
1.202507217074258428e+01
1.210028263319630781e+01
1.221459095353382551e+01
1.237131582631703353e+01
1.257369031067257836e+01
1.282464872143545520e+01
1.312654714781620946e+01
1.348081477181100141e+01
1.388754184706574435e+01
1.434502342730871227e+01
1.484929570331260607e+01
1.539372268020801471e+01
1.596871129785654020e+01
1.656164679204428580e+01
1.715713886218889428e+01
1.773764471231512374e+01
1.828448252841302235e+01
1.877917189901912565e+01
1.920495101675868810e+01
1.954824960346993379e+01
1.979986976218885175e+01
1.995566325575575561e+01
2.001659070310282118e+01
1.998817911701531358e+01
1.987951738412983360e+01
1.970200634043775167e+01
1.946809271012300613e+01
1.919017166103653693e+01
1.887976650719750182e+01
1.854701545040991917e+01
1.820043530049406755e+01
1.784689904132131488e+01
1.749175536216816340e+01
1.713902584191394851e+01
1.679163074989147830e+01
1.645161094124792811e+01
1.612032742963791065e+01
1.579863057980429986e+01
1.548699756508525027e+01
1.518564051541736504e+01
1.489458951773671558e+01
1.461375508956893121e+01
1.434297449911596090e+01
1.408204573139644999e+01
1.383075222905661938e+01
1.358888089191930426e+01
1.335623525768755115e+01
1.313264532490650183e+01
1.291797511520584862e+01
1.271212879264212958e+01
1.251505594841093227e+01
1.232675650446001825e+01
1.214728557655443275e+01
1.197675855526058797e+01
1.181535660333858395e+01
1.166333272310712665e+01
1.152101851175042846e+01
1.138883169147906393e+01
1.126728447071320538e+01
1.115699275805473256e+01
1.105868620876367814e+01
1.097321902952004535e+01
1.090158139677940596e+01
1.084491125182950810e+01
1.080450611596793919e+01
1.078183441581812474e+01
1.077854561526281607e+01
1.079647821074811276e+01
1.083766435606050926e+01
1.090432953917086323e+01
1.099888534043477861e+01
1.112391286946089153e+01
1.128213403055163333e+01
1.147636734421102567e+01
1.170946471821757662e+01
1.198422540846637396e+01
1.230328356296273107e+01
1.266896636231233408e+01
1.308312104576488188e+01
1.354691124358504517e+01
1.406058620180182217e+01
1.462323078398504528e+01
1.523250951103986850e+01
1.588442404874800218e+01
1.657310982445961045e+01
1.729070279334669991e+01
1.802731033686033157e+01
1.877111918066412599e+01
1.950866647638158113e+01
2.022528680252657196e+01
2.090572798976873159e+01
2.153490423547875210e+01
2.209872966166421548e+01
2.258495443582078011e+01
2.298391429533912955e+01
2.328910702019395274e+01
2.349752747640453521e+01
2.360972392810325360e+01
2.362957649242811087e+01
2.356383597754147274e+01
2.342149025764085124e+01
2.321304062313087258e+01
2.294977075854930959e+01
2.264307838188210553e+01
2.230391884113389267e+01
2.194238658035067502e+01
2.156743904515302646e+01
2.118675128996643053e+01
2.080667939671795708e+01
2.043230643521505385e+01
2.006754481303295279e+01
1.971527189978507622e+01
1.937748031046025332e+01
1.905542907942844977e+01
1.874978643018562607e+01
1.846075857232047213e+01
1.818820181821149617e+01
1.793171734945577001e+01
1.769072930114806042e+01
1.746454762296225738e+01
1.725241756681998950e+01
1.705355776792303146e+01
1.686718882862541946e+01
1.669255415670545517e+01
1.652893460258269798e+01
1.637565821791763909e+01
1.623210624181681538e+01
1.609771622232356236e+01
1.597198300558515704e+01
1.585445817466667862e+01
1.574474839367051082e+01
1.564251300856299309e+01
1.554746117126314431e+01
1.545934868532060058e+01
1.537797471721663634e+01
1.530317847452226765e+01
1.523483591870187404e+01
1.517285655443409809e+01
1.511718031740843848e+01
1.506777456739163412e+01
1.502463118192740765e+01
1.498776373752577307e+01
1.495720475897730672e+01
1.493300301300225819e+01
1.491522081944463984e+01
1.490393135137888692e+01
1.489921589462734453e+01
1.490116103717662810e+01
1.490985575977472521e+01
1.492538840058216820e+01
1.494784346917364992e+01
1.497729828850722100e+01
1.501381944778726307e+01
1.505745905455129652e+01
1.510825078092237739e+01
1.516620570689737058e+01
1.523130797287875460e+01
1.530351026446441232e+01
1.538272916479852093e+01
1.546884042350216504e+01
1.556167420620257502e+01
1.566101040471423822e+01
1.576657410461410791e+01
1.587803132377104021e+01
1.599498515165123536e+01
1.611697243407752467e+01
1.624346116056342026e+01
1.637384872022810356e+01
1.650746119638215959e+01
1.664355386787215352e+01
1.678131307594134114e+01
1.691985959760203428e+01
1.705825363948054019e+01
1.719550152933717158e+01
1.733056413605169510e+01
1.746236699350978583e+01
1.758981204097153395e+01
1.771179082436861307e+01
1.782719893254397547e+01
1.793495137336700296e+01
1.803399853107313078e+01
1.812334229247294104e+01
1.820205189014666303e+01
1.826927898922160765e+01
1.832427154381406709e+01
1.836638597149957874e+01
1.839509723957651133e+01
1.841000652409183402e+01
1.841084618863801836e+01
1.839748193033856793e+01
1.836991204955656087e+01
1.832826391127392895e+01
1.827278777316524483e+01
1.820384825183278110e+01
1.812191377904756706e+01
1.802754446002152733e+01
1.792137878317964095e+01
1.780411964479369402e+01
1.767652014304612607e+01
1.753936956696277605e+01
1.739347995969971095e+01
1.723967357717404525e+01
1.707877149662368765e+01
1.691158355994839013e+01
1.673889976781724798e+01
1.656148317607250320e+01
1.638006428865735131e+01
1.619533689301575308e+01
1.600795524567155326e+01
1.581853248774035592e+01
1.562764015206819579e+01
1.543580861464760190e+01
1.524352834172627347e+01
1.505125178920867057e+01
1.485939582111675783e+01
1.466834452763483831e+01
1.447845233935296427e+01
1.429004735165712425e+01
1.410343479090552954e+01
1.391890057139745451e+01
1.373671490869971024e+01
1.355713597033839335e+01
1.338041355903452967e+01
1.320679283652932234e+01
1.303651810767029140e+01
1.286983669494214588e+01
1.270700294319468782e+01
1.254828240312941112e+01
1.239395625033480108e+01
1.224432600445734032e+01
1.209971862055832581e+01
1.196049203185607368e+01
1.182704122980047501e+01
1.169980497353654769e+01
1.157927322585216068e+01
1.146599541597492511e+01
1.136058963003588218e+01
1.126375282613955342e+01
1.117627216064645879e+01
1.109903749256227456e+01
1.103305509988463129e+01
1.097946259012015702e+01
1.093954491004844520e+01
1.091475124827477039e+01
1.090671246691855956e+01
1.091725848201313909e+01
1.094843471915822342e+01
1.100251638247863184e+01
1.108201877025608262e+01
1.118970122952844015e+01
1.132856154880790278e+01
1.150181663837286905e+01
1.171286425865414671e+01
1.196521938394795725e+01
1.226241764549118507e+01
1.260787738724545726e+01
1.300471151284025417e+01
1.345548097855348502e+01
1.396188413978700993e+01
1.452438098134917333e+01
1.514175940678073751e+01
1.581066293085310726e+01
1.652511549823835324e+01
1.727609887273411005e+01
1.805125853923897239e+01
1.883483052071736452e+01
1.960788680677389806e+01
2.034898273415729264e+01
2.103524827268007868e+01
2.164389444960001541e+01
2.215401333194064648e+01
2.254845452800799421e+01
2.281549260365487442e+01
2.294998900228866034e+01
2.295381745298393739e+01
2.283545688512429450e+01
2.260882583221365749e+01
2.229158540385220633e+01
2.190322677290107478e+01
2.146326140370375413e+01
2.098975841458180014e+01
2.049835831362435457e+01
2.000177672426523401e+01
1.950972578197041329e+01
1.902913656084321659e+01
1.856455910708200463e+01
1.811863477234467723e+01
1.769256474414212121e+01
1.728652846900223139e+01
1.690003018029779369e+01
1.653216898273501911e+01
1.618183834340015892e+01
1.584786592127701255e+01
1.552910616119443254e+01
1.522449746119243130e+01
1.493309407257422805e+01
1.465408090646405981e+01
1.438677749833224873e+01
1.413063571596342705e+01
1.388523445231648701e+01
1.365027351707273695e+01
1.342556818973018551e+01
1.321104537138515589e+01
1.300674192058096601e+01
1.281280553534651645e+01
1.262949841092821224e+01
1.245720383012207577e+01
1.229643580578750850e+01
1.214785187231567853e+01
1.201226909571642842e+01
1.189068332154810470e+01
1.178429158468240345e+01
1.169451743867011828e+01
1.162303869195866746e+01
1.157181662076590278e+01
1.154312511029745458e+01
1.153957729194286230e+01
1.156414601971628286e+01
1.162017288879308552e+01
1.171135838258823902e+01
1.184172313048946634e+01
1.201552725692959811e+01
1.223713168275622998e+01
1.251078258904600560e+01
1.284029911683951042e+01
1.322864640446882412e+01
1.367738358097366103e+01
1.418599217507599697e+01
1.475111729129252680e+01
1.536579311722080554e+01
1.601877343825197286e+01
1.669413791289176530e+01
1.737137823588257390e+01
1.802615939468262596e+01
1.863187344298655646e+01
1.916194378545079502e+01
1.959261684265510084e+01
1.990575940164851332e+01
2.009106046839189474e+01
2.014710140282289075e+01
2.008102377150990847e+01
1.990690621074401179e+01
1.964330522412357283e+01
1.931058019379183222e+01
1.892856402719129605e+01
1.851492176756407204e+01
1.808428028403043086e+01
1.764801475116308183e+01
1.721448387373148847e+01
1.678950221383571773e+01
1.637688548353716911e+01
1.597896614109732383e+01
1.559702947547602392e+01
1.523165644477084157e+01
1.488297969322069747e+01
1.455086780752161424e+01
1.423505461312758946e+01
1.393522865228010232e+01
1.365109510873704934e+01
1.338241950207296505e+01
1.312905996084213101e+01
1.289099292963454957e+01
1.266833572989769507e+01
1.246136837497363636e+01
1.227055632203861713e+01
1.209657532331058860e+01
1.194033912576922951e+01
1.180303038309052077e+01
1.168613471037049401e+01
1.159147725418085351e+01
1.152126038235281946e+01
1.147810002294607834e+01
1.146505669249847514e+01
1.148565523921123877e+01
1.154388469417800600e+01
1.164416633902592402e+01
1.179127425857509337e+01
1.199018859519062197e+01
1.224585820893075905e+01
1.256284783643013903e+01
1.294484729792178612e+01
1.339402986660570605e+01
1.391026723393852471e+01
1.449024289938027010e+01
1.512655533973859967e+01
1.580696269946978738e+01
1.651397881709987203e+01
1.722506196526057209e+01
1.791361030441843383e+01
1.855086254064669404e+01
1.910859322164279206e+01
1.956222968035504906e+01
1.989379328886151654e+01
2.009399561014824442e+01
2.016297525337633090e+01
2.010951823077735412e+01
1.994902825818222780e+01
1.970082560179931264e+01
1.938543549850123782e+01
1.902238417030075723e+01
1.862875746984938985e+01
1.821852288788145557e+01
1.780245239005494540e+01
1.738842693701917241e+01
1.698192400251948797e+01
1.658654523142115522e+01
1.620450057716805858e+01
1.583701164814529605e+01
1.548462674632763658e+01
1.514745581122192775e+01
1.482533970649818222e+01
1.451796907775250212e+01
1.422496623447329434e+01
1.394594088082174466e+01
1.368052791698931259e+01
1.342841332152479694e+01
1.318935239539221094e+01
1.296318336356640089e+01
1.274983840721982276e+01
1.254935355105820527e+01
1.236187837902828157e+01
1.218768623552392150e+01
1.202718534058520206e+01
1.188093106986448433e+01
1.174963949476580538e+01
1.163420212173017099e+01
1.153570159159155217e+01
1.145542788095637654e+01
1.139489426862929911e+01
1.135585197226698639e+01
1.134030190559558271e+01
1.135050143954228119e+01
1.138896336325294989e+01
1.145844343819794631e+01
1.156191204817251084e+01
1.170250453367047605e+01
1.188344397727777668e+01
1.210792966576921259e+01
1.237898447301984461e+01
1.269925536460890036e+01
1.307076359015998612e+01
1.349460541829666660e+01
1.397061093879462312e+01
1.449697772669439644e+01
1.506990775534006133e+01
1.568328877037095914e+01
1.632847321578322308e+01
1.699421538035805312e+01
1.766682649391131221e+01
1.833059389949299600e+01
1.896848164409463422e+01
1.956308689243256538e+01
2.009777554966253632e+01
2.055787255672588998e+01
2.093175152285453677e+01
2.121166704204349784e+01
2.139420656252581310e+01
2.148030179203500012e+01
2.147481693063179975e+01
2.138580201894088262e+01
2.122354630976667877e+01
2.099957963283847917e+01
2.072575120363400814e+01
2.041347587703183564e+01
2.007319144280013035e+01
1.971402924595938444e+01
1.934367125496597239e+01
1.896835143073554519e+01
1.859295577456671111e+01
1.822117989720622688e+01
1.785571143522678739e+01
1.749841411065775887e+01
1.715049880756497558e+01
1.681267385515375778e+01
1.648527158776586887e+01
1.616835141317840652e+01
1.586178143472023550e+01
1.556530152825575186e+01
1.527857100557798731e+01
1.500120385648125598e+01
1.473279423203033467e+01
1.447293442794284957e+01
1.422122721949363644e+01
1.397729402560404388e+01
1.374078005660635604e+01
1.351135733180841747e+01
1.328872623671557029e+01
1.307261611955203051e+01
1.286278529536571646e+01
1.265902072637458353e+01
1.246113757288030222e+01
1.226897875452996445e+01
1.208241462241107733e+01
1.190134281478007949e+01
1.172568835029009904e+01
1.155540400018791658e+01
1.139047097340339754e+01
1.123089994447725104e+01
1.107673245289930719e+01
1.092804270292870683e+01
1.078493979477740439e+01
1.064757042071184046e+01
1.051612206278641004e+01
1.039082673221773589e+01
1.027196529348561249e+01
1.015987241870858426e+01
1.005494221921624565e+01
9.957634600938678915e+00
9.868482387510598031e+00
9.788099248892811133e+00
9.717188462635094837e+00
9.656552518108417971e+00
9.607103549195196379e+00
9.569874545654444731e+00
9.546031244748524713e+00
9.536884539204514510e+00
9.543903151022288256e+00
9.568726208236727260e+00
9.613175218149322632e+00
9.679264750084794144e+00
9.769210917789180826e+00
9.885436481307301904e+00
1.003057106752959449e+01
1.020744463798664725e+01
1.041907191801899479e+01
1.066862505810680872e+01
1.095939135369396844e+01
1.129471244980720712e+01
1.167790116994009431e+01
1.211213203258597559e+01
1.260030178396741007e+01
1.314485704621869999e+01
1.374758764896932206e+01
1.440938658323946164e+01
1.512998097417044718e+01
1.590764312606578379e+01
1.673889651654683419e+01
1.761823833480445956e+01
1.853790716295420182e+01
1.948773066461045289e+01
2.045509221493314911e+01
2.142505549514318730e+01
2.238068033366965182e+01
2.330355005505747101e+01
2.417450985351721116e+01
2.497458843257086869e+01
2.568604458708042060e+01
2.629345176238334858e+01
2.678471330741069778e+01
2.715189523396981386e+01
2.739177569079319241e+01
2.750604108557596206e+01
2.750110330588955421e+01
2.738756244683557028e+01
2.717938480365679510e+01
2.689289771785237804e+01
2.654571587353387940e+01
2.615570734943610276e+01
2.574008607755714095e+01
2.531468698884770774e+01
2.489344819616016480e+01
2.448809687545774949e+01
2.410801548921094906e+01
2.376025362267119334e+01
2.344964705482804135e+01
2.317900778689179120e+01
2.294935434815166175e+01
2.276015879422743282e+01
2.260959392623195541e+01
2.249477047419252074e+01
2.241195886595852471e+01
2.235679364994947704e+01
2.232446077518392968e+01
2.230986898214080583e+01
2.230780678825392016e+01
2.231308622420727517e+01
2.232067382972403635e+01
2.232580865531752323e+01
2.232410630792946549e+01
2.231164755302049585e+01
2.228504973175131809e+01
2.224151931429873486e+01
2.217888429001207129e+01
2.209560575132936577e+01
2.199076888519052986e+01
2.186405454247798374e+01
2.171569350130382858e+01
2.154640636662924535e+01
2.135733266820710696e+01
2.114995307209589370e+01
2.092600868420443661e+01
2.068742120910243543e+01
2.043621727555607137e+01
2.017445961511749530e+01
1.990418705529661381e+01
1.962736453790490998e+01
1.934584366066220440e+01
1.906133361579879448e+01
1.877538189524934253e+01
1.848936376272896354e+01
1.820447925795656019e+01
1.792175638544938110e+01
1.764205913007339177e+01
1.736609901066446326e+01
1.709444900783544696e+01
1.682755886070159335e+01
1.656577090112473272e+01
1.630933576858092948e+01
1.605842751330467522e+01
1.581315774304973765e+01
1.557358859584392974e+01
1.533974442616854539e+01
1.511162217552521092e+01
1.488920046203178593e+01
1.467244746989656434e+01
1.446132775106882740e+01
1.425580807081590606e+01
1.405586243905400856e+01
1.386147647232597180e+01
1.367265122941865840e+01
1.348940665845123021e+01
1.331178478621476735e+01
1.313985277266506202e+01
1.297370594554524992e+01
1.281347092267740884e+01
1.265930892282891129e+01
1.251141936035322821e+01
1.237004381397036745e+01
1.223547045586050785e+01
1.210803902328533077e+01
1.198814641061300357e+01
1.187625295405242198e+01
1.177288947345273762e+01
1.167866512367699983e+01
1.159427609032565165e+01
1.152051513838660490e+01
1.145828198440500678e+01
1.140859440877369479e+01
1.137259994943709707e+01
1.135158791511568133e+01
1.134700131715259808e+01
1.136044813491023220e+01
1.139371108971944757e+01
1.144875479540788810e+01
1.152772876846118244e+01
1.163296430924883396e+01
1.176696270430995561e+01
1.193237155572644070e+01
1.213194534212109765e+01
1.236848560962592636e+01
1.264475557399575223e+01
1.296336353708979416e+01
1.332660960495010727e+01
1.373629104817850433e+01
1.419346366088726974e+01
1.469816010575449106e+01
1.524907192792916355e+01
1.584320999429095345e+01
1.647556854151908823e+01
1.713883014950864592e+01
1.782316121165941780e+01
1.851615708561736184e+01
1.920299914420253984e+01
1.986687781357374050e+01
2.048971234072215353e+01
2.105315789021233641e+01
2.153983669026652947e+01
2.193467153919614177e+01
2.222615192428179753e+01
2.240734239561928831e+01
2.247646283246364263e+01
2.243693331586138484e+01
2.229687049228128615e+01
2.206812330973103897e+01
2.176501561354064052e+01
2.140300008362280337e+01
2.099741617703574548e+01
2.056249397650746857e+01
2.011067619406102125e+01
1.965226327641543236e+01
1.919533663339617746e+01
1.874588829885810526e+01
1.830807976223456635e+01
1.788456180436528342e+01
1.747680359397711314e+01
1.708539713069711752e+01
1.671031869251453372e+01
1.635114067113036640e+01
1.600719491106205439e+01
1.567769303432736905e+01
1.536181112645211044e+01
1.505874644273339946e+01
1.476775315851596027e+01
1.448816312628527925e+01
1.421939643096787265e+01
1.396096543270023282e+01
1.371247503985753546e+01
1.347362119207471132e+01
1.324418894787662460e+01
1.302405114264401575e+01
1.281316828246321293e+01
1.261159014046966398e+01
1.241945939998062798e+01
1.223701762218701106e+01
1.206461378821698105e+01
1.190271566159257866e+01
1.175192422474369991e+01
1.161299144987478904e+01
1.148684165632508147e+01
1.137459666664570435e+01
1.127760487952401292e+01
1.119747419891729479e+01
1.113610845363056434e+01
1.109574645381472813e+01
1.107900208634211303e+01
1.108890275562317562e+01
1.112892191708169776e+01
1.120299930289505497e+01
1.131553958858765441e+01
1.147137663086278181e+01
1.167568608597878566e+01
1.193382451285076229e+01
1.225106873830213061e+01
1.263222676979006209e+01
1.308109330544869486e+01
1.359973247568997756e+01
1.418759239249045478e+01
1.484049497515317739e+01
1.554960282544302608e+01
1.630053915584324642e+01
1.707291250160474050e+01
1.784054578443907957e+01
1.857268649496390722e+01
1.923633841075432827e+01
1.979958989583064621e+01
2.023546510174978508e+01
2.052551444794661251e+01
2.066225437469613269e+01
2.064978099640429932e+01
2.050238869803423825e+01
2.024162334014795306e+01
1.989262086872056301e+01
1.948065187047233593e+01
1.902853410739842843e+01
1.855516697402952175e+01
1.807508427833012732e+01
1.759872580187078839e+01
1.713309479732324547e+01
1.668253588769631079e+01
1.624946735595622371e+01
1.583498950097935420e+01
1.543935003732575240e+01
1.506227947049989702e+01
1.470322192189786570e+01
1.436148827936066930e+01
1.403635486329156556e+01
1.372712562019619043e+01
1.343317095176556641e+01
1.315395231842794566e+01
1.288903881626888648e+01
1.263811987403411052e+01
1.240101684751722466e+01
1.217769540922452975e+01
1.196828008631659834e+01
1.177307197258170035e+01
1.159257044458030350e+01
1.142749958286563938e+01
1.127883988206702526e+01
1.114786567644537740e+01
1.103618845201120990e+01
1.094580579017287114e+01
1.087915499725149182e+01
1.083916939655324718e+01
1.082933363935153182e+01
1.085373204071401787e+01
1.091708066084852824e+01
1.102472944913665209e+01
1.118261516512431442e+01
1.139713915673840461e+01
1.167493706907701601e+01
1.202250167594456443e+01
1.244561804787780446e+01
1.294857665643284150e+01
1.353315098806068129e+01
1.419736897190978553e+01
1.493417760934718430e+01
1.573019664828665221e+01
1.656486506495253508e+01
1.741036749110060455e+01
1.823272882932221961e+01
1.899432006294748021e+01
1.965769384593529878e+01
2.019021355125337180e+01
2.056851253548986946e+01
2.078164807048832330e+01
2.083206544761111445e+01
2.073412952987565916e+01
2.051074520090104869e+01
2.018911500376289681e+01
1.979675199960636789e+01
1.935852675325684658e+01
1.889502197784621274e+01
1.842204725408374699e+01
1.795095235135636713e+01
1.748935627048399510e+01
1.704199723125007537e+01
1.661152535239134309e+01
1.619915724761350972e+01
1.580517516237742015e+01
1.542928620830674546e+01
1.507086952716554862e+01
1.472914006168048928e+01
1.440325342776770867e+01
1.409237083276797797e+01
1.379569780745789842e+01
1.351250633956015967e+01
1.324214688320284061e+01
1.298405451819310841e+01
1.273775203437630310e+01
1.250285172486237606e+01
1.227905703190978315e+01
1.206616478581260488e+01
1.186406852920478805e+01
1.167276327125055069e+01
1.149235193069763561e+01
1.132305367825688869e+01
1.116521435942422080e+01
1.101931915533331718e+01
1.088600761031822550e+01
1.076609110977157258e+01
1.066057281882233099e+01
1.057066997740725611e+01
1.049783827343380516e+01
1.044379776198590193e+01
1.041055943960443386e+01
1.040045108908084792e+01
1.041614034949053469e+01
1.046065210607263296e+01
1.053737620891347682e+01
1.065006020863558867e+01
1.080278026487139087e+01
1.099988171998128728e+01
1.124587920762237658e+01
1.154530488667669808e+01
1.190249293530589014e+01
1.232128949847131061e+01
1.280468075962611252e+01
1.335433875301592010e+01
1.397009595201756937e+01
1.464937615762745438e+01
1.538663039310319469e+01
1.617285032148015134e+01
1.699525371761686543e+01
1.783724971906195833e+01
1.867878706388352938e+01
1.949715779628986567e+01
2.026826767928855944e+01
2.096829717960667594e+01
2.157557948409564119e+01
2.207244117949791828e+01
2.244671682645601862e+01
2.269268167018760707e+01
2.281124752600102923e+01
2.280941088333873168e+01
2.269908741912996675e+01
2.249557068821606620e+01
2.221588896050466744e+01
2.187730286261455248e+01
2.149610932471539115e+01
2.108682522758406108e+01
2.066174388364743564e+01
2.023080400631188880e+01
1.980168657918094155e+01
1.938005408232727689e+01
1.896985973491101873e+01
1.857367335766451433e+01
1.819298928388047898e+01
1.782849734273987607e+01
1.748030929606325756e+01
1.714814047834475019e+01
1.683145058026499541e+01
1.652954945114740326e+01
1.624167428542243385e+01
1.596704421811544705e+01
1.570489760858736616e+01
1.545451640735572596e+01
1.521524113090009145e+01
1.498647919085794733e+01
1.476770866676307747e+01
1.455847907841355315e+01
1.435841029431794702e+01
1.416719038999721292e+01
1.398457302659919854e+01
1.381037473987135478e+01
1.364447239777724796e+01
1.348680099012408462e+01
1.333735184600692136e+01
1.319617132721703889e+01
1.306336001223733057e+01
1.293907236163334851e+01
1.282351683816884957e+01
1.271695644124914004e+01
1.261970960333647973e+01
1.253215138423464303e+01
1.245471488636110813e+01
1.238789279929528497e+01
1.233223896415256426e+01
1.228836982695830038e+01
1.225696562457296324e+01
1.223877111637146342e+01
1.223459563949999307e+01
1.224531222505562766e+01
1.227185546722990495e+01
1.231521778807320544e+01
1.237644368846395437e+01
1.245662152335473571e+01
1.255687228976928616e+01
1.267833487406870319e+01
1.282214717707198659e+01
1.298942252998170233e+01
1.318122084106239811e+01
1.339851398503050284e+01
1.364214507829809087e+01
1.391278148882546795e+01
1.421086172450379159e+01
1.453653674176885247e+01
1.488960672478157399e+01
1.526945500481097540e+01
1.567498150645679900e+01
1.610453889158953089e+01
1.655587537098885065e+01
1.702608889029007599e+01
1.751159796844958194e+01
1.800813474994577135e+01
1.851076569198382771e+01
1.901394461717953632e+01
1.951160152319101826e+01
1.999726851540871664e+01
2.046424156704621922e+01
2.090577367302137546e+01
2.131529162778647191e+01
2.168662550339272954e+01
2.201423737429282568e+01
2.229343436593324768e+01
2.252055104366280247e+01
2.269308768683157851e+01
2.280979406225336348e+01
2.287069262711701967e+01
2.287704014593819934e+01
2.283123185898234908e+01
2.273665693182348591e+01
2.259751738876993699e+01
2.241862472443439458e+01
2.220518878221716363e+01
2.196261241384290130e+01
2.169630321060902745e+01
2.141151065607994752e+01
2.111319384552599843e+01
2.080592185018421603e+01
2.049380617211152256e+01
2.018046271269683700e+01
1.986899932247768064e+01
1.956202427600499405e+01
1.926167082541993025e+01
1.896963320182815593e+01
1.868720992130410963e+01
1.841535089223038923e+01
1.815470551532118648e+01
1.790566964588700571e+01
1.766842990334033203e+01
1.744300434027253743e+01
1.722927891334934358e+01
1.702703953261666214e+01
1.683599971331650735e+01
1.665582402728502132e+01
1.648614766291584388e+01
1.632659246660341168e+01
1.617677986631010967e+01
1.603634107947139853e+01
1.590492499106517066e+01
1.578220405977525509e+01
1.566787857567148023e+01
1.556167955529788216e+01
1.546337052203176832e+01
1.537274838274180233e+01
1.528964357719180001e+01
1.521391964490004689e+01
1.514547232553068135e+01
1.508422828339576149e+01
1.503014352416985666e+01
1.498320155226413952e+01
1.494341130023517827e+01
1.491080484686972163e+01
1.488543492796289414e+01
1.486737223310093725e+01
1.485670247282593337e+01
1.485352319331109960e+01
1.485794031008714633e+01
1.487006432847735127e+01
1.489000621633756261e+01
1.491787289464518551e+01
1.495376231369678877e+01
1.499775808747956596e+01
1.504992366655350189e+01
1.511029604093037726e+01
1.517887897938460640e+01
1.525563583077490826e+01
1.534048193661647375e+01
1.543327673250639265e+01
1.553381564904643852e+01
1.564182196030513872e+01
1.575693876890088063e+01
1.587872136026323844e+01
1.600663020275167980e+01
1.614002491263649830e+01
1.627815954034820223e+01
1.642017956309237192e+01
1.656512098457359272e+01
1.671191194050556206e+01
1.685937718413517672e+01
1.700624577496190781e+01
1.715116221300073107e+01
1.729270114879941289e+01
1.742938565679319751e+01
1.755970889019571146e+01
1.768215874653954245e+01
1.779524497466833566e+01
1.789752796002244040e+01
1.798764825133018874e+01
1.806435575519234149e+01
1.812653744167483438e+01
1.817324238733962360e+01
1.820370304088442026e+01
1.821735173310085187e+01
1.821383166215472826e+01
1.819300185462477160e+01
1.815493591297567377e+01
1.809991468698648376e+01
1.802841332365621341e+01
1.794108343159002317e+01
1.783873131990066696e+01
1.772229342250890483e+01
1.759281008842591731e+01
1.745139890742189692e+01
1.729922865630550533e+01
1.713749480778594148e+01
1.696739735937470783e+01
1.679012153331424528e+01
1.660682168865318076e+01
1.641860858932362888e+01
1.622653999966166793e+01
1.603161443920161489e+01
1.583476782548756390e+01
1.563687266708748780e+01
1.543873943606925181e+01
1.524111974503679612e+01
1.504471097250069356e+01
1.485016201566686256e+01
1.465807989579490389e+01
1.446903699295853940e+01
1.428357874013560114e+01
1.410223165786571720e+01
1.392551165797940804e+01
1.375393258665374674e+01
1.358801501241718945e+01
1.342829529322384552e+01
1.327533497802343732e+01
1.312973061199271463e+01
1.299212402012769374e+01
1.286321314010917227e+01
1.274376346044226693e+01
1.263462009111346696e+01
1.253672044752689096e+01
1.245110745898135107e+01
1.237894311346713039e+01
1.232152201223863841e+01
1.228028441958308647e+01
1.225682804265891868e+01
1.225291744899238289e+01
1.227048961071752409e+01
1.231165354248305377e+01
1.237868136769994187e+01
1.247398741145155654e+01
1.260009110601119353e+01
1.275955867042406133e+01
1.295491780691171257e+01
1.318853923757249191e+01
1.346247907651611975e+01
1.377827720007329404e+01
1.413670945480170715e+01
1.453749630692892758e+01
1.497897791427489622e+01
1.545777585623250516e+01
1.596847456324362469e+01
1.650336951405490993e+01
1.705234178389556376e+01
1.760292523302279477e+01
1.814062806850371956e+01
1.864954939255952482e+01
1.911329085321848353e+01
1.951610620607718971e+01
1.984416764461767713e+01
2.008677460007428905e+01
2.023730871027399658e+01
2.029376302878601379e+01
2.025874572294322462e+01
2.013896196672582306e+01
1.994428221642500176e+01
1.968657852957440113e+01
1.937853296051789798e+01
1.903259298519681764e+01
1.866018557076791851e+01
1.827122879558218571e+01
1.787391928823846143e+01
1.747473653305662111e+01
1.707859203685866234e+01
1.668905634867699561e+01
1.630861166354234371e+01
1.593889510791810160e+01
1.558091328782683327e+01
1.523522030225260337e+01
1.490205896693018062e+01
1.458146915451182934e+01
1.427336891860980828e+01
1.397761434251127532e+01
1.369404353534601171e+01
1.342250935522425692e+01
1.316290454628162010e+01
1.291518217585470119e+01
1.267937360514312850e+01
1.245560572930230592e+01
1.224411886437169272e+01
1.204528641211752849e+01
1.185963727007540847e+01
1.168788184253166307e+01
1.153094241745254322e+01
1.138998856937748094e+01
1.126647808632759507e+01
1.116220364423130817e+01
1.107934499024005603e+01
1.102052564478939090e+01
1.098887195518325655e+01
1.098807055468112814e+01
1.102241768498249819e+01
1.109685018651179966e+01
1.121694302836761103e+01
1.138885192817521208e+01
1.161917207702313171e+01
1.191467598862550936e+01
1.228188679832775776e+01
1.272644127668964131e+01
1.325220482376369624e+01
1.386012643038200487e+01
1.454687389083985849e+01
1.530337519783558520e+01
1.611350908916731584e+01
1.695331565452317335e+01
1.779118837912496787e+01
1.858948610731955142e+01
1.930778725726674594e+01
1.990756966870034717e+01
2.035752654580319643e+01
2.063825601986148328e+01
2.074498633643312573e+01
2.068748839853854449e+01
2.048724092415854514e+01
2.017282013550684638e+01
1.977493310010437355e+01
1.932233814534216165e+01
1.883930254268971893e+01
1.834461042273130715e+01
1.785172711384580069e+01
1.736961068589073065e+01
1.690374552581329581e+01
1.645712964278738255e+01
1.603109043218332630e+01
1.562589941815237538e+01
1.524120627607982392e+01
1.487633048946735315e+01
1.453044976389417009e+01
1.420271785507573981e+01
1.389233635708571946e+01
1.359859774107009223e+01
1.332091130877943996e+01
1.305881970391257241e+01
1.281201089877317045e+01
1.258032879448089147e+01
1.236378444188483350e+01
1.216256918145935018e+01
1.197707055186240765e+01
1.180789151417507554e+01
1.165587329923026694e+01
1.152212194404782508e+01
1.140803828311998736e+01
1.131535074407339714e+01
1.124614970264227765e+01
1.120292130814838139e+01
1.118857751901808051e+01
1.120647750709835755e+01
1.126043353025712790e+01
1.135469180496761155e+01
1.149387589114971320e+01
1.168287684834291262e+01
1.192667141934733976e+01
1.223004762681579294e+01
1.259721784418796808e+01
1.303130464739956551e+01
1.353369710094731282e+01
1.410329717347409328e+01
1.473570934718227754e+01
1.542247012836839914e+01
1.615046206467160772e+01
1.690169600440796671e+01
1.765365553068100013e+01
1.838035553614749418e+01
1.905415639763727498e+01
1.964820097393181442e+01
2.013914162241679406e+01
2.050966804842300206e+01
2.075031124461588661e+01
2.086012793977751301e+01
2.084613912293102445e+01
2.072171122582884450e+01
2.050430940908633204e+01
2.021313624445453883e+01
1.986708998168814588e+01
1.948329680518305906e+01
1.907627703117824325e+01
1.865766071361306899e+01
1.823629718774892439e+01
1.781859521948668146e+01
1.740896005449562267e+01
1.701023623264090645e+01
1.662410460441378390e+01
1.625141159606954133e+01
1.589242755811675600e+01
1.554704106328975044e+01
1.521490009963363477e+01
1.489551168218831378e+01
1.458831023587821640e+01
1.429270327413395414e+01
1.400810101028846866e+01
1.373393487006050684e+01
1.346966851699462531e+01
1.321480395747594372e+01
1.296888451600235292e+01
1.273149591128511204e+01
1.250226626839081412e+01
1.228086562842171325e+01
1.206700533118712215e+01
1.186043752233680237e+01
1.166095495578656127e+01
1.146839121158584440e+01
1.128262141925616824e+01
1.110356356054678884e+01
1.093118041902597426e+01
1.076548224387490116e+01
1.060653019954428800e+01
1.045444068004542970e+01
1.030939057540587456e+01
1.017162358721359006e+01
1.004145769918779152e+01
9.919293916187969629e+00
9.805626389549937372e+00
9.701054046214883542e+00
9.606293831263904792e+00
9.522195654823477184e+00
