0.000000000000000000e+00
-1.050405604209931620e-01
-1.916248298651316018e-01
-2.700731598748312701e-01
-3.455976551961124632e-01
-4.215353731277364790e-01
-5.003216611285132842e-01
-5.839143845276238975e-01
-6.740163680210156105e-01
-7.722065171080976231e-01
-8.800242114595231424e-01
-9.990278727371307843e-01
-1.130838551510445766e+00
-1.277174578326120802e+00
-1.439880822041873065e+00
-1.620954694625606596e+00
-1.822570195447563490e+00
-2.047100733665418115e+00
-2.297141062016430091e+00
-2.575528314942686858e+00
-2.885361812097202439e+00
-3.230020920794096639e+00
-3.613179827251233878e+00
-4.038817503857910829e+00
-4.511220429573836732e+00
-5.034974665514281078e+00
-5.614942639738130126e+00
-6.256218375264728238e+00
-6.964052816123881051e+00
-7.743738279909239353e+00
-8.600437819934310113e+00
-9.538941390975731238e+00
-1.056332625687351978e+01
-1.167649432503735696e+01
-1.287955464416520002e+01
-1.417101630034950155e+01
-1.554575736410541253e+01
-1.699374253056335604e+01
-1.849848035738412833e+01
-2.003524699488338712e+01
-2.156916494032038045e+01
-2.305332061985714276e+01
-2.442723813888649431e+01
-2.561619311965821311e+01
-2.653202494752135365e+01
-2.707623041956067311e+01
-2.714609813156177864e+01
-2.664433892710023244e+01
-2.549196051784109684e+01
-2.364300208969756412e+01
-2.109839239681609513e+01
-1.791513965099890626e+01
-1.420704274119502486e+01
-1.013472244568553471e+01
-5.885902020059205597e+00
-1.650392755572391401e+00
2.403596468202713332e+00
6.145704467780021218e+00
9.489084208571339829e+00
1.238622341173661923e+01
1.481848898864863884e+01
1.678380333643851685e+01
1.828600075805290004e+01
1.932782429783426537e+01
1.990806435106582128e+01
2.002238530235119640e+01
1.966690353451408413e+01
1.884337784981076425e+01
1.756479297907647208e+01
1.586010821120743408e+01
1.377705053515135347e+01
1.138213206046916959e+01
8.757597985952088493e+00
5.995694144469880804e+00
3.191302236863868380e+00
4.343995716036461729e-01
-2.196204207205206593e+00
-4.636822743145975423e+00
-6.840183880979779474e+00
-8.774371806108824501e+00
-1.042019423285634083e+01
-1.176790106068764175e+01
-1.281406840081787024e+01
-1.355919803763172915e+01
-1.400628493954758902e+01
-1.416035271477463198e+01
-1.402878013408841262e+01
-1.362213982520028033e+01
-1.295522901306438790e+01
-1.204797850110324653e+01
-1.092597197649587315e+01
-9.620388142219528760e+00
-8.167285858471798221e+00
-6.606273705114789507e+00
-4.978719522353250326e+00
-3.325739122159479866e+00
-1.686237576927028359e+00
-9.525407255384332750e-02
1.417209852562813621e+00
2.826798153799953806e+00
4.114864956395897444e+00
5.268097093462532854e+00
6.277841456624155825e+00
7.139293756723871454e+00
7.850685879772095532e+00
8.412572272254365657e+00
8.827273424690719850e+00
9.098495388948835583e+00
9.231113398235747169e+00
9.231086784647439814e+00
9.105461063858111714e+00
8.862409794996654711e+00
8.511271877991793744e+00
8.062547676570476440e+00
7.527828271638095536e+00
6.919644850360476163e+00
6.251238296499127323e+00
5.536261020977021552e+00
4.788432600702331676e+00
4.021176803783919951e+00
3.247269484647441029e+00
2.478524671941833013e+00
1.725540614469562417e+00
9.975197553992765087e-01
3.021679738592074616e-01
-3.543296799499351390e-01
-9.672660649011560752e-01
-1.533315493235126947e+00
-2.050399387283925012e+00
-2.517529604137569876e+00
-2.934643302898923167e+00
-3.302440566229222885e+00
-3.622232921172791276e+00
-3.895807899405512753e+00
-4.125312150063106920e+00
-4.313153537378015656e+00
-4.461921167145819211e+00
-4.574321352039399713e+00
-4.653127058190033694e+00
-4.701138266449090608e+00
-4.721150823982434019e+00
-4.715931660532271863e+00
-4.688198622034195573e+00
-4.640603574536526388e+00
-4.575717813167750947e+00
-4.496019148472165661e+00
-4.403880321562327005e+00
-4.301558614705021100e+00
-4.191186675950842044e+00
-4.074764670369994235e+00
-3.954153914298721872e+00
-3.831072152226931316e+00
-3.707090608648328622e+00
-3.583632899239817871e+00
-3.461975826238966381e+00
-3.343252019728835123e+00
-3.228454326106328320e+00
-3.118441792073596730e+00
-3.013947050214909495e+00
-2.915584882282105994e+00
-2.823861719109503898e+00
-2.739185830991277992e+00
-2.661877968013807827e+00
-2.592182224401576196e+00
-2.530276922336706313e+00
-2.476285336848698559e+00
-2.430286112265936271e+00
-2.392323250625962849e+00
-2.362415581897061134e+00
-2.340565653718875261e+00
-2.326768003776864102e+00
-2.321016800311341832e+00
-2.323312855288203860e+00
-2.333670030274048734e+00
-2.352121067051287095e+00
-2.378722883559320156e+00
-2.413561380985700833e+00
-2.456755809896716602e+00
-2.508462742306769577e+00
-2.568879692602510811e+00
-2.638248423240356466e+00
-2.716857960994470300e+00
-2.805047335979165002e+00
-2.903208038272079072e+00
-3.011786165092738443e+00
-3.131284204284499051e+00
-3.262262366176554629e+00
-3.405339334327278866e+00
-3.561192254380334710e+00
-3.730555717122725934e+00
-3.914219414228983673e+00
-4.113024050107489060e+00
-4.327854977374101964e+00
-4.559632883181499174e+00
-4.809300685395541564e+00
-5.077805598434584233e+00
-5.366075096828678781e+00
-5.674985241221172316e+00
-6.005319542284854428e+00
-6.357716236136329968e+00
-6.732601555463828547e+00
-7.130106346678027229e+00
-7.549963273511632877e+00
-7.991381965609141602e+00
-8.452899967416389160e+00
-8.932208426504992360e+00
-9.425953404806094227e+00
-9.929516836365522181e+00
-1.043678586324289981e+01
-1.093992590210925719e+01
-1.142918152103749740e+01
-1.189273987021952550e+01
-1.231670317260444314e+01
-1.268522774149891497e+01
-1.298089381015656762e+01
-1.318536817421817986e+01
-1.328040406282423369e+01
-1.324918370594509121e+01
-1.307794555895694977e+01
-1.275775370217257887e+01
-1.228617598150201573e+01
-1.166856671836407600e+01
-1.091863393654086423e+01
-1.005804028361633939e+01
-9.114949111546161831e+00
-8.121653330758997313e+00
-7.111648749389051005e+00
-6.116655675174134110e+00
-5.164096072051815867e+00
-4.275396369222676185e+00
-3.465263133894989966e+00
-2.741853681353493943e+00
-2.107606759996602186e+00
-1.560439245221707960e+00
-1.095040572861786909e+00
-7.040711168313418256e-01
-3.791562975368470423e-01
-1.116398257968298502e-01
1.068927806180165474e-01
2.842844304693888935e-01
4.276264539548488841e-01
5.431864059010143020e-01
6.364084472954807392e-01
7.119590548663141671e-01
7.737982296303942409e-01
8.252625023640358659e-01
8.691507373224127697e-01
9.078071679298278518e-01
9.431985064441321676e-01
9.769836015051583944e-01
1.010575184151975003e+00
1.045193910056247066e+00
1.081915297330653614e+00
1.121710365263782760e+00
1.165480863557591729e+00
1.214089988619518889e+00
1.268389443623543444e+00
1.329243632644533157e+00
1.397551699036281292e+00
1.474268031780107790e+00
1.560421774079569612e+00
1.657135776028125562e+00
1.765645334863187532e+00
1.887316956449403005e+00
2.023667241395894933e+00
2.176381836025146566e+00
2.347334174872149237e+00
2.538603453776044017e+00
2.752490878882431602e+00
2.991532694104948487e+00
3.258507741090715726e+00
3.556436277872578877e+00
3.888565382135074522e+00
4.258334379608163189e+00
4.669311239995864504e+00
5.125087645591630547e+00
5.629116372524970657e+00
6.184469753720794216e+00
6.793492584868426221e+00
7.457317637720102255e+00
8.175208557986993085e+00
8.943696345118270941e+00
9.755486936864143033e+00
1.059814654538564760e+01
1.145262918153717990e+01
1.229180965877469411e+01
1.307933415626572859e+01
1.376929307964131510e+01
1.430741686208905428e+01
1.463459488309353240e+01
1.469334997743606230e+01
1.443726163907032500e+01
1.384211783042386301e+01
1.291602470246062495e+01
1.170458215672508828e+01
1.028765678480303336e+01
8.766913606358082589e+00
7.247283428939792493e+00
5.818581373616833474e+00
4.543326156567629504e+00
3.453471203993315974e+00
2.554656537236186242e+00
1.834276469847070157e+00
1.269793254440614083e+00
8.352321417888816102e-01
5.053194193328404138e-01
2.576195430181398849e-01
7.330948380007035192e-02
-6.283183585235024848e-02
-1.628117225759463382e-01
-2.359438315890387827e-01
-2.893702576298603502e-01
-3.285269082576747768e-01
-3.575328581842287523e-01
-3.795039759184762884e-01
-3.967995280014834925e-01
-4.112130479316650211e-01
-4.241185573901097849e-01
-4.365818808140481955e-01
-4.494451234912828497e-01
-4.633907696194862202e-01
-4.789904523642711798e-01
-4.967422920211260196e-01
-5.170997786942072016e-01
-5.404944602826506905e-01
-5.673541482519985912e-01
-5.981179381838330755e-01
-6.332490298229822567e-01
-6.732460980275272178e-01
-7.186537923634549463e-01
-7.700728139351580293e-01
-8.281699215978965967e-01
-8.936881466936162921e-01
-9.674574384648478853e-01
-1.050405915143036273e+00
-1.143571852876922090e+00
-1.248116500846514265e+00
-1.365337760462356220e+00
-1.496684702984766302e+00
-1.643772815250430064e+00
-1.808399747300570626e+00
-1.992561175309854660e+00
-2.198466170875499781e+00
-2.428551160490494354e+00
-2.685491136892327546e+00
-2.972206208218533430e+00
-3.291860792459580409e+00
-3.647851723177871985e+00
-4.043780156591592956e+00
-4.483400381446655203e+00
-4.970536355757486646e+00
-5.508953975891813570e+00
-6.102173733298024594e+00
-6.753204672768869266e+00
-7.464176817057676772e+00
-8.235846266820962214e+00
-9.066946490586282437e+00
-9.953363345500497061e+00
-1.088712391044709982e+01
-1.185521561274501856e+01
-1.283829902310630011e+01
-1.380945165129236507e+01
-1.473318421129227751e+01
-1.556509834914184864e+01
-1.625267928230876535e+01
-1.673778137427644097e+01
-1.696127835900283642e+01
-1.687000548588397209e+01
-1.642545197785589295e+01
-1.561274195994237601e+01
-1.444757793338451712e+01
-1.297853886740275797e+01
-1.128292767021812182e+01
-9.456297063893380539e+00
-7.598131754616177957e+00
-5.797691381219085116e+00
-4.123794403268047581e+00
-2.620488212473790934e+00
-1.308232565545884407e+00
-1.886462908453412357e-01
7.494751463402911096e-01
1.524587377123663989e+00
2.158118838610387336e+00
2.671636158930749350e+00
3.085222314476585126e+00
3.416718484572033532e+00
3.681508667439314042e+00
3.892606998163466336e+00
4.060889843531166221e+00
4.195378664343948572e+00
4.303522877026450644e+00
4.391458545751516063e+00
4.464233859292150441e+00
4.526000272643004863e+00
4.580171913557142815e+00
4.629557267590319825e+00
4.676467390174575911e+00
4.722804585459603466e+00
4.770134977779507679e+00
4.819747851856796217e+00
4.872704128768014620e+00
4.929875904414147136e+00
4.991978610221988077e+00
5.059597056057593356e+00
5.133206373202538586e+00
5.213188680669042618e+00
5.299846142052444975e+00
5.393410954944807933e+00
5.494052714554027439e+00
5.601883512806509202e+00
5.716961070184532367e+00
5.839290147084001958e+00
5.968822442505398840e+00
6.105455158895570555e+00
6.249028391853429731e+00
6.399321491435938647e+00
6.556048537425586353e+00
6.718853073778977780e+00
6.887302257283212548e+00
7.060880591924747485e+00
7.238983443272161367e+00
7.420910555774213435e+00
7.605859829501686598e+00
7.792921650374573517e+00
7.981074107701789266e+00
8.169179472730037972e+00
8.355982349000798948e+00
8.540109936081172748e+00
8.720074868376574528e+00
8.894281095314475749e+00
9.061033252799942872e+00
9.218549932906984878e+00
9.364981183983507762e+00
9.498430462287844378e+00
9.616981106131047952e+00
9.718727213908145757e+00
9.801808581301285628e+00
9.864449097328840566e+00
9.904997725386472496e+00
9.921970920280493544e+00
9.914095076064583623e+00
9.880347385975593255e+00
9.819993349914806657e+00
9.732619110460147382e+00
9.618156854759337904e+00
9.476901698861151857e+00
9.309518774903887461e+00
9.117039659794436091e+00
8.900847793605812797e+00
8.662653102385222681e+00
8.404456620239749043e+00
8.128506452053366971e+00
7.837246884719689000e+00
7.533262801759290639e+00
7.219221755552380770e+00
6.897816089925671079e+00
6.571707386381085314e+00
6.243475247922759763e+00
5.915572065555538828e+00
5.590284972309971678e+00
5.269705719196185356e+00
4.955708745949709559e+00
4.649937300027478848e+00
4.353797104677822105e+00
4.068456805919241859e+00
3.794854244240024599e+00
3.533707496831829609e+00
3.285529610963484171e+00
3.050645985408867666e+00
2.829213439503805549e+00
2.621240123207404071e+00
2.426605552581008851e+00
2.245080191647264023e+00
2.076344134511950212e+00
1.920004564408013481e+00
1.775611774847855706e+00
1.642673630274376295e+00
1.520668419005386518e+00
1.409056110545805707e+00
1.307288073929970595e+00
1.214815345510706246e+00
1.131095555560160948e+00
1.055598635202226188e+00
9.878114304330222195e-01
9.272413499719933672e-01
8.734191698491793332e-01
8.259011111570672137e-01
7.842702992294215969e-01
7.481377033979768054e-01
7.171426469846686746e-01
6.909529677260946023e-01
6.692648996901074954e-01
6.518027391275375004e-01
6.383183487260827293e-01
6.285905474634984058e-01
6.224244267172613920e-01
6.196506274726966135e-01
6.201246083559268651e-01
6.237259297640792566e-01
6.303575755273630454e-01
6.399453302667686971e-01
6.524372278570094164e-01
6.678030841175602861e-01
6.860341249879897685e-01
7.071427199526145735e-01
7.311622293223640767e-01
7.581469731201601059e-01
7.881723287146101820e-01
8.213349639723445117e-01
8.577532125209839098e-01
8.975675977028165775e-01
9.409415119247913628e-01
9.880620583437398352e-01
1.039141062135685800e+00
1.094416258950196452e+00
1.154152668505627588e+00
1.218644161592105091e+00
1.288215228959448400e+00
1.363222960606509826e+00
1.444059243768100131e+00
1.531153187303413654e+00
1.624973779082397041e+00
1.726032781160470986e+00
1.834887864792555501e+00
1.952145983363427373e+00
2.078466975717528697e+00
2.214567384664152705e+00
2.361224464983252780e+00
2.519280341259369838e+00
2.689646257303958343e+00
2.873306834492659778e+00
3.071324224403390257e+00
3.284841999627299725e+00
3.515088572947505874e+00
3.763379866012285913e+00
4.031120860177693999e+00
4.319805549467321981e+00
4.631014672672226773e+00
4.966410421437302602e+00
5.327727095528429935e+00
5.716756396052804057e+00
6.135325702180517204e+00
6.585267256852461060e+00
7.068375683396304510e+00
7.586350663005716477e+00
8.140720925426812471e+00
8.732744958488810383e+00
9.363283065929115523e+00
1.003263467353034244e+01
1.074033423279156629e+01
1.148489891222313020e+01
1.226352182507176103e+01
1.307170629463755951e+01
1.390284026406086149e+01
1.474771627808993735e+01
1.559401253776830920e+01
1.642576545550940281e+01
1.722288481147456096e+01
1.796078921166087028e+01
1.861027071134240174e+01
1.913772912944478577e+01
1.950594063457917926e+01
1.967552847034318475e+01
1.960726830251409325e+01
1.926526713763052356e+01
1.862088964969646909e+01
1.765707412723406478e+01
1.637242005287820490e+01
1.478421948118911367e+01
1.292955416434354809e+01
1.086378999128578826e+01
8.656298011998252662e+00
6.383918036112852690e+00
4.123330289849157282e+00
1.943845163814656551e+00
-9.800696572218958735e-02
-1.961264193936718803e+00
-3.620633903067120851e+00
-5.064489828204261634e+00
-6.291687146156001553e+00
-7.308112025495815622e+00
-8.123643069750400514e+00
-8.749884687791327664e+00
-9.198756089365648592e+00
-9.481837522180800448e+00
-9.610286885585528793e+00
-9.595118506105258405e+00
-9.447652311530857716e+00
-9.179974833247900534e+00
-8.805292283415766974e+00
-8.338096224335339812e+00
-7.794102874964448091e+00
-7.189966627737194749e+00
-6.542804143030141795e+00
-5.869593398599221246e+00
-5.186528214855329111e+00
-4.508410602233455577e+00
-3.848151187835217701e+00
-3.216425429906366595e+00
-2.621505885414976866e+00
-2.069264471156218921e+00
-1.563318242892953958e+00
-1.105280232283889941e+00
-6.950734318349294227e-01
-3.312693883165302444e-01
-1.142046742937274928e-02
2.676358869338398838e-01
5.095136442201368965e-01
7.180607662745264186e-01
8.971877926871836273e-01
1.050738875783916892e+00
1.182399843510454351e+00
1.295637183968293193e+00
1.393661933084650473e+00
1.479412977055887479e+00
1.555555017011313046e+00
1.624487231552338873e+00
1.688359424705935474e+00
1.749093118329494434e+00
1.808405623114723637e+00
1.867835600964456111e+00
1.928769021422178653e+00
1.992464726784165308e+00
2.060079065619194072e+00
2.132689242808648356e+00
2.211315174585229304e+00
2.296939736495685835e+00
2.390527356308702167e+00
2.493040936741673708e+00
2.605457097195456484e+00
2.728779700778150019e+00
2.864051582651681915e+00
3.012364316523778562e+00
3.174865744695049230e+00
3.352764848499437011e+00
3.547333343504635472e+00
3.759903138986373516e+00
3.991858494008868163e+00
4.244621322209455982e+00
4.519627634008447359e+00
4.818292551580980465e+00
5.141960689352107039e+00
5.491837976793503273e+00
5.868900253074405882e+00
6.273773270314904948e+00
6.706578257446476954e+00
7.166737174544974387e+00
7.652732623997470895e+00
8.161819660531836718e+00
8.689691253447165309e+00
9.230106904308202687e+00
9.774506018536541774e+00
1.031164500175251142e+01
1.082731989816263152e+01
1.130426322862985522e+01
1.172233003941698470e+01
1.205910511942098218e+01
1.229105675491578964e+01
1.239531430496945674e+01
1.235204100560662788e+01
1.214720608655377987e+01
1.177535519987638857e+01
1.124179723924787311e+01
1.056356254710359366e+01
9.768631684328862974e+00
8.893309804031868993e+00
7.978137441463633905e+00
7.063185808005200350e+00
6.183772042056036256e+00
5.367452716891402353e+00
4.632701862269089865e+00
3.989170282885476482e+00
3.439064267545179021e+00
2.979063892214387277e+00
2.602284433813709441e+00
2.299964550765082105e+00
2.062745876850177407e+00
1.881538939436838254e+00
1.748040359251801679e+00
1.654989652267973899e+00
1.596249784937907146e+00
1.566779487088441503e+00
1.562546788855375901e+00
1.580416943390370532e+00
1.618035334699750916e+00
1.673717080679285818e+00
1.746349144625130245e+00
1.835307073074343043e+00
1.940386292313079908e+00
2.061746687092326447e+00
2.199868569872789781e+00
2.355517863654597033e+00
2.529718189131576089e+00
2.723727449342127294e+00
2.939016361660782284e+00
3.177246140180313816e+00
3.440242136704837250e+00
3.729959669117378862e+00
4.048437472407210969e+00
4.397733182240703087e+00
4.779834008262236367e+00
5.196534322100352377e+00
5.649270398538942750e+00
6.138901263036079747e+00
6.665423976778487969e+00
7.227612500809761364e+00
7.822572715112871222e+00
8.445213939442206552e+00
9.087651649338416959e+00
9.738579536504115453e+00
1.038268374792339088e+01
1.100021826438202055e+01
1.156691369495784549e+01
1.205444004411233649e+01
1.243166367904018799e+01
1.266689450353548807e+01
1.273117180936862347e+01
1.260236356019283654e+01
1.226948125544568313e+01
1.173625048885114985e+01
1.102281483126977690e+01
1.016468267611526066e+01
9.208713686666165188e+00
8.206887306005860694e+00
7.209378232022716659e+00
6.258669559255687354e+00
5.385951029262845857e+00
4.610158399151746522e+00
3.939178452706953770e+00
3.372309174348690597e+00
2.903070348796040978e+00
2.521734084273309584e+00
2.217275027750030603e+00
1.978692967528466351e+00
1.795799753918307040e+00
1.659610038564133694e+00
1.562469490845383557e+00
1.498026267901258590e+00
1.461120191102463828e+00
1.447637580628539755e+00
1.454360193932886069e+00
1.478823586875847473e+00
1.519191971949874320e+00
1.574151791764084596e+00
1.642823568288126257e+00
1.724690282011691167e+00
1.819540016342145572e+00
1.927420513700323745e+00
2.048603412820452885e+00
2.183556143421492735e+00
2.332919671999683864e+00
2.497490481532202544e+00
2.678205308009713015e+00
2.876127237990767416e+00
3.092431789167328748e+00
3.328391548120313459e+00
3.585357825119955155e+00
3.864737605156577605e+00
4.167963829447779212e+00
4.496456738285769639e+00
4.851573656893159558e+00
5.234544234939325413e+00
5.646387799327518664e+00
6.087809217049650279e+00
6.559069596013880066e+00
7.059828432746757976e+00
7.588954666067815324e+00
8.144305807531189600e+00
8.722477257234393377e+00
9.318528491890763377e+00
9.925699433463027077e+00
1.053513923919127748e+01
1.113568092380069530e+01
1.171370791246866361e+01
1.225317108211329575e+01
1.273582393253774470e+01
1.314174451874781191e+01
1.345019971845583306e+01
1.364087435893019418e+01
1.369543117663443077e+01
1.359928991934936704e+01
1.334342686623340946e+01
1.292592209165195705e+01
1.235295071646011422e+01
1.163895360277314595e+01
1.080584336176980109e+01
9.881285314814801879e+00
8.896292170547782874e+00
7.882522307819819218e+00
6.869722829320828339e+00
5.883694405307952735e+00
4.945003524306081921e+00
4.068486085454578571e+00
3.263432454637375635e+00
2.534253925596031021e+00
1.881409408721002485e+00
1.302401659104178488e+00
7.927083556388551111e-01
3.465721481355583666e-01
-4.237830770921391377e-02
-3.806721295497432767e-01
-6.746830554465601537e-01
-9.304309484524888596e-01
-1.153469671122818063e+00
-1.348836637307890385e+00
-1.521044184975348657e+00
-1.674097711005254396e+00
-1.811529662082246306e+00
-1.936441793655499177e+00
-2.051550618536921888e+00
-2.159232789060613555e+00
-2.261568436855063702e+00
-2.360381367262017971e+00
-2.457275583390987617e+00
-2.553667984747183706e+00
-2.650817311940715459e+00
-2.749849538693418527e+00
-2.851779977905184893e+00
-2.957532392473884997e+00
-3.067955399173273090e+00
-3.183836435382420671e+00
-3.305913530511053189e+00
-3.434885090858684542e+00
-3.571417871041237202e+00
-3.716153268594726722e+00
-3.869712041790230650e+00
-4.032697514484403278e+00
-4.205697296130387564e+00
-4.389283509889367885e+00
-4.584011487076175229e+00
-4.790416851948437582e+00
-5.009010887231602815e+00
-5.240274038083146735e+00
-5.484647381043502357e+00
-5.742521855886962179e+00
-6.014225033659844399e+00
-6.300005175694668225e+00
-6.600012328919921956e+00
-6.914276206193147090e+00
-7.242680621628742266e+00
-7.584934296186582436e+00
-7.940537925703755384e+00
-8.308747521017195936e+00
-8.688534197964866479e+00
-9.078540824777320495e+00
-9.477036236595784757e+00
-9.881868111216586925e+00
-1.029041607309579476e+01
-1.069954715465859429e+01
-1.110557638604758601e+01
-1.150423598370704958e+01
-1.189065732284284316e+01
-1.225937054315442332e+01
-1.260432715779080581e+01
-1.291895128944289439e+01
-1.319622499597812393e+01
-1.342881240636384099e+01
-1.360922590500329576e+01
-1.373003525268320502e+01
-1.378411726418260486e+01
-1.376493954807801856e+01
-1.366686709334865668e+01
-1.348547559805975737e+01
-1.321785101179122535e+01
-1.286285158564990994e+01
-1.242130760994204586e+01
-1.189613566567041936e+01
-1.129234900607862890e+01
-1.061695351820511313e+01
-9.878728907783358437e+00
-9.087906061896028120e+00
-8.255762348553702168e+00
-7.394165210217039430e+00
-6.515099388272376224e+00
-5.630213682603446124e+00
-4.750419312818431550e+00
-3.885564505012515824e+00
-3.044200264647626941e+00
-2.233442046586936680e+00
-1.458922721481836771e+00
-7.248249915425994949e-01
-3.397681273115227274e-02
6.120085223853790612e-01
1.212565577207160850e+00
1.767999081528718541e+00
2.279308124050021256e+00
2.748021561471289953e+00
3.176050683281536280e+00
3.565562322496862446e+00
3.918873352188926074e+00
4.238365882827801023e+00
4.526421420956895147e+00
4.785371666385328737e+00
5.017463399638756982e+00
5.224834935985696482e+00
5.409501805162370225e+00
5.573349585240412019e+00
5.718132122981089083e+00
5.845473676711492317e+00
5.956873800071266878e+00
6.053714034792701426e+00
6.137265693801588817e+00
6.208698192603731236e+00
6.269087529967023009e+00
6.319424632405670650e+00
6.360623365417723996e+00
6.393528082205887308e+00
6.418920631713898040e+00
6.437526785699497545e+00
6.450022072146439633e+00
6.457037021968409896e+00
6.459161849580188353e+00
6.456950597003348058e+00
6.450924776896360235e+00
6.441576553140439643e+00
6.429371499044724381e+00
6.414750973360072273e+00
6.398134153482602393e+00
6.379919763760103280e+00
6.360487534886896555e+00
6.340199428131462867e+00
6.319400655692355429e+00
6.298420525899281586e+00
6.277573139325359541e+00
6.257157959196770314e+00
6.237460276811005677e+00
6.218751590031392773e+00
6.201289910335639810e+00
6.185320011378395932e+00
6.171073629598179622e+00
6.158769625071474074e+00
6.148614108603223549e+00
6.140800538953835819e+00
6.135509792146801367e+00
6.132910202985637937e+00
6.133157577240118563e+00
6.136395171444860352e+00
6.142753635892862718e+00
6.152350915206824311e+00
6.165292099836776174e+00
6.181669220969415512e+00
6.201560980649924559e+00
6.225032408420911878e+00
6.252134435488649444e+00
6.282903377351487961e+00
6.317360315991812136e+00
6.355510373169773963e+00
6.397341867099846979e+00
6.442825345882853050e+00
6.491912492557784908e+00
6.544534898588604932e+00
6.600602705078877364e+00
6.660003114086125109e+00
6.722598776168979384e+00
6.788226064827326489e+00
6.856693253872467864e+00
6.927778620068855808e+00
7.001228500686849543e+00
7.076755343940844156e+00
7.154035799669644646e+00
7.232708908008855353e+00
7.312374455106890103e+00
7.392591576961435429e+00
7.472877704911115693e+00
7.552707958789019571e+00
7.631515105662183274e+00
7.708690212706460265e+00
7.783584131179459575e+00
7.855509953549887570e+00
7.923746586340272735e+00
7.987543575721081091e+00
8.046127309854671950e+00
8.098708699933295563e+00
8.144492409428409019e+00
8.182687657211349830e+00
8.212520564359101272e+00
8.233247946785937188e+00
8.244172377455555534e+00
8.244658255103285427e+00
8.234148524726368379e+00
8.212181603553645459e+00
8.178407981058894549e+00
8.132605890158497886e+00
8.074695396951218740e+00
8.004750236064648306e+00
7.923006734814046936e+00
7.829869227053093184e+00
7.725911459114590762e+00
7.611873634328626181e+00
7.488654923899624727e+00
7.357301480886983214e+00
7.218990217413232102e+00
7.075008827048013593e+00
6.926732737379139415e+00
6.775599845443153413e+00
6.623084006754820230e+00
6.470668307088669913e+00
6.319819140222445952e+00
6.171962045762587223e+00
6.028460135862753866e+00
5.890595769840746065e+00
5.759555936428659706e+00
5.636421591185322377e+00
5.522160987632994456e+00
5.417626849139484335e+00
5.323557065444104452e+00
5.240578470140751399e+00
5.169213166496512635e+00
5.109886818141762710e+00
5.062938304867200756e+00
5.028630156329850998e+00
5.007159211017157219e+00
4.998666997088244024e+00
5.003249388766593420e+00
5.020965150685529288e+00
5.051843038016434306e+00
5.095887168666594746e+00
5.153080422977494024e+00
5.223385655132638306e+00
5.306744519058904430e+00
5.403073721288260245e+00
5.512258516470136982e+00
5.634143261574093842e+00
5.768518847137409367e+00
5.915106834456459239e+00
6.073540154302769167e+00
6.243340275352616153e+00
6.423890840903087707e+00
6.614407914542249856e+00
6.813907184969853148e+00
7.021168773800167351e+00
7.234700683859736081e+00
7.452702431546273765e+00
7.673031029488431187e+00
7.893172214852470780e+00
8.110220621238861227e+00
8.320873402665547758e+00
8.521442528495001056e+00
8.707891419995505089e+00
8.875901583202645995e+00
9.020974160414976240e+00
9.138569617808711243e+00
9.224285901765833628e+00
9.274071255092088961e+00
9.284462640353378760e+00
9.252834849028321429e+00
9.177639732780486170e+00
9.058610756381948903e+00
8.896906571153470722e+00
8.695169705768469370e+00
8.457483355119448376e+00
8.189220256096415795e+00
7.896791287501346623e+00
7.587315281845518733e+00
7.268242741602202628e+00
6.946972242553468568e+00
6.630497951158137226e+00
6.325120114450950126e+00
6.036239306222269008e+00
5.768242241159761363e+00
5.524474801766926291e+00
5.307288629075058495e+00
5.118142235677018093e+00
4.957736084918023423e+00
4.826162653922786205e+00
4.723056013487156868e+00
4.647729777292423314e+00
4.599296503702804628e+00
4.576765216040591611e+00
4.579116393341902125e+00
4.605355556236968795e+00
4.654547553521086733e+00
4.725834026147374800e+00
4.818436475212818593e+00
4.931647054342910508e+00
5.064808775762896786e+00
5.217286360627507058e+00
5.388428548166690923e+00
5.577522356990446184e+00
5.783739608071597260e+00
6.006076012790994234e+00
6.243283343920443151e+00
6.493795689982484909e+00
6.755651593841179192e+00
7.026415039084154657e+00
7.303099796918942843e+00
7.582103561867834962e+00
7.859160488476474526e+00
8.129322975800905127e+00
8.386985451147435100e+00
8.625963906563301364e+00
8.839644283653546708e+00
9.021209621427408010e+00
9.163949392630744484e+00
9.261644253437081531e+00
9.309005896977176064e+00
9.302136377999092431e+00
9.238957060880698791e+00
9.119548226195384188e+00
8.946340554257609767e+00
8.724112149930729032e+00
8.459769595725333602e+00
8.161924964763146662e+00
7.840315497728099103e+00
7.505139887859341385e+00
7.166397445899860941e+00
6.833310741953035006e+00
6.513891014193802675e+00
6.214675451583596022e+00
5.940634795395124179e+00
5.695225585670615764e+00
5.480547520894053726e+00
5.297562926825553298e+00
5.146339802921706230e+00
5.026288857564447987e+00
4.936375145846203516e+00
4.875294145367746523e+00
4.841609209464174057e+00
4.833852068126823553e+00
4.850590687857985195e+00
4.890469866799555199e+00
4.952229967137212086e+00
5.034708623743124889e+00
5.136829446328990301e+00
5.257580868184366985e+00
5.395987514673475260e+00
5.551075834164542755e+00
5.721835280053239714e+00
5.907176061437416692e+00
6.105884388707416122e+00
6.316576222142094466e+00
6.537650778051433242e+00
6.767245446336847436e+00
7.003194306500587274e+00
7.242993063665768894e+00
7.483773908730574576e+00
7.722294455472165531e+00
7.954945405756758348e+00
8.177781789457940320e+00
8.386582336461327003e+00
8.576940572594732970e+00
8.744389423222159508e+00
8.884558368421563657e+00
8.993358573144446311e+00
9.067187167177092277e+00
9.103137465622532787e+00
9.099198121433719422e+00
9.054421849304958414e+00
8.969044290011668252e+00
8.844536374560698633e+00
8.683579286877099790e+00
8.489959257293095973e+00
8.268388756009048990e+00
8.024269578304217276e+00
7.763420154318758648e+00
7.491792894862953744e+00
7.215206952317513966e+00
6.939117746081478799e+00
6.668438022229601359e+00
6.407417536248478207e+00
6.159581113583096013e+00
5.927718964466249574e+00
5.713919299360563642e+00
5.519631581559904632e+00
5.345748843238750325e+00
5.192698849423013741e+00
5.060535951119543796e+00
4.949027735516436266e+00
4.857732708555436041e+00
4.786067030863789817e+00
4.733359692236126293e+00
4.698896458620738237e+00
4.681953514519763715e+00
4.681822029327077139e+00
4.697824976408704778e+00
4.729327497412292303e+00
4.775741986331994759e+00
4.836528908950327832e+00
4.911194201539271553e+00
4.999283926188159199e+00
5.100376709462278946e+00
5.214074361785415945e+00
5.339990969203722848e+00
5.477740667346320258e+00
5.626924248830917463e+00
5.787114719146180697e+00
5.957841901323609690e+00
6.138576195890522058e+00
6.328711629357427704e+00
6.527548371718038922e+00
6.734274971007992328e+00
6.947950640463107064e+00
7.167488040137102168e+00
7.391637117712082983e+00
7.618970708669738023e+00
7.847872737672250132e+00
8.076530001710382933e+00
8.302928638712069542e+00
8.524856476647899584e+00
8.739912498043262090e+00
8.945524620840426877e+00
9.138976865240488578e+00
9.317446725357019233e+00
9.478053176963534554e+00
9.617915220286244349e+00
9.734220185725906305e+00
9.824300245307078683e+00
9.885714720292824609e+00
9.916334925405706713e+00
9.914427532158503809e+00
9.878731870245497149e+00
9.808526319548976247e+00
9.703679063303850327e+00
9.564679029446281788e+00
9.392643847333481233e+00
9.189303036982876094e+00
8.956956313857192598e+00
8.698408670396940323e+00
8.416885593680426325e+00
8.115933204483042118e+00
7.799309095108990064e+00
7.470870097333147442e+00
7.134463096569797713e+00
6.793824368695457139e+00
6.452491860951411695e+00
6.113733519676006978e+00
5.780493352200033463e+00
5.455355553924771783e+00
5.140525858604411802e+00
4.837828360990673815e+00
4.548715451202521187e+00
4.274288183746418390e+00
4.015324344873938855e+00
3.772311625444375593e+00
3.545483591349643859e+00
3.334856510881150538e+00
3.140265497639127990e+00
2.961398819706031471e+00
2.797829583991119140e+00
2.649044313148790852e+00
2.514468184572873799e+00
2.393486896650966589e+00
2.285465271122559372e+00
2.189762798914316466e+00
2.105746398140238895e+00
2.032800684961310278e+00
1.970336067957209503e+00
1.917794970841879554e+00
1.874656471915564948e+00
1.840439625660534650e+00
1.814705705444429329e+00
1.797059578642226096e+00
1.787150398187583589e+00
1.784671768639793266e+00
1.789361520916644244e+00
1.801001208207894111e+00
1.819415416346310321e+00
1.844470965025076570e+00
1.876076061568533015e+00
1.914179456287181225e+00
1.958769637545874520e+00
2.009874095301085184e+00
2.067558673771860978e+00
2.131927026856694773e+00
2.203120183659269316e+00
2.281316225811594212e+00
2.366730072961072295e+00
2.459613367599023270e+00
2.560254445131833201e+00
2.668978369506305626e+00
2.786147008561224769e+00
2.912159116334595677e+00
3.047450381534863695e+00
3.192493391980555817e+00
3.347797453687189506e+00
3.513908190053288472e+00
3.691406830843348974e+00
3.880909081909745151e+00
4.083063444312353241e+00
4.298548825111491389e+00
4.528071251016003274e+00
4.772359459634637702e+00
5.032159100689789888e+00
5.308225230659117777e+00
5.601312728509461714e+00
5.912164197339331295e+00
6.241494847142606162e+00
6.589973778504386814e+00
6.958201007783548775e+00
7.346679494583796100e+00
7.755781357398921827e+00
8.185707401260113869e+00
8.636439043603884258e+00
9.107681727622242818e+00
9.598798978040939289e+00
1.010873641157656344e+01
1.063593530027736733e+01
1.117823574622357796e+01
1.173277021457754898e+01
1.229584914881078461e+01
1.286284171844246238e+01
1.342805647941865743e+01
1.398462889154270350e+01
1.452442522304788497e+01
1.503797529213611739e+01
1.551444955001548109e+01
1.594169884741813092e+01
1.630637730419968179e+01
1.659416926833970152e+01
1.679013946990288986e+01
1.687922011749098061e+01
1.684683891606598749e+01
1.667967727130340094e+01
1.636652854983535121e+01
1.589920367040108218e+01
1.527340851790436282e+01
1.448949922270678670e+01
1.355301272112485123e+01
1.247487648121545334e+01
1.127122618121354769e+01
9.962803080405558731e+00
8.573958551443038090e+00
7.131351825775183784e+00
5.662475888753284892e+00
4.194173938003605606e+00
2.751307794049282940e+00
1.355710196249570343e+00
2.550240648426504997e-02
-1.225200760048547499e+00
-2.386231279957416795e+00
-3.451026776883556302e+00
-4.416101837653262585e+00
-5.280427608248110971e+00
-6.044802944453481430e+00
-6.711279677895178430e+00
-7.282681579122493254e+00
-7.762235672703612366e+00
-8.153318041273307060e+00
-8.459304808418380617e+00
-8.683512148617277049e+00
-8.829205927595388914e+00
-8.899660823958637224e+00
-8.898249587041282993e+00
-8.828544785144016416e+00
-8.694417602476777418e+00
-8.500120770175389140e+00
-8.250345508133500871e+00
-7.950245392531047450e+00
-7.605423307270749333e+00
-7.221880980672672479e+00
-6.805933871306953264e+00
-6.364097109551178910e+00
-5.902950564424356727e+00
-5.428992657971434710e+00
-4.948493140366624132e+00
-4.467354631464671932e+00
-3.990991420604566908e+00
-3.524232003021523063e+00
-3.071249403937439837e+00
-2.635520814423484737e+00
-2.219815727169278663e+00
-1.826209840632956549e+00
-1.456120632165142981e+00
-1.110359725832830158e+00
-7.891969585261416897e-01
-4.924312804573088842e-01
-2.194641851741989114e-01
3.062788326585219600e-02
2.590248710029906531e-01
4.671001191134286357e-01
6.563642218002354589e-01
8.284163187206456946e-01
9.849029242687750152e-01
1.127484045888310860e+00
1.257806105723852319e+00
1.377481035845380397e+00
1.488070846358316102e+00
1.591076948681538816e+00
1.687933536537249646e+00
1.780004371332917223e+00
1.868582376351538565e+00
1.954891508006365131e+00
2.040090437141737212e+00
2.125277635508965979e+00
2.211497519929806366e+00
2.299747357973982442e+00
2.390984683479940198e+00
2.486135007524003182e+00
2.586099640227388363e+00
2.691763460840566502e+00
2.804002487545445010e+00
2.923691103907527289e+00
3.051708795225883009e+00
3.188946234241035960e+00
3.336310530530441465e+00
3.494729419849680330e+00
3.665154116667336481e+00
3.848560482772799052e+00
4.045948074275254491e+00
4.258336515377993514e+00
4.486758506640649458e+00
4.732248604806952308e+00
4.995826708155769680e+00
5.278474944849639527e+00
5.581106394153840355e+00
5.904523779310156151e+00
6.249365972615210651e+00
6.616039877665595093e+00
7.004635050523453366e+00
7.414818368874109389e+00
7.845706273018199894e+00
8.295712751901460180e+00
8.762372558980512594e+00
9.242141409313500588e+00
9.730178479435014793e+00
1.022012177328396731e+01
1.070387413532295184e+01
1.117142697470703361e+01
1.161075974026701196e+01
1.200786468177144606e+01
1.234695607472667334e+01
1.261092697023446618e+01
1.278210921943781031e+01
1.284336775364415750e+01
1.277951266834646127e+01
1.257894165367732420e+01
1.223533824974965256e+01
1.174916749165598162e+01
1.112866006551078790e+01
1.038999299757040973e+01
9.556481481535159972e+00
8.656785899247712024e+00
7.722365070858518976e+00
6.784597305424937552e+00
5.872072768300229839e+00
5.008500440797966746e+00
4.211495050030753973e+00
3.492284180366552526e+00
2.856182849630504617e+00
2.303573883689866264e+00
1.831115928118058900e+00
1.432951471264137133e+00
1.101767114977410644e+00
8.296360887168725551e-01
6.086315242050077678e-01
4.312342505638071533e-01
2.905745967649930872e-01
1.805503428268139254e-01
9.585851497326083881e-02
3.197144595676112977e-02
-1.492004923560660834e-02
-4.798017553153777204e-02
-6.980743344362855263e-02
-8.251273856813773344e-02
-8.779229706958729951e-02
-8.699310050215569579e-02
-8.117018999037553528e-02
-7.113564904195922300e-02
-5.749976089731617668e-02
-4.070501777972242163e-02
-2.105377310056583129e-02
1.269661938811630919e-03
2.618172131781543177e-02
5.368640667870076821e-02
8.386563927052015366e-02
1.168726449435277537e-01
1.529279668282246818e-01
1.923177853904108336e-01
2.353943030700645644e-01
2.825780202832662291e-01
3.343617914431272764e-01
3.913166043895232593e-01
4.540990747977096120e-01
5.234606891768101011e-01
6.002588660114734909e-01
6.854699338948418985e-01
7.802041467387911267e-01
8.857228666886571844e-01
1.003458040823294040e+00
1.135034071194506389e+00
1.282292118781672929e+00
1.447316774914550352e+00
1.632464855741885712e+00
1.840395793086470722e+00
2.074102660537270548e+00
2.336942218390125614e+00
2.632661388360455934e+00
2.965416144212879246e+00
3.339776743558536154e+00
3.760710284039366691e+00
4.233527430207622011e+00
4.763774448362090297e+00
5.357044001101043840e+00
6.018668162341016092e+00
6.753244792903395854e+00
7.563934505822425436e+00
8.451452291276378759e+00
9.412670818530294525e+00
1.043876198477752126e+01
1.151284778707322864e+01
1.260723951409764787e+01
1.368055295105165037e+01
1.467533174523119222e+01
1.551729158156440569e+01
1.611781544511590170e+01
1.638159627616571967e+01
1.622080475708247604e+01
1.557522164524095132e+01
1.443422876748410033e+01
1.285257797712427497e+01
1.095045511319219322e+01
8.892812590804101802e+00
6.853004769447441191e+00
4.975201201044308519e+00
3.350872372103358643e+00
2.015633740898250537e+00
9.615754299734922128e-01
1.551425819604537182e-01
-4.472961558118199177e-01
-8.893075097789120420e-01
-1.209311310490539970e+00
-1.438898297815514038e+00
-1.602972454443539529e+00
-1.720663383991260176e+00
-1.806433034173495544e+00
-1.871113292046775900e+00
-1.922780690071814513e+00
-1.967454693054170090e+00
-2.009638328449971034e+00
-2.052729276769646116e+00
-2.099329100509249368e+00
-2.151474362348468894e+00
-2.210808741653629284e+00
-2.278710990834257988e+00
-2.356390011844072596e+00
-2.444955496747216017e+00
-2.545470370360068735e+00
-2.658989575645716474e+00
-2.786588437969125032e+00
-2.929382833556265275e+00
-3.088542589859622378e+00
-3.265298896627517156e+00
-3.460945955372879190e+00
-3.676836601562786466e+00
-3.914371167085805681e+00
-4.174978387287701764e+00
-4.460086682189173146e+00
-4.771083650316132463e+00
-5.109261113967207280e+00
-5.475742573533494806e+00
-5.871389519427229864e+00
-6.296682805124167892e+00
-6.751575347724725340e+00
-7.235313004972934614e+00
-7.746221873413674075e+00
-8.281462842950658043e+00
-8.836758484752690990e+00
-9.406103721692218755e+00
-9.981480620771479906e+00
-1.055260914211841516e+01
-1.110677923975549675e+01
-1.162882373415961723e+01
-1.210130273228971021e+01
-1.250497408339041705e+01
-1.281961382133512828e+01
-1.302521872026870220e+01
-1.310356513899457553e+01
-1.304001560995632758e+01
-1.282536901781896432e+01
-1.245746628246372545e+01
-1.194222517470695699e+01
-1.129381755747694704e+01
-1.053383364960008528e+01
-9.689480825957303978e+00
-8.791083263751220400e+00
-7.869310094035125935e+00
-6.952605437970981406e+00
-6.065210043379966720e+00
-5.225988637859117603e+00
-4.448077661938392602e+00
-3.739209397034734650e+00
-3.102485679184379563e+00
-2.537366963039104029e+00
-2.040686368456396060e+00
-1.607563226939136669e+00
-1.232152908934331492e+00
-9.082169252849301433e-01
-6.295266231587455241e-01
-3.901279997640623165e-01
-1.844989542760432089e-01
-7.628142615049043895e-03
1.449602212498971032e-01
2.772167186312330944e-01
3.925983374111138846e-01
4.941115744614606453e-01
5.843604490534636264e-01
6.655951903165389094e-01
7.397590208670569156e-01
8.085315955622109918e-01
8.733684089593232169e-01
9.355359686840963862e-01
9.961428283189122102e-01
1.056166743502116478e+00
1.116478301767660053e+00
1.177861410103643758e+00
1.241031024574562380e+00
1.306648487204261855e+00
1.375334805545159078e+00
1.447682175648582481e+00
1.524264013013041819e+00
1.605643720576737543e+00
1.692382389025018474e+00
1.785045593053814272e+00
1.884209417801990805e+00
1.990465822204992463e+00
2.104427420118138325e+00
2.226731735180505378e+00
2.358044960923477706e+00
2.499065232886763521e+00
2.650525393740774671e+00
2.813195204815917450e+00
2.987882927126654486e+00
3.175436160999288493e+00
3.376741794741541014e+00
3.592724868335082533e+00
3.824346106743971241e+00
4.072597817951822741e+00
4.338497782155894988e+00
4.623080679696590423e+00
4.927386515637486752e+00
5.252445398335696680e+00
5.599257918649758636e+00
5.968770257791129907e+00
6.361843029435116925e+00
6.779212742672445557e+00
7.221444667844137300e+00
7.688875813848794039e+00
8.181546706869196939e+00
8.699120729398419627e+00
9.240789978697840468e+00
9.805166991758868633e+00
1.039016232922516281e+01
1.099284899566015739e+01
1.160931608821170968e+01
1.223451599911156684e+01
1.286211202059854131e+01
1.348433634024359584e+01
1.409187211358394087e+01
1.467377736868884597e+01
1.521747254917256953e+01
1.570881690079812287e+01
1.613230072283516137e+01
1.647137952872563105e+01
1.670897100263007218e+01
1.682812496692806192e+01
1.681285951095106768e+01
1.664913308492493726e+01
1.632589442603850927e+01
1.583612336400352660e+01
1.517775158195594365e+01
1.435434031581277203e+01
1.337539849759253663e+01
1.225625415074664559e+01
1.101744320538417732e+01
9.683646351937813535e+00
8.282273463144074199e+00
6.841851087380817376e+00
5.390397932930709679e+00
3.953968836656838626e+00
2.555511092061329315e+00
1.214118211347541720e+00
-5.529995359906680896e-02
-1.241970572272259377e+00
-2.338915495377888565e+00
-3.342413178559533016e+00
-4.251364054126579362e+00
-5.066643530956175923e+00
-5.790504493110664619e+00
-6.426067615185374393e+00
-6.976917144660563785e+00
-7.446804052085171044e+00
-7.839447981651910702e+00
-8.158423574892751162e+00
-8.407114364993910627e+00
-8.588717386436611534e+00
-8.706282940303292861e+00
-8.762775894733069393e+00
-8.761147037344262145e+00
-8.704405093299223850e+00
-8.595681982246738073e+00
-8.438285695314970525e+00
-8.235736851262569047e+00
-7.991786564237671087e+00
-7.710414734673658899e+00
-7.395809247188726232e+00
-7.052327790669484564e+00
-6.684445057132935020e+00
-6.296688874858431539e+00
-5.893569343171261465e+00
-5.479505235233565585e+00
-5.058751820983273362e+00
-4.635333862741065403e+00
-4.212986904336769811e+00
-3.795109183133573261e+00
-3.384725624757741524e+00
-2.984464513564877297e+00
-2.596546638686573871e+00
-2.222786049759610361e+00
-1.864601051442624779e+00
-1.523033733997059880e+00
-1.198776172555379826e+00
-8.922014101277930820e-01
-6.033974398784700544e-01
-3.322025878323027759e-01
-7.824093547446370200e-02
1.590433162434080894e-01
3.803533776552567858e-01
5.865098867605396116e-01
7.784237850899997646e-01
9.570722441493484389e-01
1.123477686740321113e+00
1.278689835281939802e+00
1.423770638330236427e+00
1.559781872363912303e+00
1.687775183719573358e+00
1.808784320586267480e+00
1.923819302893072791e+00
2.033862285025485050e+00
2.139864879516075735e+00
2.242746726734865970e+00
2.343395114288599590e+00
2.442665468945846019e+00
2.541382562452208838e+00
2.640342289910095452e+00
2.740313895022563173e+00
2.842042530154381019e+00
2.946252050666066324e+00
3.053647952211396177e+00
3.164920366567808507e+00
3.280747036006805839e+00
3.401796188105603136e+00
3.528729232117479242e+00
3.662203194379353377e+00
3.802872803512694855e+00
3.951392126083751233e+00
4.108415639588921309e+00
4.274598611722857378e+00
4.450596632424789867e+00
4.637064117705437027e+00
4.834651571253106184e+00
5.044001350867644007e+00
5.265741641555023556e+00
5.500478285536718914e+00
5.748784061767471698e+00
6.011184944690826981e+00
6.288142805673076374e+00
6.580033953935096491e+00
6.887122851797504275e+00
7.209530289176542261e+00
7.547195275460230945e+00
7.899829918583859190e+00
8.266866632403557347e+00
8.647397172311343638e+00
9.040103281346917541e+00
9.443179179184815197e+00
9.854246796494273042e+00
1.027026560470760863e+01
1.068744017302746663e+01
1.110113024616557986e+01
1.150577019498414622e+01
1.189480711113175815e+01
1.226066947088085435e+01
1.259478092772366686e+01
1.288763597989617260e+01
1.312895536470816538e+01
1.330793821771651864e+01
1.341362431857094251e+01
1.343537215678074936e+01
1.336344641174055958e+01
1.318969176530792531e+01
1.290824991526113052e+01
1.251625592294523237e+01
1.201443288954939348e+01
1.140749578938807218e+01
1.070428134735094083e+01
9.917544422838338036e+00
9.063401837891046142e+00
8.160456240037554210e+00
7.228685034186446146e+00
6.288220084500588669e+00
5.358161986489202278e+00
4.455563152414234729e+00
3.594679420866656816e+00
2.786539961703377699e+00
2.038832852329212741e+00
1.356060702258080175e+00
7.398943764963221703e-01
1.896447002985250929e-01
-2.972212551762218880e-01
-7.245768454756863486e-01
-1.097183895374127083e+00
-1.420312601460764546e+00
-1.699439591497221791e+00
-1.940020757480225955e+00
-2.147329936032196240e+00
-2.326352163087460845e+00
-2.481720026469403706e+00
-2.617682668265456147e+00
-2.738098576332047784e+00
-2.846445016068535949e+00
-2.945838545942884856e+00
-3.039062422262890806e+00
-3.128597801470461626e+00
-3.216656507003751830e+00
-3.305213776967292016e+00
-3.396039887560666326e+00
-3.490729891682215591e+00
-3.590730952656729702e+00
-3.697366913391955112e+00
-3.811859839219923440e+00
-3.935348321038111941e+00
-4.068902333081028999e+00
-4.213534412811184460e+00
-4.370206873114385715e+00
-4.539834672096138668e+00
-4.723283455716340562e+00
-4.921362156038651570e+00
-5.134809377143486842e+00
-5.364272638576150776e+00
-5.610279383841955791e+00
-5.873198516997508278e+00
-6.153191131783435353e+00
-6.450149086664544562e+00
-6.763620215395668822e+00
-7.092719328842040483e+00
-7.436024868646979868e+00
-7.791462252919534315e+00
-8.156176765778731408e+00
-8.526401447878749096e+00
-8.897328973710600053e+00
-9.263000988451638662e+00
-9.616233665040498479e+00
-9.948603848506218483e+00
-1.025052511809835742e+01
-1.051144584676219651e+01
-1.072019966497049559e+01
-1.086553001146400277e+01
-1.093679222389284433e+01
-1.092480770032890369e+01
-1.082280661428561608e+01
-1.062735425691826308e+01
-1.033912181014040499e+01
-9.963348980980711644e+00
-9.509866280336296995e+00
-8.992604444219329807e+00
-8.428610228875090371e+00
-7.836689779619197438e+00
-7.235882461672711763e+00
-6.644002112725489795e+00
-6.076457496810013126e+00
-5.545489201160147985e+00
-5.059863008390914629e+00
-4.624970836334214574e+00
-4.243231992351394588e+00
-3.914666959172083516e+00
-3.637526944560904418e+00
-3.408891790368046237e+00
-3.225183276001944321e+00
-3.082571135586844147e+00
-2.977270965337492470e+00
-2.905746195448369651e+00
-2.864832104694065684e+00
-2.851800779296952193e+00
-2.864384063302974681e+00
-2.900768467586701593e+00
-2.959572677381899997e+00
-3.039815247635391682e+00
-3.140877517856856205e+00
-3.262464747973089718e+00
-3.404566915708199026e+00
-3.567419428983496399e+00
-3.751463093031571994e+00
-3.957301940936472029e+00
-4.185656915194408079e+00
-4.437312824426187241e+00
-4.713055464751610302e+00
-5.013595288381632820e+00
-5.339473556558004042e+00
-5.690946610657705129e+00
-6.067843877892512339e+00
-6.469395724261159053e+00
-6.894028610558988746e+00
-7.339127651568528421e+00
-7.800771193262300507e+00
-8.273449039102620972e+00
-8.749786028300517771e+00
-9.220305997913243345e+00
-9.673287139083699415e+00
-1.009477632338329833e+01
-1.046884288501038718e+01
-1.077815468191025872e+01
-1.100494178510807686e+01
-1.113236635227124971e+01
-1.114623583506211979e+01
-1.103688624162501597e+01
-1.080094567682613516e+01
-1.044260734247701450e+01
-9.974045626779380669e+00
-9.414733998401752402e+00
-8.789660949448601102e+00
-8.126724220354038408e+00
-7.453808618956113463e+00
-6.796124716836629887e+00
-6.174275378580866835e+00
-5.603278359027048516e+00
-5.092510335907979524e+00
-4.646346175209711049e+00
-4.265190174701511516e+00
-3.946620105820153324e+00
-3.686445558053593530e+00
-3.479574084926517763e+00
-3.320653288406518300e+00
-3.204504342214533619e+00
-3.126385087141960728e+00
-3.082126306867297938e+00
-3.068180761861660777e+00
-3.081616649128074759e+00
-3.120078717505438082e+00
-3.181732907676897426e+00
-3.265204625249673587e+00
-3.369516555445745354e+00
-3.494029020848886447e+00
-3.638383951469999822e+00
-3.802452293429893437e+00
-3.986283902746573737e+00
-4.190058489163110522e+00
-4.414035879588317002e+00
-4.658503692013998609e+00
-4.923720413022731890e+00
-5.209851847344291187e+00
-5.516898973039360499e+00
-5.844615430913806975e+00
-6.192413265444469239e+00
-6.559256204317278183e+00
-6.943540823971594556e+00
-7.342967523731829260e+00
-7.754405445197851243e+00
-8.173758421042347067e+00
-8.595842735352333008e+00
-9.014291795882218850e+00
-9.421507388817177642e+00
-9.808681303977706989e+00
-1.016591366456821710e+01
-1.048245373779570500e+01
-1.074708354376555164e+01
-1.094865254059481963e+01
-1.107675213981207918e+01
-1.112249254049439173e+01
-1.107931459441912381e+01
-1.094374221338268427e+01
-1.071596448362912923e+01
-1.040013957987842730e+01
-1.000434009492732024e+01
-9.540110408808910591e+00
-9.021671979493397941e+00
-8.464876113276522673e+00
-7.886048389704392925e+00
-7.300881925091307068e+00
-6.723515482415609590e+00
-6.165885293035757719e+00
-5.637381561747906389e+00
-5.144787904806388035e+00
-4.692445532675941777e+00
-4.282567686404986418e+00
-3.915631142886209837e+00
-3.590784456083723875e+00
-3.306230398722714181e+00
-3.059557665151163786e+00
-2.848011302960610891e+00
-2.668701498445219311e+00
-2.518756472100912358e+00
-2.395428192579107218e+00
-2.296160384537927257e+00
-2.218627762494731037e+00
-2.160754224684887870e+00
-2.120716322377936613e+00
-2.096936936039532906e+00
-2.088072868031070506e+00
-2.092999049194404382e+00
-2.110791254399248640e+00
-2.140708607653549755e+00
-2.182176699655242302e+00
-2.234771807836336777e+00
-2.298206472214803231e+00
-2.372316515466695197e+00
-2.457049483027479830e+00
-2.552454403477528722e+00
-2.658672719314023603e+00
-2.775930204700294279e+00
-2.904529663394977756e+00
-3.044844181975721931e+00
-3.197310697126950707e+00
-3.362423618531384495e+00
-3.540728228852676018e+00
-3.732813558008485799e+00
-3.939304399424691017e+00
-4.160852100641422524e+00
-4.398123719340403248e+00
-4.651789088920772919e+00
-4.922505286175803185e+00
-5.210897939327913342e+00
-5.517538760803513576e+00
-5.842918640459938473e+00
-6.187415598473840816e+00
-6.551256882519810532e+00
-6.934474514460829297e+00
-7.336853665005701686e+00
-7.757873382983074606e+00
-8.196639456586634509e+00
-8.651809569778951214e+00
-9.121511474583755330e+00
-9.603255667196968659e+00
-1.009384506723678321e+01
-1.058928547839041379e+01
-1.108470215591655439e+01
-1.157426958440110631e+01
-1.205116348265342374e+01
-1.250754592731013837e+01
-1.293459604929701001e+01
-1.332259962436569900e+01
-1.366111056426744952e+01
-1.393919526824219268e+01
-1.414576648280832671e+01
-1.427000636026434499e+01
-1.430186875319490447e+01
-1.423263891504409351e+01
-1.405551587320782048e+01
-1.376617072605335856e+01
-1.336322550971128997e+01
-1.284859478737695149e+01
-1.222763795580276103e+01
-1.150908539973903189e+01
-1.070472508970824244e+01
-9.828864878161663654e+00
-8.897614703558570426e+00
-7.928056559856303309e+00
-6.937383596048391610e+00
-5.942090394784844243e+00
-4.957284594787778609e+00
-3.996168630961911550e+00
-3.069714354635871167e+00
-2.186527927182837949e+00
-1.352881925997420742e+00
-5.728784950616557792e-01
1.512979572297424857e-01
8.190787247518915848e-01
1.431193794101533134e+00
1.989366026236349949e+00
2.496034060760098150e+00
2.954113705649792365e+00
3.366801374103963518e+00
3.737418698001920614e+00
4.069294653085687941e+00
4.365680070106178867e+00
4.629688922583224731e+00
4.864260943323253983e+00
5.072140657453928725e+00
5.255868629804926861e+00
5.417781474956729681e+00
5.560017888103677031e+00
5.684528581716453033e+00
5.793088540620689564e+00
5.887310436380778889e+00
5.968658379462193686e+00
6.038461447181833641e+00
6.097926620547470478e+00
6.148150906607897426e+00
6.190132526207683838e+00
6.224781119554511299e+00
6.252926971446703952e+00
6.275329290432662077e+00
6.292683596260604695e+00
6.305628281274962887e+00
6.314750416575829917e+00
6.320590874733013287e+00
6.323648839055876714e+00
6.324385765882487576e+00
6.323228861786508226e+00
6.320574132508528287e+00
6.316789055142020715e+00
6.312214919870150709e+00
6.307168882504573304e+00
6.301945764310196374e+00
6.296819631160519570e+00
6.292045179979192326e+00
6.287858956689887258e+00
6.284480426511625417e+00
6.282112914386322799e+00
6.280944430591495653e+00
6.281148394153481362e+00
6.282884264514340344e+00
6.286298089998171079e+00
6.291522979950129546e+00
6.298679505965570691e+00
6.307876036370487327e+00
6.319209007042650761e+00
6.332763130762232073e+00
6.348611546539764561e+00
6.366815909778700266e+00
6.387426423682085463e+00
6.410481812002712054e+00
6.436009233060168810e+00
6.464024134905376862e+00
6.494530051604247234e+00
6.527518340839952415e+00
6.562967863402699109e+00
6.600844605653415798e+00
6.641101246721540008e+00
6.683676673036512916e+00
6.728495443807970489e+00
6.775467212271603756e+00
6.824486108916613780e+00
6.875430094515723844e+00
6.928160292596958314e+00
6.982520313031157499e+00
7.038335580659141222e+00
7.095412685339124614e+00
7.153538772441407012e+00
7.212480995625186964e+00
7.271986056659811126e+00
7.331779860041765851e+00
7.391567313132245687e+00
7.451032305399804656e+00
7.509837902976316926e+00
7.567626796974789904e+00
7.624022045701171812e+00
7.678628151820326764e+00
7.731032515486979229e+00
7.780807303185482304e+00
7.827511769286298993e+00
7.870695062870236569e+00
7.909899545955202171e+00
7.944664640677022938e+00
7.974531212070522734e+00
7.999046479790849595e+00
8.017769436432121921e+00
8.030276732194700173e+00
8.036168965832846567e+00
8.035077300566404901e+00
8.026670301638544558e+00
8.010660870314215032e+00
7.986813128388975613e+00
7.954949088914839983e+00
7.914954934150247645e+00
7.866786712039429474e+00
7.810475259100734036e+00
7.746130161573637984e+00
7.673942578889957566e+00
7.594186774466074930e+00
7.507220228452619715e+00
7.413482244869316951e+00
7.313491010354302269e+00
7.207839111854607239e+00
7.097187573754395018e+00
6.982258528565552957e+00
6.863826686551632861e+00
6.742709815656531269e+00
6.619758481193453115e+00
6.495845322656398579e+00
6.371854161080807266e+00
6.248669233674579715e+00
6.127164842851216875e+00
6.008195685026394450e+00
5.892588092039527048e+00
5.781132376898945324e+00
5.674576428221835833e+00
5.573620646968278081e+00
5.478914267578400832e+00
5.391053055944579064e+00
5.310578330959041082e+00
5.237977216365138133e+00
5.173683996457032030e+00
5.118082423407207315e+00
5.071508805714761259e+00
5.034255696058386853e+00
5.006575991933484460e+00
4.988687262811192014e+00
4.980776121972372295e+00
4.983002468368384896e+00
4.995503432587015347e+00
5.018396870086876405e+00
5.051784253277541659e+00
5.095752820915559589e+00
5.150376848016939846e+00
5.215717901645181342e+00
5.291823947365561054e+00
5.378727167988524016e+00
5.476440350904911547e+00
5.584951693663461114e+00
5.704217870722090744e+00
5.834155199325395280e+00
5.974628741687690869e+00
6.125439187360830040e+00
6.286307378060443263e+00
6.456856372641254005e+00
6.636591008906274070e+00
6.824875009330286346e+00
7.020905808564139150e+00
7.223687461567157797e+00
7.432002232279611320e+00
7.644381772596424263e+00
7.859079185543892621e+00
8.074043724386092080e+00
8.286900400225572838e+00
8.494937328831115408e+00
8.695104196621386450e+00
8.884025693569260085e+00
9.058034044948419350e+00
9.213224742129334288e+00
9.345539070004392102e+00
9.450875894636523000e+00
9.525233274318340548e+00
9.564877725600579694e+00
9.566535473842810333e+00
9.527595987595681493e+00
9.446313999052392774e+00
9.321992725872089380e+00
9.155128956057362544e+00
8.947500858762996501e+00
8.702182444673489670e+00
8.423474670907417305e+00
8.116751782254697289e+00
7.788231441631252139e+00
7.444686853022896678e+00
7.093126592043185852e+00
6.740471721444314390e+00
6.393259213076323277e+00
6.057395923441528218e+00
5.737979479981751396e+00
5.439193104391849332e+00
5.164272403016740398e+00
4.915534927315662550e+00
4.694458668687073732e+00
4.501793751518883724e+00
4.337692038418722085e+00
4.201841466333550379e+00
4.093594921458798552e+00
4.012086663644200968e+00
3.956332246476950587e+00
3.925310272829804159e+00
3.918026077682589481e+00
3.933558563119707419e+00
3.971092016694848681e+00
4.029934943118869128e+00
4.109527848681898909e+00
4.209441639733050522e+00
4.329367910471937364e+00
4.469101959035571170e+00
4.628518924213848251e+00
4.807543005309141471e+00
5.006109335094144797e+00
5.224117739988100695e+00
5.461377366738624950e+00
5.717541015855828412e+00
5.992028049744362761e+00
6.283935010238647756e+00
6.591933683621435058e+00
6.914157414590634154e+00
7.248078137355960848e+00
7.590379007917700704e+00
7.936830799228788536e+00
8.282184378146755677e+00
8.620096449132296001e+00
8.943110840656187221e+00
9.242721990400912802e+00
9.509549459009789985e+00
9.733650221230570665e+00
9.904986791726111406e+00
1.001405188923813405e+01
1.005262362272543442e+01
1.001459107299332274e+01
9.896754455406341577e+00
9.699476581412168841e+00
9.427055097438032050e+00
9.087708103693111994e+00
8.693122036109290462e+00
8.257591275076650916e+00
7.796863391303953783e+00
7.326866444554595681e+00
6.862514641184001007e+00
6.416759908321338024e+00
5.999991051926424568e+00
5.619802467650615085e+00
5.281085273831616966e+00
4.986351130361257766e+00
4.736186492233232848e+00
4.529746277276700539e+00
4.365220117695327140e+00
4.240231392289420143e+00
4.152152404811295661e+00
4.098335498010175826e+00
4.076269494999295695e+00
4.083675029340679608e+00
4.118552857321406080e+00
4.179197732651456221e+00
4.264188026431116718e+00
4.372358721378219570e+00
4.502763088079148268e+00
4.654626426219614643e+00
4.827293759231457315e+00
5.020172278348681516e+00
5.232668594344954016e+00
5.464120430307005449e+00
5.713722252702364557e+00
5.980444489636200345e+00
6.262946446313057081e+00
6.559483838633771491e+00
6.867813076229863256e+00
7.185096079202691222e+00
7.507811520118435666e+00
7.831680888891936476e+00
8.151620513527687351e+00
8.461733297438346568e+00
8.755355902498825671e+00
9.025177630575171861e+00
9.263445360237996695e+00
9.462263565605573135e+00
9.613988915686102033e+00
9.711705132863075463e+00
9.749746740915176346e+00
9.724222636746715054e+00
9.633476153205451809e+00
9.478412350425415411e+00
9.262630019184381780e+00
8.992317221750404599e+00
8.675903039124028382e+00
8.323498013833113163e+00
7.946192021692581875e+00
7.555301424147036649e+00
7.161661286990533171e+00
6.775042935928961896e+00
6.403747623629726604e+00
6.054392453194878065e+00
5.731873760376261728e+00
5.439471885287887609e+00
5.179051654761466672e+00
4.951313490616791491e+00
4.756057468230855179e+00
4.592433150216844950e+00
4.459158634620250083e+00
4.354701174030314981e+00
4.277418212074726611e+00
4.225661775152769195e+00
4.197851279964774918e+00
4.192520528604660512e+00
4.208344482261208164e+00
4.244150740930346721e+00
4.298919794938623973e+00
4.371777232137067593e+00
4.461980279610331834e+00
4.568900373955282923e+00
4.692002900192133730e+00
4.830824809249188334e+00
4.984950503234712116e+00
5.153986150366307584e+00
5.337532443220746714e+00
5.535155733974460368e+00
5.746357461448131865e+00
5.970541823700266093e+00
6.206981746506929021e+00
6.454783354585774902e+00
6.712849372385330859e+00
6.979842167877110981e+00
7.254147506931229117e+00
7.533840503451445514e+00
7.816655719284789861e+00
8.099963864027706961e+00
8.380758028753080069e+00
8.655652801266391805e+00
8.920899875497946496e+00
9.172423787210567170e+00
9.405881073312759355e+00
9.616745354322800310e+00
9.800419491472775135e+00
9.952374032318758168e+00
1.006830867179466438e+01
1.014433056845901504e+01
1.017714034404085588e+01
1.016421385641931785e+01
1.010396585550586046e+01
9.995880903745165469e+00
9.840597871431864263e+00
9.639937097051015868e+00
9.396863825350820321e+00
9.115387345763855009e+00
8.800401589861008844e+00
8.457478868418062845e+00
8.092633007805568823e+00
7.712070670244028925e+00
7.321949778486839477e+00
6.928161821261742404e+00
6.536150896707292546e+00
6.150777419461216589e+00
5.776229306165005184e+00
5.415978891818907570e+00
5.072780317108075643e+00
4.748699893585192733e+00
4.445170979398582745e+00
4.163064982864741026e+00
3.902770959483422342e+00
3.664277567320667117e+00
3.447252621013083385e+00
3.251116927852994554e+00
3.075110366348341895e+00
2.918349210213984968e+00
2.779874491469714215e+00
2.658691751284253169e+00
2.553802880994650693e+00
2.464230949975821705e+00
2.389038992823494301e+00
2.327343721899952644e+00
2.278325072248715610e+00
2.241232396851275066e+00
2.215388027535056814e+00
2.200188811682959766e+00
2.195106134303266288e+00
2.199684843042485127e+00
2.213541412289358412e+00
2.236361612134034615e+00
2.267897888228854075e+00
2.307966608648339246e+00
2.356445292511495371e+00
2.413269901167628184e+00
2.478432244931839445e+00
2.551977535537159447e+00
2.634002095598245496e+00
2.724651220518857997e+00
2.824117174590916601e+00
2.932637290792136309e+00
3.050492132339958751e+00
3.178003662817467934e+00
3.315533360121827311e+00
3.463480197108835590e+00
3.622278398161946189e+00
3.792394865570123397e+00
3.974326152150456704e+00
4.168594836621555721e+00
4.375745135485765047e+00
4.596337559336934220e+00
4.830942392395417784e+00
5.080131741646679799e+00
5.344469866401548863e+00
5.624501460891150550e+00
5.920737522580471257e+00
6.233638398756916388e+00
6.563593565964271903e+00
6.910897664426717490e+00
7.275722287557288226e+00
7.658083021552630321e+00
8.057801250700057594e+00
8.474460301719748401e+00
8.907355609564312715e+00
9.355438765148809566e+00
9.817255573228601762e+00
1.029087862951825372e+01
1.077383544504193047e+01
1.126303382662019992e+01
1.175468708456324940e+01
1.224424269069685067e+01
1.272631924168073425e+01
1.319465795470636493e+01
1.364209635353969574e+01
1.406057315537665708e+01
1.444117443854855409e+01
1.477423167979352137e+01
1.504948185215027401e+01
1.525629808284696054e+01
1.538399600711137793e+01
1.542221563499891523e+01
1.536137119926957340e+01
1.519315233904666052e+01
1.491104982405947510e+01
1.451086909119134205e+01
1.399118688101467534e+01
1.335370223082976615e+01
1.260343489439352105e+01
1.174873317984387278e+01
1.080106932619054305e+01
9.774622440311016902e+00
8.685673699111637447e+00
7.551861880819532580e+00
6.391364981972858850e+00
5.222082209575155787e+00
4.060888328272526770e+00
2.923019806241276441e+00
1.821632182663102117e+00
7.675446633851392697e-01
-2.308345278694399205e-01
-1.167426529642914046e+00
-2.038279941006266860e+00
-2.841289200604988796e+00
-3.575872401784427890e+00
-4.242642052871334002e+00
-4.843094373048946188e+00
-5.379334260000132595e+00
-5.853845332786074884e+00
-6.269308160562597543e+00
-6.628465187024024097e+00
-6.934027874103769307e+00
-7.188619951637143402e+00
-7.394750037907525275e+00
-7.554806964453391060e+00
-7.671071625338484523e+00
-7.745739872938359305e+00
-7.780951762301126173e+00
-7.778823222662499148e+00
-7.741476966925433523e+00
-7.671070123889115244e+00
-7.569816694856052131e+00
-7.440003503261405804e+00
-7.283998830544286207e+00
-7.104253417501705137e+00
-6.903293956694614764e+00
-6.683709602053838239e+00
-6.448132366961263351e+00
-6.199212560429077534e+00
-5.939590611926087504e+00
-5.671866751168108678e+00
-5.398570036729448240e+00
-5.122128169296328082e+00
-4.844839390352418285e+00
-4.568847568940598514e+00
-4.296121335720881618e+00
-4.028437854829876485e+00
-3.767371550195937946e+00
-3.514287842428524655e+00
-3.270341720423952658e+00
-3.036480779462011448e+00
-2.813452211258072655e+00
-2.601813133174266657e+00
-2.401943591694486457e+00
-2.214061564439326890e+00
-2.038239308543123407e+00
-1.874420453227145344e+00
-1.722437302826315353e+00
-1.582027895840346199e+00
-1.452852449259134815e+00
-1.334508900182608038e+00
-1.226547334669797262e+00
-1.128483164130342109e+00
-1.039808970849700698e+00
-9.600049957697982528e-01
-8.885482834848980049e-01
-8.249205321114164713e-01
-7.686147201218849201e-01
-7.191405994406806501e-01
-6.760291551852413150e-01
-6.388361384832523804e-01
-6.071447808125929324e-01
-5.805677972020427680e-01
-5.587487821854433268e-01
-5.413630972896704696e-01
-5.281183426141962123e-01
-5.187544981808611677e-01
-5.130438135600663419e-01
-5.107905170994245792e-01
-5.118304091130301270e-01
-5.160303967998028929e-01
-5.232880225693049558e-01
-5.335310319488070219e-01
-5.467170223832731324e-01
-5.628332100548394390e-01
-5.818963483569846717e-01
-6.039528288638011944e-01
-6.290789935285797663e-01
-6.573816854117127129e-01
-6.889990644518697582e-01
-7.241017146259851600e-01
-7.628940692553232150e-01
-8.056161821607519258e-01
-8.525458737932337661e-01
-9.040012832926428432e-01
-9.603438595644154807e-01
-1.021981826782726088e+00
-1.089374162059557394e+00
-1.163035125126918201e+00
-1.243539381442075653e+00
-1.331527760698189455e+00
-1.427713691691165687e+00
-1.532890351011298335e+00
-1.647938555930227089e+00
-1.773835419539856018e+00
-1.911663766478804316e+00
-2.062622277460357090e+00
-2.228036286217724982e+00
-2.409369087875424587e+00
-2.608233525659611196e+00
-2.826403493206979256e+00
-3.065824809042885235e+00
-3.328624670154395560e+00
-3.617118549364902513e+00
-3.933812935651966214e+00
-4.281401688160945795e+00
-4.662752933876655348e+00
-5.080882325349250550e+00
-5.538907018373492086e+00
-6.039972854726036289e+00
-6.587144872675665397e+00
-7.183248377967787590e+00
-7.830644422912576452e+00
-8.530919841922225189e+00
-9.284468432394524129e+00
-1.008993737204127861e+01
-1.094351319973810810e+01
-1.183802745044283888e+01
-1.276187764962193505e+01
-1.369779096950965425e+01
-1.462151311452419300e+01
-1.550059164133379852e+01
-1.629354462879771859e+01
-1.694985413575817645e+01
-1.741136646617166051e+01
-1.761574610354021075e+01
-1.750249981716645920e+01
-1.702162084891598681e+01
-1.614401342866424116e+01
-1.487165357448380654e+01
-1.324436942327428390e+01
-1.133994414575144205e+01
-9.265652619139864044e+00
-7.142285104439449306e+00
-5.084933312116793225e+00
-3.186382398820406081e+00
-1.507710387980115474e+00
-7.738157459452477127e-02
1.103167107612160747e+00
2.050984505270135649e+00
2.793235439010929078e+00
3.360736143919357488e+00
3.783800414023397174e+00
4.090028808220858458e+00
4.303429104111649472e+00
4.444314716600798576e+00
4.529588563512735533e+00
4.573174341132734355e+00
4.586469023358988650e+00
4.578759469406126215e+00
4.557583787425112831e+00
4.529036322089809552e+00
4.498022452733915877e+00
4.468471235669015940e+00
4.443513381289898589e+00
4.425630720835314058e+00
4.416781930688212121e+00
4.418508127377493544e+00
4.432021082566751424e+00
4.458276196516592016e+00
4.498031943235449859e+00
4.551897194820154091e+00
4.620367594204465078e+00
4.703851938970169400e+00
4.802689342991792287e+00
4.917157748001573125e+00
5.047474162782067175e+00
5.193786819155015166e+00
5.356159262070585569e+00
5.534546251896273361e+00
5.728761272262765658e+00
5.938435435379611604e+00
6.162967695827828329e+00
6.401466570092846808e+00
6.652684068245640958e+00
6.914943338256900773e+00
7.186062663763158831e+00
7.463279989796601122e+00
7.743184088544282417e+00
8.021660759421653353e+00
8.293864912074228712e+00
8.554231671791320935e+00
8.796541232139905020e+00
9.014052296289056798e+00
9.199716661321028610e+00
9.346481855204796574e+00
9.447679052691581703e+00
9.497479787716068600e+00
9.491388428615751494e+00
9.426720682508690885e+00
9.303005689755030616e+00
9.122245421419107103e+00
8.888974213167578853e+00
8.610084820181644005e+00
8.294422613635754615e+00
7.952189255700718107e+00
7.594231404627598714e+00
7.231309268686997527e+00
6.873438844991499153e+00
6.529381411123891255e+00
6.206321020169733416e+00
5.909735040921552773e+00
5.643433070977024180e+00
5.409721186928000414e+00
5.209642481499427547e+00
5.043248762489940695e+00
4.909868137953758094e+00
4.808345045720646915e+00
4.737240236917370950e+00
4.694986766876739992e+00
4.680003773156861335e+00
4.690773022482363608e+00
4.725884492862763686e+00
4.784057273871620275e+00
4.864141367505920854e+00
4.965104957070763270e+00
5.086010644394819202e+00
5.225983188490666009e+00
5.384170488421479384e+00
5.559698971350878871e+00
5.751624182301891430e+00
5.958877225314159531e+00
6.180207776266228414e+00
6.414124677773544114e+00
6.658835639320346722e+00
6.912188299713388773e+00
7.171615849052543901e+00
7.434091512357223763e+00
7.696097383413047055e+00
7.953614223283200779e+00
8.202139688885651481e+00
8.436742742234255132e+00
8.652161357788751062e+00
8.842948723616443019e+00
9.003669615858614250e+00
9.129143394199235928e+00
9.214723325802999909e+00
9.256594360930282761e+00
9.252064231151763352e+00
9.199817418339712560e+00
9.100099884193900479e+00
8.954805859821108882e+00
8.767446997678796095e+00
8.542997996376797687e+00
8.287629228048144725e+00
8.008352717370868845e+00
7.712619645600833351e+00
7.407912814470510199e+00
7.101375264370275886e+00
6.799507444683855262e+00
6.507952423520211305e+00
6.231374689309921777e+00
5.973425934797082171e+00
5.736782649804197831e+00
5.523236000273673341e+00
5.333813922755279435e+00
5.168917578029719628e+00
5.028458064107043768e+00
4.911983512165362775e+00
4.818790616647951275e+00
4.748017859808075336e+00
4.698720038181626535e+00
4.669925227283963309e+00
4.660676173035409597e+00
4.670058447558109727e+00
4.697217717357592193e+00
4.741368278731562746e+00
4.801794719228469788e+00
4.877848233917365661e+00
4.968938804227248873e+00
5.074524159434785631e+00
5.194096198096715966e+00
5.327165352569142698e+00
5.473243233644965677e+00
5.631823791747065933e+00
5.802363173049978506e+00
5.984258430727945388e+00
6.176825271283213681e+00
6.379275072289298798e+00
6.590691499935195097e+00
6.810007181338128213e+00
7.035981045629748465e+00
7.267177135359533580e+00
7.501945898858686235e+00
7.738409193736028868e+00
7.974450445138782761e+00
8.207711587005018572e+00
8.435598540744576823e+00
8.655297017878032406e+00
8.863800331042137159e+00
9.057950620605558001e+00
9.234494416065267330e+00
9.390152729247150276e+00
9.521704918892616831e+00
9.626084403715980287e+00
9.700483002971315827e+00
9.742459362219104690e+00
9.750045728647815935e+00
9.721846452304628627e+00
9.657121187102703175e+00
9.555846000135176155e+00
9.418746557930598229e+00
9.247299238143829925e+00
9.043698297424892729e+00
8.810789884568645647e+00
8.551976414042497865e+00
8.271097265915626551e+00
7.972293637208715644e+00
7.659866404156124631e+00
7.338135958913047929e+00
7.011312194469287107e+00
6.683381293075336238e+00
6.358013980943827193e+00
6.038497736541146743e+00
5.727693356034369465e+00
5.428014503796073420e+00
5.141427543283217716e+00
4.869468104053739310e+00
4.613270471255095373e+00
4.373605910365999883e+00
4.150926360881932453e+00
3.945410440931370832e+00
3.757009303542813150e+00
3.585490496814377259e+00
3.430478549551248868e+00
3.291491497627654805e+00
3.167972969038717501e+00
3.059319755399256824e+00
2.964905021435221943e+00
2.884097453651937926e+00
2.816276738667563340e+00
2.760845804413927240e+00
2.717240265976715197e+00
2.684935502817782371e+00
2.663451763964066910e+00
2.652357658950514008e+00
2.651272349618875701e+00
2.659866714608442262e+00
2.677863716695914498e+00
2.705038164349939045e+00
2.741216023627129239e+00
2.786273405069466413e+00
2.840135322485560110e+00
2.902774296134946308e+00
2.974208851495853789e+00
3.054501946032934345e+00
3.143759339719152113e+00
3.242127910031393334e+00
3.349793898271544723e+00
3.466981060922887714e+00
3.593948686918132740e+00
3.730989428777118366e+00
3.878426882200928905e+00
4.036612834543060302e+00
4.205924087305167980e+00
4.386758741149247243e+00
4.579531813652157446e+00
4.784670039990430723e+00
5.002605684863752344e+00
5.233769170303786744e+00
5.478580298810244997e+00
5.737437824993843805e+00
6.010707102405368651e+00
6.298705506754958883e+00
6.601685314121223058e+00
6.919813695608684867e+00
7.253149481769320062e+00
7.601616355655036017e+00
7.964972158700346583e+00
8.342774046450831094e+00
8.734339320950391894e+00
9.138701904748891991e+00
9.554564621129630453e+00
9.980247720783900434e+00
1.041363446178080565e+01
1.085211502129358330e+01
1.129253060477063819e+01
1.173112032486369571e+01
1.216347424067016014e+01
1.258449685235585491e+01
1.298838628697107644e+01
1.336863530605677042e+01
1.371806099346150276e+01
1.402887037922596036e+01
1.429276911894038271e+01
1.450111944617478521e+01
1.464515171477999012e+01
1.471623075472395570e+01
1.470617388608003218e+01
1.460761184867189044e+01
1.441437743096053126e+01
1.412189983776598901e+01
1.372757673989262273e+01
1.323109164886348132e+01
1.263464297555943006e+01
1.194305390015712476e+01
1.116373955692197661e+01
1.030651981412862028e+01
9.383280979982746572e+00
8.407506096020089359e+00
7.393708534473038441e+00
6.356814798309927461e+00
5.311547701879000272e+00
4.271859539413201290e+00
3.250456817136421428e+00
2.258445255642592464e+00
1.305108494540838215e+00
3.978188840516496683e-01
-4.579338329819513387e-01
-1.258418829116171089e+00
-2.001472678682426398e+00
-2.686267506986763642e+00
-3.313063502704680197e+00
-3.882965800341469986e+00
-4.397700263649865882e+00
-4.859417340562548482e+00
-5.270528507708182708e+00
-5.633576173294551737e+00
-5.951135320298789111e+00
-6.225743550074661847e+00
-6.459855350332054158e+00
-6.655816157475292982e+00
-6.815851921358253129e+00
-6.942070253348409103e+00
-7.036469728055894102e+00
-7.100954434169758578e+00
-7.137351380441267601e+00
-7.147428832153734035e+00
-7.132914070649979621e+00
-7.095509432825538809e+00
-7.036905803390899550e+00
-6.958793006603963605e+00
-6.862866782400392829e+00
-6.750832239433398385e+00
-6.624403857728190737e+00
-6.485302267951472466e+00
-6.335248162766142777e+00
-6.175953797568044301e+00
-6.009112611975464979e+00
-5.836387548936825098e+00
-5.659398665173398513e+00
-5.479710615910396321e+00
-5.298820560746352548e+00
-5.118146979562578913e+00
-4.939019812107832585e+00
-4.762672247551682503e+00
-4.590234396453410248e+00
-4.422728982725926627e+00
-4.261069102300618638e+00
-4.106058012550894532e+00
-3.958390845342350861e+00
-3.818658078974830339e+00
-3.687350561291786288e+00
-3.564865847870113402e+00
-3.451515604633093481e+00
-3.347533821964810308e+00
-3.253085595526592044e+00
-3.168276245337990016e+00
-3.093160567094442204e+00
-3.027752036059808916e+00
-2.972031812309132270e+00
-2.925957424991905143e+00
-2.889471041327354328e+00
-2.862507252222235454e+00
-2.845000329992160015e+00
-2.836890934190424485e+00
-2.838132258728235602e+00
-2.848695627188954749e+00
-2.868575553489683738e+00
-2.897794291887708873e+00
-2.936405903858351429e+00
-2.984499869671393579e+00
-3.042204269618136170e+00
-3.109688553782373965e+00
-3.187165909914460915e+00
-3.274895226160996931e+00
-3.373182628800544869e+00
-3.482382554269621622e+00
-3.602898289000054710e+00
-3.735181879113710135e+00
-3.879733273822682182e+00
-4.037098520248168398e+00
-4.207866771887124102e+00
-4.392665806538307294e+00
-4.592155670453935912e+00
-4.807019972120413875e+00
-5.037954239906265563e+00
-5.285650631889155626e+00
-5.550778143556140520e+00
-5.833957301613325264e+00
-6.135728164575603216e+00
-6.456510282310143900e+00
-6.796553113048701356e+00
-7.155875282792258929e+00
-7.534191036850709899e+00
-7.930822332358832938e+00
-8.344595332255751785e+00
-8.773720690676190870e+00
-9.215658102078256420e+00
-9.666967285071208948e+00
-1.012315006813124896e+01
-1.057849171229544538e+01
-1.102591416402077229e+01
-1.145685956210914291e+01
-1.186122875276230459e+01
-1.222740611103314556e+01
-1.254240735477494262e+01
-1.279218927900080338e+01
-1.296215673150203607e+01
-1.303788957545936888e+01
-1.300608806236460779e+01
-1.285569784490026990e+01
-1.257912807782590292e+01
-1.217342503899309669e+01
-1.164122243996026285e+01
-1.099127490401405716e+01
-1.023840862369061178e+01
-9.402799960947225699e+00
-8.508609956164416843e+00
-7.582133696480787499e+00
-6.649730084743610270e+00
-5.735844368473357768e+00
-4.861406155724876221e+00
-4.042790084433593556e+00
-3.291398021987700151e+00
-2.613801285713155398e+00
-2.012299907168649149e+00
-1.485725037971516116e+00
-1.030323291870265834e+00
-6.406008432143852627e-01
-3.100521812079471973e-01
-3.174040349133355754e-02
2.012734957493724219e-01
3.956365587378579129e-01
5.575209013269110114e-01
6.925261763424482853e-01
8.056440526665283874e-01
9.012652415986877052e-01
9.832138786176300993e-01
1.054797976697136930e+00
1.118867921897757078e+00
1.177877536215988119e+00
1.233944154688475292e+00
1.288905563172022983e+00
1.344372633045261889e+00
1.401777168854122069e+00
1.462414935623664869e+00
1.527484116988446106e+00
1.598119620636034410e+00
1.675423728361313591e+00
1.760493608899440510e+00
1.854446189470694950e+00
1.958440827289385178e+00
2.073700140761757904e+00
2.201529252951931692e+00
2.343333564298959892e+00
2.500635000616972636e+00
2.675086464805682684e+00
2.868483940151745237e+00
3.082775327503548990e+00
3.320064619057323974e+00
3.582609381424776807e+00
3.872808695396130041e+00
4.193177627461855295e+00
4.546302933053986806e+00
4.934772962687507203e+00
5.361072630861293931e+00
5.827431839120796653e+00
6.335613054679996026e+00
6.886621171783279038e+00
7.480317004644219558e+00
8.114916002464669376e+00
8.786358063965273857e+00
9.487545753809865090e+00
1.020747108553275240e+01
1.093029055099570179e+01
1.163446910946557011e+01
1.229219784980144148e+01
1.286938933123109940e+01
1.332664396913002491e+01
1.362160887252779240e+01
1.371303853370825721e+01
1.356652896166721156e+01
1.316129712865765100e+01
1.249661913609323705e+01
1.159593688194626360e+01
1.050666337460570254e+01
9.294715659602207580e+00
8.034627448960957707e+00
6.797915257423214896e+00
5.643112960450802795e+00
4.610043313280453248e+00
3.718999319736140841e+00
2.973718923583138718e+00
2.366209186803184039e+00
1.881668488779960180e+00
1.502469427682574743e+00
1.210875022183025340e+00
9.906087757539094873e-01
8.275770601465712861e-01
7.100490681176239161e-01
6.285338396822108820e-01
5.755160077113230521e-01
5.451477359498150266e-01
5.329495388705777215e-01
5.355445697260927673e-01
5.504347714074442344e-01
5.758187483017266350e-01
6.104472484075680327e-01
6.535107291737469737e-01
7.045533904709618822e-01
7.634085843570589391e-01
8.301512639994274023e-01
9.050639117175750537e-01
9.886130936169567063e-01
1.081434388394588719e+00
1.184323922592721789e+00
1.298235119066092125e+00
1.424279539256934957e+00
1.563730882110236253e+00
1.718031299097677600e+00
1.888799197275722319e+00
2.077837626444071439e+00
2.287142171748364650e+00
2.518906981663186606e+00
2.775527127215534406e+00
3.059594876692207421e+00
3.373886636997888822e+00
3.721336206569680005e+00
4.104988549868588521e+00
4.527926490191164000e+00
4.993160500394112411e+00
5.503469182751084432e+00
6.061175218007338827e+00
6.667838886648482344e+00
7.323849427549167679e+00
8.027894748585783447e+00
8.776294372305114777e+00
9.562192038617531864e+00
1.037462726003538194e+01
1.119754427595927559e+01
1.200885674191922092e+01
1.277976820957098703e+01
1.347464454573394121e+01
1.405182152355272507e+01
1.446576237565077427e+01
1.467088593930205320e+01
1.462708983101866700e+01
1.430645952777668128e+01
1.369996247704482784e+01
1.282233037753776905e+01
1.171322678417829621e+01
1.043351475520825744e+01
9.056940185053987236e+00
7.659240298877787900e+00
6.307675107610444698e+00
5.053670627104724034e+00
3.929854627435429570e+00
2.951103735427961450e+00
2.118143190788087438e+00
1.422042453115484717e+00
8.483792397746623415e-01
3.804618915163191506e-01
1.494217738484682201e-03
-3.041605293623043660e-01
-5.503702377006877144e-01
-7.490469559516012010e-01
-9.102040689022655728e-01
-1.042136599237033279e+00
-1.151649737106144489e+00
-1.244293048448470884e+00
-1.324578553943707826e+00
-1.396173276961111265e+00
-1.462063808728005565e+00
-1.524694035526667157e+00
-1.586078811212953354e+00
-1.647896909095964535e+00
-1.711566569590437181e+00
-1.778306672554627488e+00
-1.849186170944777219e+00
-1.925164012294814819e+00
-2.007121388946523588e+00
-2.095887814589460163e+00
-2.192262227992043844e+00
-2.297030072600389161e+00
-2.410977087666905216e+00
-2.534900366342083267e+00
-2.669617082192911717e+00
-2.815971151719156129e+00
-2.974837980975029161e+00
-3.147127334292152412e+00
-3.333784257816919006e+00
-3.535787886122480739e+00
-3.754147853055051165e+00
-3.989897915320904875e+00
-4.244086276915864708e+00
-4.517761973099814199e+00
-4.811956534337650915e+00
-5.127660005535081389e+00
-5.465790248871256196e+00
-5.827154318417277601e+00
-6.212400575860256069e+00
-6.621960140734380218e+00
-7.055976266918690065e+00
-7.514220353183199030e+00
-7.995993587025801652e+00
-8.500013761703632653e+00
-9.024287685814044835e+00
-9.565970924947130527e+00
-1.012121848099258870e+01
-1.068503251751068817e+01
-1.125111642643255472e+01
-1.181174836201608436e+01
-1.235769165544101256e+01
-1.287816386287274817e+01
-1.336088989778725278e+01
-1.379226672591559932e+01
-1.415766610988191943e+01
-1.444189634207678274e+01
-1.462983236535974996e+01
-1.470720531184609925e+01
-1.466151768751918816e+01
-1.448302148523703714e+01
-1.416566800100126500e+01
-1.370791670498353199e+01
-1.311328373982590456e+01
-1.239052483140127769e+01
-1.155338508244082263e+01
-1.061990568711757277e+01
-9.611344856109004908e+00
-8.550832338791826359e+00
-7.461918668608448435e+00
-6.367191177546301262e+00
-5.287106951446342684e+00
-4.239145354028226009e+00
-3.237322936215824232e+00
-2.292056268714804279e+00
-1.410314988838198058e+00
-5.959836582384401282e-01
1.496536377053002687e-01
8.273823485772312525e-01
1.439538875210690572e+00
1.989543094685574331e+00
2.481502631290235517e+00
2.919895368368095045e+00
3.309327071052844627e+00
3.654355418935077537e+00
3.959369302998138718e+00
4.228511917943547971e+00
4.465637111949725124e+00
4.674289991807516031e+00
4.857704490193080815e+00
5.018812229057446395e+00
5.160258432041576526e+00
5.284421805569867736e+00
5.393436226998281846e+00
5.489212777126117437e+00
5.573461170731609293e+00
5.647710010160682970e+00
5.713325547101745450e+00
5.771528814710981337e+00
5.823411108711234796e+00
5.869947869327373446e+00
5.912011058978675848e+00
5.950380153107786008e+00
5.985751870299058197e+00
6.018748767827259094e+00
6.049926823394573994e+00
6.079782115394750441e+00
6.108756704151191208e+00
6.137243806229935927e+00
6.165592343769505490e+00
6.194110941179294727e+00
6.223071432744093912e+00
6.252711936727416209e+00
6.283239544510213825e+00
6.314832667109318010e+00
6.347643076040652588e+00
6.381797670862592753e+00
6.417400001786479180e+00
6.454531572406867035e+00
6.493252944819744243e+00
6.533604667104218500e+00
6.575608041289632943e+00
6.619265748469367772e+00
6.664562346614179233e+00
6.711464655846323346e+00
6.759922045429945570e+00
6.809866636485679692e+00
6.861213434423198088e+00
6.913860405281152310e+00
6.967688510546821590e+00
7.022561715574506813e+00
7.078326987407676185e+00
7.134814298607714100e+00
7.191836654571152287e+00
7.249190162742189081e+00
7.306654163057429763e+00
7.363991439848326159e+00
7.420948536220158154e+00
7.477256192563821457e+00
7.532629931270416357e+00
7.586770809833875084e+00
7.639366364263142195e+00
7.690091763997616070e+00
7.738611198240365141e+00
7.784579511706277266e+00
7.827644105144532460e+00
7.867447112563226597e+00
7.903627862799821990e+00
7.935825627906115010e+00
7.963682654739673517e+00
7.986847469198655070e+00
8.004978434768027284e+00
8.017747538574424127e+00
8.024844369138447675e+00
8.025980240686919842e+00
8.020892409519360555e+00
8.009348318842086201e+00
7.991149800065787012e+00
7.966137151220234358e+00
7.934193007305000656e+00
7.895245913500461121e+00
7.849273510617942762e+00
7.796305243330960089e+00
7.736424505881820401e+00
7.669770147274800109e+00
7.596537268493079864e+00
7.516977257906027887e+00
7.431397027497911090e+00
7.340157431415277323e+00
7.243670869007770463e+00
7.142398096299084287e+00
7.036844291838979082e+00
6.927554444258203326e+00
6.815108148665697030e+00
6.700113916420404436e+00
6.583203116999506221e+00
6.465023681033213343e+00
6.346233699627850555e+00
6.227495056609104296e+00
6.109467227266359934e+00
5.992801369771278530e+00
5.878134824090573751e+00
5.766086118502293800e+00
5.657250566479886444e+00
5.552196517538613207e+00
5.451462305488755433e+00
5.355553917238236039e+00
5.264943385600883374e+00
5.180067891163755434e+00
5.101329541688683022e+00
5.029095783166841471e+00
4.963700384757612660e+00
4.905444930524976321e+00
4.854600744101870369e+00
4.811411168014188888e+00
4.776094117134857875e+00
4.748844825296179906e+00
4.729838705098221574e+00
4.719234243018087582e+00
4.717175854646864508e+00
4.723796627862777875e+00
4.739220884614932849e+00
4.763566494394836148e+00
4.796946874100041391e+00
4.839472609571749295e+00
4.891252633383538218e+00
4.952394891283561584e+00
5.023006425907610151e+00
5.103192800900147930e+00
5.193056781383859288e+00
5.292696177864502971e+00
5.402200750308196575e+00
5.521648057577953850e+00
5.651098125137044015e+00
5.790586791623170804e+00
5.940117583578315319e+00
6.099651958686697739e+00
6.269097753229600833e+00
6.448295671635877468e+00
6.637003668273674606e+00
6.834879098169295730e+00
7.041458559344200729e+00
7.256135421209502390e+00
7.478135138296610585e+00
7.706488594772834766e+00
7.940003921399355846e+00
8.177237481219584936e+00
8.416465040081499538e+00
8.655654526284923378e+00
8.892442237067072597e+00
9.124114855229311871e+00
9.347600169579807883e+00
9.559469901496361999e+00
9.755958456629992170e+00
9.933001648860862787e+00
1.008629936050187759e+01
1.021140556675080546e+01
1.030384801847570131e+01
1.035927802415441512e+01
1.037364814022626724e+01
1.034341222061758003e+01
1.026573840115315051e+01
1.013872160756094587e+01
9.961578677807432669e+00
9.734806926738814425e+00
9.460286727149926023e+00
9.141311058313664972e+00
8.782530240890579876e+00
8.389807953128705975e+00
7.969994202077327117e+00
7.530630762287687574e+00
7.079612979025485586e+00
6.624837175770410980e+00
6.173864161055534261e+00
5.733626286556735785e+00
5.310198852094246469e+00
4.908647769272885597e+00
4.532955986019824302e+00
4.186022823974059115e+00
3.869724213544237124e+00
3.585018328397961529e+00
3.332080230107705265e+00
3.110450317725560687e+00
2.919183916435768467e+00
2.756992511911452670e+00
2.622370352335960497e+00
2.513702998969640223e+00
2.429356698659244085e+00
2.367749119431807436e+00
2.327403076165399654e+00
2.306985474294818594e+00
2.305333930771288120e+00
2.321473503290867324e+00
2.354625764332304527e+00
2.404212167703800862e+00
2.469853323209565854e+00
2.551365452914757803e+00
2.648754969227146816e+00
2.762211798737309376e+00
2.892101776696953230e+00
3.038958149760852656e+00
3.203471939749199748e+00
3.386480626396255467e+00
3.588954287974995161e+00
3.811977979654814774e+00
4.056728714431250715e+00
4.324444925599677525e+00
4.616385721954879173e+00
4.933776594355460787e+00
5.277737507724216570e+00
5.649188555766100350e+00
6.048727650935168398e+00
6.476474223159881305e+00
6.931872864393867850e+00
7.413451683944699333e+00
7.918532422766204171e+00
8.442893926335909072e+00
8.980398420474251964e+00
9.522602303509525967e+00
1.005839081024263137e+01
1.057369910366516308e+01
1.105140955691343763e+01
1.147154154522687719e+01
1.181186675112943263e+01
1.204907526144550012e+01
1.216056729667141134e+01
1.212683603709083080e+01
1.193423600304493704e+01
1.157772468848018832e+01
1.106298754969627396e+01
1.040730375880957048e+01
9.638670235656435992e+00
8.793091990483288711e+00
7.910465979599572428e+00
7.029928578398022765e+00
6.185695788327914890e+00
5.404219952706269758e+00
4.703022109205375223e+00
4.091058186539025421e+00
3.570140876248137474e+00
3.136843827512501459e+00
2.784411520085211755e+00
2.504380555304004830e+00
2.287794011618462520e+00
2.126013391112944628e+00
2.011196422878008594e+00
1.936528342056334839e+00
1.896288197884416382e+00
1.885815120248618193e+00
1.901421205612331855e+00
1.940281929890107948e+00
2.000323009383313977e+00
2.080114227230946522e+00
2.178775207043226025e+00
2.295894659862498521e+00
2.431462581238385212e+00
2.585813718221588342e+00
2.759579995049662227e+00
2.953649230463089026e+00
3.169127231622693053e+00
3.407300099427333251e+00
3.669593256235968326e+00
3.957523265483927410e+00
4.272637932099129010e+00
4.616439456491997717e+00
4.990284601101442341e+00
5.395255007516956525e+00
5.831990145906011946e+00
6.300475180709148582e+00
6.799776764947014662e+00
7.327722127918442574e+00
7.880521769244125174e+00
8.452344854212169523e+00
9.034870398675854730e+00
9.616857699156135197e+00
1.018380643437083144e+01
1.071780852957851771e+01
1.119772452611019631e+01
1.159983561328324875e+01
1.189911126154238374e+01
1.207117033221496527e+01
1.209488337059646490e+01
1.195536641445523962e+01
1.164688821611158431e+01
1.117503353200405947e+01
1.055744341712014744e+01
9.822674769534614825e+00
9.007178237268050225e+00
8.150945111323323999e+00
7.292788080495961722e+00
6.466300460810262329e+00
5.697249094327315966e+00
5.002650927113934998e+00
4.391300835429159832e+00
3.865236268674700604e+00
3.421582127962826458e+00
3.054343863025466899e+00
2.755900062696178487e+00
2.518107206489435423e+00
2.333034750435046156e+00
2.193399436430206961e+00
2.092780125344217534e+00
2.025686257134634349e+00
1.987537072199468513e+00
1.974592258793196553e+00
1.983860895417047132e+00
2.013005232717256732e+00
2.060248694613533438e+00
2.124292789763917888e+00
2.204244714461082832e+00
2.299555720239605971e+00
2.409969384943190907e+00
2.535478465418333549e+00
2.676288823561265851e+00
2.832788876282350543e+00
3.005523043370388780e+00
3.195167706155265464e+00
3.402508215473811770e+00
3.628415483839158906e+00
3.873820656425657205e+00
4.139686277091541022e+00
4.426972253012078973e+00
4.736594784175935047e+00
5.069376278959365045e+00
5.425984151244170661e+00
5.806856328864441252e+00
6.212111356698753362e+00
6.641441233051380344e+00
7.093985685770849869e+00
7.568187616187462829e+00
8.061631084035475681e+00
8.570865661154162041e+00
9.091224421082285900e+00
9.616647369219968766e+00
1.013952772460585372e+01
1.065060485132170953e+01
1.113893411430025537e+01
1.159196926225748392e+01
1.199579524381167950e+01
1.233554619047409240e+01
1.259603196340850850e+01
1.276257496212370413e+01
1.282202626897809772e+01
1.276388909368734303e+01
1.258143442838763448e+01
1.227265950261370087e+01
1.184092700451811275e+01
1.129514335330897623e+01
1.064939178167672829e+01
9.922023425457794588e+00
9.134307827640729016e+00
8.308826966887083998e+00
7.467840112579522405e+00
6.631838451089523190e+00
5.818453412031456828e+00
5.041800227753308938e+00
4.312253596626174357e+00
3.636586502709682200e+00
3.018367060621117925e+00
2.458501393250770661e+00
1.955825137235929656e+00
1.507671755470327835e+00
1.110373339906753021e+00
7.596731876599110977e-01
4.510466255004525471e-01
1.799372454737774296e-01
-5.807891320920804956e-02
-2.671870547344129543e-01
-4.512716253174968717e-01
-6.138868176095575446e-01
-7.582499407791705170e-01
-8.872501422311621644e-01
-1.003466840260614834e+00
-1.109193769827468756e+00
-1.206465756356113417e+00
-1.297086252830129904e+00
-1.382654354492015125e+00
-1.464590494305246349e+00
-1.544160366164441411e+00
-1.622496858828671673e+00
-1.700619940944844810e+00
-1.779454538605069081e+00
-1.859846508231197237e+00
-1.942576841324849202e+00
-2.028374252487571194e+00
-2.117926304294219797e+00
-2.211889216421066173e+00
-2.310896494860745776e+00
-2.415566502092510337e+00
-2.526509072007358636e+00
-2.644331254997110303e+00
-2.769642259324091693e+00
-2.903057634850898516e+00
-3.045202724393168747e+00
-3.196715386186947505e+00
-3.358247967955870106e+00
-3.530468488464393317e+00
-3.714060955839039391e+00
-3.909724722884150072e+00
-4.118172747656529076e+00
-4.340128592260564133e+00
-4.576321953810793985e+00
-4.827482478531774035e+00
-5.094331562975373373e+00
-5.377571795593930837e+00
-5.677873638133664080e+00
-5.995858890883174475e+00
-6.332080431017761413e+00
-6.686997662654455610e+00
-7.060947075956197416e+00
-7.454107288012938426e+00
-7.866457940295149776e+00
-8.297731869535851956e+00
-8.747360068162919333e+00
-9.214409128463687537e+00
-9.697511147686039834e+00
-1.019478648967171175e+01
-1.070376038579157019e+01
-1.122127514770896894e+01
-1.174340078642126528e+01
-1.226534810423992994e+01
-1.278138984499915587e+01
-1.328479721284976023e+01
-1.376780090795997324e+01
-1.422158761191425214e+01
-1.463634432944719954e+01
-1.500136379777111095e+01
-1.530522385502056970e+01
-1.553605169513416229e+01
-1.568187981238516215e+01
-1.573109375990913783e+01
-1.567296249947494857e+01
-1.549823045930695997e+01
-1.519973743695516788e+01
-1.477301990492342476e+01
-1.421683746501593859e+01
-1.353356385286762986e+01
-1.272938548168442274e+01
-1.181426351923604656e+01
-1.080163768898381704e+01
-9.707878992801870055e+00
-8.551529937510858659e+00
-7.352398917222101815e+00
-6.130594552336645187e+00
-4.905592020736928127e+00
-3.695415530232538437e+00
-2.516001023112983681e+00
-1.380775488684035546e+00
-3.004596374434385098e-01
7.169254259754684888e-01
1.665885693665341005e+00
2.543163946226469463e+00
3.347381107791236765e+00
4.078653630438276778e+00
4.738222215116050684e+00
5.328116621040249079e+00
5.850871178641590120e+00
6.309297092107717830e+00
6.706311210136792766e+00
7.044816665474087358e+00
7.327628337994552155e+00
7.557435054871426416e+00
7.736790369366551623e+00
7.868124283804249330e+00
7.953769119336628890e+00
7.995993692898698768e+00
7.997040924672059958e+00
7.959164908972389263e+00
7.884664317117168864e+00
7.775909763323863189e+00
7.635363463841078335e+00
7.465590165626439401e+00
7.269258919724766344e+00
7.049135825149947188e+00
6.808068364003331041e+00
6.548962375315909412e+00
6.274753058993975507e+00
5.988371648459442476e+00
5.692709531109898080e+00
5.390581625734733429e+00
5.084690749175972080e+00
4.777594532197599442e+00
4.471676194906494928e+00
4.169120188283849338e+00
3.871893376081844806e+00
3.581732096042958169e+00
3.300135124098542594e+00
3.028362288460177520e+00
2.767438255294976557e+00
2.518160840952692325e+00
2.281113098806100137e+00
2.056678378208728120e+00
1.845057551825215247e+00
1.646287646373290947e+00
1.460261180395646896e+00
1.286745600936003875e+00
1.125402309734458761e+00
9.758048710343383281e-01
8.374560912487349906e-01
7.098037512286654582e-01
5.922548519471191319e-01
4.841883026525838907e-01
3.849660366080615015e-01
2.939425838570490779e-01
2.104731640095935385e-01
1.339203860864452977e-01
6.365965839523064773e-02
-9.165793584853948461e-04
-6.039568567942645710e-02
-1.153425929183729409e-01
-1.662984167626551102e-01
-2.137797932228530373e-01
-2.582788441533266921e-01
-3.002636807504733829e-01
-3.401793634414931322e-01
-3.784492457657409603e-01
-4.154766390056151004e-01
-4.516467432605205667e-01
-4.873287992486352582e-01
-5.228784232844783109e-01
-5.586400955678968439e-01
-5.949497791106514999e-01
-6.321376533189067004e-01
-6.705309524564331269e-01
-7.104569049569696704e-01
-7.522457748636217634e-01
-7.962340115793530293e-01
-8.427675186455472200e-01
-8.922050564505826786e-01
-9.449217976242406669e-01
-1.001313057400073925e+00
-1.061798224411474534e+00
-1.126824920186468848e+00
-1.196873417944415152e+00
-1.272461353049733290e+00
-1.354148758454549073e+00
-1.442543458388722222e+00
-1.538306852042763184e+00
-1.642160115494511352e+00
-1.754890843908860631e+00
-1.877360146075474301e+00
-2.010510188267725873e+00
-2.155372162356377075e+00
-2.313074621614689352e+00
-2.484852083400225453e+00
-2.672053736499782506e+00
-2.876152006570135367e+00
-3.098750618161995263e+00
-3.341591636300897505e+00
-3.606560761586205643e+00
-3.895689873672322445e+00
-4.211155447825995601e+00
-4.555270981933757568e+00
-4.930470935287488032e+00
-5.339282858885142424e+00
-5.784283349407862040e+00
-6.268032145564740532e+00
-6.792977075333475945e+00
-7.361320650044485880e+00
-7.974836933377558168e+00
-8.634625035934702098e+00
-9.340783515456774211e+00
-1.009198869284457523e+01
-1.088496044507198057e+01
-1.171380304143298190e+01
-1.256921849312153228e+01
-1.343760906540997269e+01
-1.430011823807187277e+01
-1.513170976404912516e+01
-1.590045511466867367e+01
-1.656728778983578820e+01
-1.708657504872149602e+01
-1.740792183875142385e+01
-1.747960289328404571e+01
-1.725384240090960475e+01
-1.669375662692883111e+01
-1.578113342547257503e+01
-1.452346971634030837e+01
-1.295813610710040997e+01
-1.115162377198187471e+01
-9.192873791321511945e+00
-7.181557652786168866e+00
-5.214115200544158668e+00
-3.371310346354512433e+00
-1.710410247286350938e+00
-2.631744295141098533e-01
9.612463841083656035e-01
1.970628302477965832e+00
2.783399091061169450e+00
3.423255058945340767e+00
3.915286010925077775e+00
4.283587367494413378e+00
4.550031383654439487e+00
4.733809155688574855e+00
4.851419211732133974e+00
4.916877092179340991e+00
4.942008358146996905e+00
4.936750918596303883e+00
4.909432589571672167e+00
4.867012424253007730e+00
4.815285696204044896e+00
4.759057133541872986e+00
4.702288176362301897e+00
4.648223539187962494e+00
4.599501261626455673e+00
4.558249269723185115e+00
4.526170491558192843e+00
4.504617848804604918e+00
4.494659969939826638e+00
4.497138191398598828e+00
4.512715270905567344e+00
4.541916177786807118e+00
4.585161304525310122e+00
4.642792431178997425e+00
4.715091750255020031e+00
4.802294214628681779e+00
4.904593402871901375e+00
5.022141008068198964e+00
5.155039955003885233e+00
5.303331047018481570e+00
5.466972951535034930e+00
5.645815269960983152e+00
5.839564425635154876e+00
6.047742171149400825e+00
6.269636699067704377e+00
6.504246680600615171e+00
6.750219104372459533e+00
7.005782594074707603e+00
7.268678996749387444e+00
7.536097481586092606e+00
7.804617161876857168e+00
8.070166270393123398e+00
8.328007994835168404e+00
8.572764883559431226e+00
8.798494756219657376e+00
8.998830619737233860e+00
9.167194405436383420e+00
9.297088656420328334e+00
9.382461155970885258e+00
9.418125107641035498e+00
9.400203094518406743e+00
9.326549149173997577e+00
9.197093456279320733e+00
9.014052498911551581e+00
8.781957010267063879e+00
8.507471694551428598e+00
8.199011598697211411e+00
7.866193955662923010e+00
7.519192931756105480e+00
7.168080320246557946e+00
6.822233686437160216e+00
6.489875779452907167e+00
6.177780842027613240e+00
5.891152782477345973e+00
5.633654422637355275e+00
5.407550756950116444e+00
5.213923346802501690e+00
5.052915773468855676e+00
4.923978201494840334e+00
4.826089235347059692e+00
4.757942877974628892e+00
4.718096106981518822e+00
4.705077911327978590e+00
4.717463748307209492e+00
4.753920763585814946e+00
4.813229313415208210e+00
4.894285821205547116e+00
4.996091157796259452e+00
5.117727804734264474e+00
5.258328194546802337e+00
5.417035904598445306e+00
5.592960852124703841e+00
5.785129315099521108e+00
5.992429495012356888e+00
6.213553449919619887e+00
6.446936566622837539e+00
6.690696315801786476e+00
6.942572842561658852e+00
7.199874968862759239e+00
7.459436373580961011e+00
7.717587971031195870e+00
7.970153662680480089e+00
8.212477441070369366e+00
8.439489948254813356e+00
8.645821640611954351e+00
8.825967290591639980e+00
8.974502363034874364e+00
9.086345776856225243e+00
9.157056039493197019e+00
9.183139589704111927e+00
9.162342830495200374e+00
9.093894609110966698e+00
8.978665661104002993e+00
8.819217094488113418e+00
8.619721516160284480e+00
8.385756522046271755e+00
8.123988124244714726e+00
7.841777545456800169e+00
7.546755129493348591e+00
7.246407647328549473e+00
6.947719781811280804e+00
6.656898834419451738e+00
6.379196839238677086e+00
6.118829700665288307e+00
5.878981396621650646e+00
5.661874140495342544e+00
5.468882786033990584e+00
5.300672834693566315e+00
5.157344850050745499e+00
5.038572581312443788e+00
4.943726613490090571e+00
4.871979248200903889e+00
4.822389286326866475e+00
4.793967403189482113e+00
4.785724003005841887e+00
4.796702000934827126e+00
4.825997101614410312e+00
4.872767989356153961e+00
4.936238544994611566e+00
5.015693847347083789e+00
5.110471360800496576e+00
5.219948388116983473e+00
5.343526596027097675e+00
5.480614207057664444e+00
5.630606294938052869e+00
5.792863520631314600e+00
5.966689598376424541e+00
6.151307782961771053e+00
6.345836717983075026e+00
6.549266077449131807e+00
6.760432566779416952e+00
6.977997019722473659e+00
7.200423528363796066e+00
7.425961763850990494e+00
7.652633870361464474e+00
7.878227522524445803e+00
8.100296898267966839e+00
8.316173399125498022e+00
8.522987906901741795e+00
8.717706155129633316e+00
8.897178374506573562e+00
9.058203712385347828e+00
9.197609016326332210e+00
9.312340430168930538e+00
9.399564937612639781e+00
9.456777608282337155e+00
9.481909004614031744e+00
9.473426178033086842e+00
9.430420114337801252e+00
9.352672554196550081e+00
9.240695929254485463e+00
9.095741736778764519e+00
8.919774927090617922e+00
8.715414578870033679e+00
8.485843972136267510e+00
8.234695774296076465e+00
7.965920085267625517e+00
7.683644279948277145e+00
7.392033808921067539e+00
7.095162393387655086e+00
6.796898541438790353e+00
6.500813284407618298e+00
6.210111792468839376e+00
5.927589371446541300e+00
5.655610500580666944e+00
5.396108189307076586e+00
5.150600063979816845e+00
4.920217218617326971e+00
4.705741898046232663e+00
4.507650419554019905e+00
4.326158267328763074e+00
4.161264911055138960e+00
4.012796525623251398e+00
3.880445366829223808e+00
3.763805054906096181e+00
3.662401419237913291e+00
3.575718862967168565e+00
3.503222423569107846e+00
3.444375847771262489e+00
3.398656081085978720e+00
3.365564607998818847e+00
3.344636081280957463e+00
3.335444658642453764e+00
3.337608430478348875e+00
3.350792280176715821e+00
3.374709472964253276e+00
3.409122223705314703e+00
3.453841450446859529e+00
3.508725879960833183e+00
3.573680634606088091e+00
3.648655396617491053e+00
3.733642216254773771e+00
3.828673003763091387e+00
3.933816721376172332e+00
4.049176270162999636e+00
4.174885046917820475e+00
4.311103128093122017e+00
4.458013020603907250e+00
4.615814902890488902e+00
4.784721263708019201e+00
4.964950830615554977e+00
5.156721665099529339e+00
5.360243286880757907e+00
5.575707676611530772e+00
5.803278994500814747e+00
6.043081843334157099e+00
6.295187899156672984e+00
6.559600733259684624e+00
6.836238657244242845e+00
7.124915441581050501e+00
7.425318790620845988e+00
7.736986507461155682e+00
8.059280355113868310e+00
8.391357721263947411e+00
8.732141328132101421e+00
9.080287402109611605e+00
9.434152934887649167e+00
9.791762932280780873e+00
1.015077885974828931e+01
1.050846985148346668e+01
1.086168864353056307e+01
1.120685460308806825e+01
1.153994662777364333e+01
1.185650903931233202e+01
1.215167384103793857e+01
1.242020277912438431e+01
1.265655246370386955e+01
1.285496528284315332e+01
1.300958789963877926e+01
1.311461770043194974e+01
1.316447563970724488e+01
1.315400154516957798e+01
1.307866522710433443e+01
1.293478389747177815e+01
1.271973376063470162e+01
1.243214158029783611e+01
1.207204097990881131e+01
1.164097858458011814e+01
1.114205712948838745e+01
1.057990640540836225e+01
9.960578180669232395e+00
9.291367537451781899e+00
8.580569652142376214e+00
7.837187060864774679e+00
7.070607026753418900e+00
6.290271095776986066e+00
5.505358949259806067e+00
4.724506287237484337e+00
3.955572141963150656e+00
3.205465441248700031e+00
2.480034660135364444e+00
1.784018820573390229e+00
1.121053549605264710e+00
4.937227576114574523e-01
-9.635515072945866066e-02
-6.484178987749998901e-01
-1.162437352406765712e+00
-1.638993947669866280e+00
-2.079154636525542443e+00
-2.484359460411373011e+00
-2.856320006096616293e+00
-3.196931418215847032e+00
-3.508198398788214600e+00
-3.792174720495184559e+00
-4.050915185014262399e+00
-4.286438618114978283e+00
-4.500700350958329210e+00
-4.695572636085457496e+00
-4.872831538509841742e+00
-5.034148988394305135e+00
-5.181088853037696396e+00
-5.315106062092347372e+00
-5.437547988031214530e+00
-5.549657436335640348e+00
-5.652576733106210227e+00
-5.747352510927977498e+00
-5.834940887658548903e+00
-5.916212809122240124e+00
-5.991959387699883344e+00
-6.062897116824774280e+00
-6.129672878656425183e+00
-6.192868690721670788e+00
-6.253006158844300444e+00
-6.310550619717226084e+00
-6.365914968237053273e+00
-6.419463173221225283e+00
-6.471513491164851750e+00
-6.522341391902252816e+00
-6.572182212912824006e+00
-6.621233560935187334e+00
-6.669657480820665896e+00
-6.717582412387965718e+00
-6.765104956599973463e+00
-6.812291472790271030e+00
-6.859179529005559495e+00
-6.905779227856451818e+00
-6.952074430615984291e+00
-6.998023902686688835e+00
-7.043562403970984320e+00
-7.088601748109530476e+00
-7.133031854968913343e+00
-7.176721821122349354e+00
-7.219521033322783943e+00
-7.261260350053981405e+00
-7.301753376089503256e+00
-7.340797854511119880e+00
-7.378177199749397452e+00
-7.413662193817977197e+00
-7.447012865925922931e+00
-7.477980572978728091e+00
-7.506310295035110158e+00
-7.531743155504240228e+00
-7.554019170697907626e+00
-7.572880227274036535e+00
-7.588073279138112248e+00
-7.599353747568478923e+00
-7.606489099813277477e+00
-7.609262572343046926e+00
-7.607476995568377198e+00
-7.600958667445263828e+00
-7.589561214351848939e+00
-7.573169369342286572e+00
-7.551702590820275951e+00
-7.525118439301270890e+00
-7.493415626720515199e+00
-7.456636652133321164e+00
-7.414869940018342653e+00
-7.368251403008398981e+00
-7.316965359877715791e+00
-7.261244751988601642e+00
-7.201370616940014457e+00
-7.137670796466442980e+00
-7.070517876116742428e+00
-7.000326376133234163e+00
-6.927549235342588929e+00
-6.852673651757732465e+00
-6.776216363932080711e+00
-6.698718474889988173e+00
-6.620739934762084999e+00
-6.542853808322190545e+00
-6.465640458908251453e+00
-6.389681780420058743e+00
-6.315555604200906892e+00
-6.243830397880483218e+00
-6.175060359184554315e+00
-6.109780990017077862e+00
-6.048505215662677514e+00
-5.991720091705873052e+00
-5.939884118208878405e+00
-5.893425157785933344e+00
-5.852738932319887510e+00
-5.818188052910311825e+00
-5.790101519780220585e+00
-5.768774613679810592e+00
-5.754469088012417188e+00
-5.747413561510207103e+00
-5.747804004709889725e+00
-5.755804209526280246e+00
-5.771546129637978417e+00
-5.795129979911456175e+00
-5.826623985449440823e+00
-5.866063674876530243e+00
-5.913450618095930977e+00
-5.968750516036266163e+00
-6.031890559102381921e+00
-6.102755982599380680e+00
-6.181185761991774719e+00
-6.266967409408633394e+00
-6.359830856474881777e+00
-6.459441438734370600e+00
-6.565392035220741995e+00
-6.677194464835742416e+00
-6.794270300814515551e+00
-6.915941337202752059e+00
-7.041420027982534968e+00
-7.169800320462583088e+00
-7.300049418667555301e+00
-7.431001136670053242e+00
-7.561351630447314065e+00
-7.689658420921028359e+00
-7.814343727376472870e+00
-7.933703202070710780e+00
-8.045921171768505076e+00
-8.149093424837015931e+00
-8.241258406300474348e+00
-8.320437372308575164e+00
-8.384683590460609182e+00
-8.432140046431115366e+00
-8.461104342918678967e+00
-8.470098592916428970e+00
-8.457941185575267085e+00
-8.423816441034094993e+00
-8.367337497787657341e+00
-8.288597431439251650e+00
-8.188203715629741808e+00
-8.067291794861153775e+00
-7.927514768403384871e+00
-7.771007919553514220e+00
-7.600328904687818188e+00
-7.418376599123694959e+00
-7.228293592025323733e+00
-7.033358845032734230e+00
-6.836877854390346343e+00
-6.642077667372993766e+00
-6.452013316379383134e+00
-6.269490791065115864e+00
-6.097009807352974597e+00
-5.936727631845684527e+00
-5.790443348089963749e+00
-5.659600415995818423e+00
-5.545304301500364019e+00
-5.448351374989606200e+00
-5.369265153092125153e+00
-5.308336197129280620e+00
-5.265662466892124804e+00
-5.241187544774148499e+00
-5.234734793716221191e+00
-5.246036119595048675e+00
-5.274754528796023578e+00
-5.320500083679786663e+00
-5.382839160925333211e+00
-5.461297122449007446e+00
-5.555354636348621256e+00
-5.664437961095129204e+00
-5.787903556640081604e+00
-5.925017437926872965e+00
-6.074929765412599991e+00
-6.236645298292154749e+00
-6.408990541975665423e+00
-6.590578721757594849e+00
-6.779774123960433663e+00
-6.974657869472013161e+00
-7.172997813174907478e+00
-7.372225964830534828e+00
-7.569427540204514138e+00
-7.761346373720938274e+00
-7.944411808292056065e+00
-8.114792132114009959e+00
-8.268478932670127790e+00
-8.401405161588813897e+00
-8.509597081160373833e+00
-8.589356554718264647e+00
-8.637465525547135314e+00
-8.651399469995006086e+00
-8.629531894487236343e+00
-8.571308612011925732e+00
-8.477369694582263193e+00
-8.349599550641038093e+00
-8.191091858524611524e+00
-8.006025601600541108e+00
-7.799459788156363871e+00
-7.577065498323363180e+00
-7.344822394878966598e+00
-7.108710942168475988e+00
-6.874430494373561018e+00
-6.647167595067920765e+00
-6.431429808469184550e+00
-6.230950279697920813e+00
-6.048659030632391520e+00
-5.886710193409692593e+00
-5.746550599000532777e+00
-5.629014237703720447e+00
-5.534428433491383359e+00
-5.462720252399115850e+00
-5.413514868527697033e+00
-5.386220710205203765e+00
-5.380098821549672117e+00
-5.394315841434057290e+00
-5.427981323921285295e+00
-5.480170896812154524e+00
-5.549937112288279017e+00
-5.636309922147213491e+00
-5.738288628294287541e+00
-5.854827009843261543e+00
-5.984813178532171207e+00
-6.127045609096480661e+00
-6.280206757827008879e+00
-6.442835733703410561e+00
-6.613301623304475463e+00
-6.789779283035096036e+00
-6.970229678012874075e+00
-7.152387130524484604e+00
-7.333756091108774910e+00
-7.511620194497546699e+00
-7.683066328448395765e+00
-7.845026134293956233e+00
-7.994336684178946051e+00
-8.127820971706245956e+00
-8.242387284127541847e+00
-8.335144540288290216e+00
-8.403528419530918114e+00
-8.445430820831118623e+00
-8.459323225229709919e+00
-8.444363293264236958e+00
-8.400473903572320822e+00
-8.328385109415185283e+00
-8.229632227402602140e+00
-8.106507268893727414e+00
-7.961965682827105262e+00
-7.799495184178693918e+00
-7.622957504273618845e+00
-7.436416532377121413e+00
-7.243967107438862740e+00
-7.049577616713005312e+00
-6.856956880352940154e+00
-6.669452129501529214e+00
-6.489980909479898585e+00
-6.320996094002576449e+00
-6.164480338762778899e+00
-6.021964459577446860e+00
-5.894563397797909055e+00
-5.783023477355369479e+00
-5.687775319912791616e+00
-5.608987806069757553e+00
-5.546619622822174023e+00
-5.500466050339163360e+00
-5.470199608405018843e+00
-5.455403954537017874e+00
-5.455600993686593903e+00
-5.470271542109726326e+00
-5.498870117682933767e+00
-5.540834542035959487e+00
-5.595591070910765907e+00
-5.662555747681742524e+00
-5.741132624414677643e+00
-5.830709432653516266e+00
-5.930651224549439604e+00
-6.040292452023368952e+00
-6.158927912180971020e+00
-6.285802963558241530e+00
-6.420103410535249466e+00
-6.560945461579510862e+00
-6.707366188851415778e+00
-6.858314949005478667e+00
-7.012646263525498469e+00
-7.169114696245974194e+00
-7.326372299238754771e+00
-7.482969218220474339e+00
-7.637358046320235516e+00
-7.787902481112415565e+00
-7.932890765021606505e+00
-8.070554265348210521e+00
-8.199091371353610214e+00
-8.316696649984576695e+00
-8.421594912166868951e+00
-8.512079508188032051e+00
-8.586553811276070647e+00
-8.643574488688473778e+00
-8.681894831943038682e+00
-8.700506159210835477e+00
-8.698675150991808991e+00
-8.675974968363259876e+00
-8.632308154885615537e+00
-8.567919647213955159e+00
-8.483398705308658805e+00
-8.379669190310496063e+00
-8.257968317502607292e+00
-8.119814730541175862e+00
-7.966967412562259376e+00
-7.801377504417435382e+00
-7.625135487156145864e+00
-7.440416371759701164e+00
-7.249425514803750303e+00
-7.054347459152467081e+00
-6.857299819594231849e+00
-6.660293744339683464e+00
-6.465201940587857798e+00
-6.273734710338798592e+00
-6.087423947541351410e+00
-5.907614633334826060e+00
-5.735463052233809478e+00
-5.571940744671258550e+00
-5.417843105053896657e+00
-5.273801515933712381e+00
-5.140297959867145217e+00
-5.017681151203646550e+00
-4.906183361421804889e+00
-4.805937257183004796e+00
-4.716992216810113270e+00
-4.639329728814954201e+00
-4.572877599154389294e+00
-4.517522798727300781e+00
-4.473122868129670415e+00
-4.439515863389451589e+00
-4.416528875898705131e+00
-4.403985194235577438e+00
-4.401710197450015016e+00
-4.409536081087945369e+00
-4.427305520986714704e+00
-4.454874377661166562e+00
-4.492113537582421934e+00
-4.538909978192575245e+00
-4.595167132177502722e+00
-4.660804614167565418e+00
-4.735757360275054673e+00
-4.819974218163848079e+00
-4.913416013009712202e+00
-5.016053102986384182e+00
-5.127862426981125488e+00
-5.248824037250892083e+00
-5.378917100817387720e+00
-5.518115345722451437e+00
-5.666381922016375583e+00
-5.823663642775575688e+00
-5.989884567856710973e+00
-6.164938892889563427e+00
-6.348683108684487486e+00
-6.540927402380901867e+00
-6.741426282000457348e+00
-6.949868421409568953e+00
-7.165865743956029377e+00
-7.388941791211268928e+00
-7.618519459342233624e+00
-7.853908230639213173e+00
-8.094291082493551670e+00
-8.338711321248885255e+00
-8.586059664008962145e+00
-8.835061977198938266e+00
-9.084268175068352491e+00
-9.332042881819882396e+00
-9.576558563561917481e+00
-9.815791934904677163e+00
-1.004752453175288096e+01
-1.026934840646077873e+01
-1.047867793157906569e+01
-1.067276867963915343e+01
-1.084874426333461095e+01
-1.100363185766270746e+01
-1.113440686946325897e+01
-1.123804686080825554e+01
-1.131159436816121122e+01
-1.135222769624714090e+01
-1.135733812384586550e+01
-1.132461127257533384e+01
-1.125210970878838701e+01
-1.113835323642349806e+01
-1.098239286820766125e+01
-1.078387420988783241e+01
-1.054308602609729206e+01
-1.026099012769986629e+01
-9.939229450010634181e+00
-9.580112261301232834e+00
-9.186571789936113674e+00
-8.762102082782236678e+00
-8.310672470540032108e+00
-7.836624463462762868e+00
-7.344556083001521962e+00
-6.839199425855987613e+00
-6.325297575521892313e+00
-5.807486797965211167e+00
-5.290189317297942395e+00
-4.777520951812666894e+00
-4.273216625708469607e+00
-3.780575400236120487e+00
-3.302425329407367549e+00
-2.841107258067615771e+00
-2.398475728541788143e+00
-1.975914491739924950e+00
-1.574363737416103692e+00
-1.194356042923865324e+00
-8.360581453244158023e-01
-4.993159116356191141e-01
-1.837002576632999484e-01
1.114478066363600028e-01
3.869743924832559911e-01
6.438731864906994673e-01
8.832497604460465279e-01
1.106290050785441625e+00
1.314233081693850780e+00
1.508347825370264461e+00
1.689913966122875699e+00
1.860206253338717808e+00
2.020482083138909424e+00
2.171971931149841772e+00
2.315872261661569009e+00
2.453340555059825956e+00
2.585492120614147016e+00
2.713398391477050087e+00
2.838086430141011807e+00
2.960539403525411561e+00
3.081697815931100148e+00
3.202461314437716311e+00
3.323690904441932048e+00
3.446211432720507784e+00
3.570814211598144272e+00
3.698259670554502776e+00
3.829279931014542449e+00
3.964581206242384415e+00
4.104845931302960160e+00
4.250734528047233951e+00
4.402886707067922956e+00
4.561922202589559383e+00
4.728440827307541561e+00
4.903021722279609307e+00
5.086221662121579001e+00
5.278572258036983378e+00
5.480575880777376341e+00
5.692700102793301298e+00
5.915370434124224808e+00
6.148961100838895355e+00
6.393783589373553511e+00
6.650072656830965379e+00
6.917969488913938925e+00
7.197501677436707546e+00
7.488559693378625148e+00
7.790869555946117408e+00
8.103961451773793456e+00
8.427134152143882062e+00
8.759415223271268758e+00
9.099517241010429913e+00
9.445790524490844220e+00
9.796173311857991450e+00
1.014814083325804539e+01
1.049865540519214235e+01
1.084412048134487705e+01
1.118034253747691587e+01
1.150250570728550237e+01
1.180516515288556612e+01
1.208226613236938363e+01
1.232719644654771685e+01
1.253288017564372936e+01
1.269192006768957093e+01
1.279679429499402410e+01
1.284011024982724081e+01
1.281491339313605771e+01
1.271504288289779261e+01
1.253551808616609264e+01
1.227293183180525382e+01
1.192581856258911088e+01
1.149495996628635197e+01
1.098358895243567090e+01
1.039745653196184172e+01
9.744736081539846495e+00
9.035755281882504875e+00
8.282565904757552389e+00
7.498382447290041775e+00
6.696938479925651500e+00
5.891820791219296360e+00
5.095843525573727106e+00
4.320517068146395800e+00
3.575651153642303015e+00
2.869111943870243042e+00
2.206732679303321287e+00
1.592360566874512218e+00
1.028011152594725530e+00
5.140962830239191872e-01
4.969221875152146639e-02
-3.671810284841651728e-01
-7.392913503136981923e-01
-1.069952138466283786e+00
-1.362814148241513035e+00
-1.621694628378483216e+00
-1.850442905086577383e+00
-2.052839211628376237e+00
-2.232522311799423065e+00
-2.392941062502001781e+00
-2.537325204749051100e+00
-2.668671127258765985e+00
-2.789738940797586775e+00
-2.903057822200250548e+00
-3.010937168798889729e+00
-3.115481614249598241e+00
-3.218608384305600811e+00
-3.322065817267119137e+00
-3.427452146202975669e+00
-3.536233848450947015e+00
-3.649763022249775890e+00
-3.769293359398339760e+00
-3.895994353771654595e+00
-4.030963423936421819e+00
-4.175235638155011308e+00
-4.329790714747170810e+00
-4.495556932277438023e+00
-4.673411524104930770e+00
-4.864177052245583610e+00
-5.068613158620994597e+00
-5.287402981304962779e+00
-5.521133405362225410e+00
-5.770268202004107394e+00
-6.035113011188373733e+00
-6.315771064267972079e+00
-6.612088558072984235e+00
-6.923588726669704485e+00
-7.249393975449041960e+00
-7.588136026704983550e+00
-7.937854978352426372e+00
-8.295889614907714815e+00
-8.658763352335059338e+00
-9.022072944169234887e+00
-9.380390559242075099e+00
-9.727193964679086591e+00
-1.005484399406765661e+01
-1.035463260433840560e+01
-1.061692755309538505e+01
-1.083143951897120338e+01
-1.098763242599763323e+01
-1.107528586478780852e+01
-1.108519849221203302e+01
-1.100999339375458597e+01
-1.084495355384755477e+01
-1.058878417712362285e+01
-1.024417813547376177e+01
-9.818061863741672113e+00
-9.321429405283081948e+00
-8.768732435955190141e+00
-8.176873833177408457e+00
-7.563931873597816491e+00
-6.947797907096482817e+00
-6.344924409151537326e+00
-5.769348303652956922e+00
-5.232087781084001854e+00
-4.740931503584850049e+00
-4.300570083338768335e+00
-3.912976372720308849e+00
-3.577927380896991139e+00
-3.293570956155959628e+00
-3.056964523137861711e+00
-2.864541103332445715e+00
-2.712482576860772099e+00
-2.596998332737981752e+00
-2.514518649021435071e+00
-2.461817519005124133e+00
-2.436080933182175112e+00
-2.434935480563512833e+00
-2.456449805516460305e+00
-2.499118778331338664e+00
-2.561837683760928464e+00
-2.643871524023077235e+00
-2.744822735529918400e+00
-2.864599208814884168e+00
-3.003383414646856764e+00
-3.161602598483386206e+00
-3.339899333630066192e+00
-3.539101151999867856e+00
-3.760187441919223161e+00
-4.004251268163968369e+00
-4.272453196098696893e+00
-4.565963570619056888e+00
-4.885889013940707848e+00
-5.233178197981414925e+00
-5.608501298799311030e+00
-6.012097105775493056e+00
-6.443581794827832887e+00
-6.901714284823612822e+00
-7.384115465952835855e+00
-7.886943214493870258e+00
-8.404532974723160521e+00
-8.929025843897631987e+00
-9.450023340987463882e+00
-9.954330327496975883e+00
-1.042587301806054256e+01
-1.084590270617342256e+01
-1.119360841524298067e+01
-1.144724914646488756e+01
-1.158586209995709559e+01
-1.159149422627056047e+01
-1.145174253579830292e+01
-1.116220343650276625e+01
-1.072828708572412637e+01
-1.016583530129810420e+01
-9.500159548387902220e+00
-8.763485556882947947e+00
-7.991244762109629640e+00
-7.218005862375713733e+00
-6.473928161620215782e+00
-5.782401229461282099e+00
-5.159124623148381161e+00
-4.612468576635872175e+00
-4.144696653250109719e+00
-3.753571530353380759e+00
-3.433955261829966243e+00
-3.179167630031343172e+00
-2.982008757407785371e+00
-2.835450496819467148e+00
-2.733051943620595559e+00
-2.669169933264816663e+00
-2.639030679123735457e+00
-2.638715497483535621e+00
-2.665098928645288190e+00
-2.715764839358801197e+00
-2.788916327855194499e+00
-2.883288340451181764e+00
-2.998067299973605770e+00
-3.132819121641230886e+00
-3.287425215375473719e+00
-3.462025034424252024e+00
-3.656963137230822003e+00
-3.872738387049770914e+00
-4.109952698015458594e+00
-4.369256575706162771e+00
-4.651288562481978417e+00
-4.956605582793741860e+00
-5.285601120918611784e+00
-5.638408214673749974e+00
-6.014784511942663059e+00
-6.413977253965450487e+00
-6.834567210449828956e+00
-7.274292534781976016e+00
-7.729856505488459817e+00
-8.196727442240396400e+00
-8.668944922726698366e+00
-9.138953766607754048e+00
-9.597495685279376687e+00
-1.003359697508277826e+01
-1.043469722774937303e+01
-1.078696579485014340e+01
-1.107584585944841038e+01
-1.128684646137455161e+01
-1.140656799566635726e+01
-1.142389728490797651e+01
-1.133125076609258031e+01
-1.112569202967799953e+01
-1.080972173828113725e+01
-1.039155265622660629e+01
-9.884750214748864394e+00
-9.307232554831697868e+00
-8.679756172263079606e+00
-8.024124177193497687e+00
-7.361406939900718704e+00
-6.710442756858549629e+00
-6.086800354712391226e+00
-5.502268595996584466e+00
-4.964830262642162317e+00
-4.479004080258146558e+00
-4.046411302382804109e+00
-3.666432872546543820e+00
-3.336854875524821740e+00
-3.054438164909820674e+00
-2.815382011900442460e+00
-2.615676423150548935e+00
-2.451352868538537066e+00
-2.318650344425593701e+00
-2.214115490629070315e+00
-2.134654161238299430e+00
-2.077549100605078802e+00
-2.040455258227940938e+00
-2.021381365778081030e+00
-2.018663946600876891e+00
-2.030937991698612777e+00
-2.057107077970357079e+00
-2.096314646305373675e+00
-2.147917413295400202e+00
-2.211461382768455941e+00
-2.286660587277322687e+00
-2.373378474332341614e+00
-2.471611719254556583e+00
-2.581476167933723254e+00
-2.703194568293418421e+00
-2.837085724579266444e+00
-2.983554693678374559e+00
-3.143083630596883005e+00
-3.316222876180313417e+00
-3.503581860897693634e+00
-3.705819371870182621e+00
-3.923632695011313842e+00
-4.157745099621236839e+00
-4.408891079296637372e+00
-4.677798701794126934e+00
-4.965168353987161609e+00
-5.271647100457302670e+00
-5.597797812039264187e+00
-5.944062173354972778e+00
-6.310716659596010913e+00
-6.697820601185995315e+00
-7.105155555273189094e+00
-7.532155407176451156e+00
-7.977826972462327859e+00
-8.440661408015941447e+00
-8.918537520247625139e+00
-9.408619133082352093e+00
-9.907250092641742611e+00
-1.040985226372264272e+01
-1.091083399927997633e+01
-1.140351895616078970e+01
-1.188010760950959721e+01
-1.233168607709725784e+01
-1.274829844273234514e+01
-1.311909904781447800e+01
-1.343259946473676436e+01
-1.367702031473446311e+01
-1.384075013571760771e+01
-1.391290193257947294e+01
-1.388394333781166168e+01
-1.374635991545097724e+01
-1.349529556577738987e+01
-1.312910262757937652e+01
-1.264973083404674092e+01
-1.206289180980995290e+01
-1.137795555055985375e+01
-1.060756579720605153e+01
-9.766997848812243532e+00
-8.873318253089809815e+00
-7.944433406799688235e+00
-6.998127342362478132e+00
-6.051185213336414570e+00
-5.118679761189803834e+00
-4.213468488310933679e+00
-3.345916375346051463e+00
-2.523829480105225009e+00
-1.752563353465365736e+00
-1.035258838613566823e+00
-3.731558519024321674e-01
2.340591489608073728e-01
7.879070820248745832e-01
1.290796013061917602e+00
1.745741278792090956e+00
2.156132273663537102e+00
2.525546240248083052e+00
2.857605555808218956e+00
3.155872920308304685e+00
3.423778064544636734e+00
3.664569672621186935e+00
3.881286790830482225e+00
4.076744810526873763e+00
4.253531989462675966e+00
4.414013308747313680e+00
4.560339196794286565e+00
4.694457267005370582e+00
4.818125712662022941e+00
4.932927391648406434e+00
5.040283931006565687e+00
5.141469403631436563e+00
5.237623292234785843e+00
5.329762572563073952e+00
5.418792829931159183e+00
5.505518379377646099e+00
5.590651397130754319e+00
5.674820094919285296e+00
5.758575982968447526e+00
5.842400275242611407e+00
5.926709493798155037e+00
6.011860329550999360e+00
6.098153815462241667e+00
6.185838865892451466e+00
6.275115233226223665e+00
6.366135930210679916e+00
6.459009164052728735e+00
6.553799826364730130e+00
6.650530581663114837e+00
6.749182596395323586e+00
6.849695950453547511e+00
6.951969773863675428e+00
7.055862152830372658e+00
7.161189851572365761e+00
7.267727899375013401e+00
7.375209095977109719e+00
7.483323492726128734e+00
7.591717911779282346e+00
7.699995570856732030e+00
7.807715886482895939e+00
7.914394534044763674e+00
8.019503848057507156e+00
8.122473650399964384e+00
8.222692597544128290e+00
8.319510139468890841e+00
8.412239182478193911e+00
8.500159544952476054e+00
8.582522288541666100e+00
8.658554996854558539e+00
8.727468058753496294e+00
8.788461993456383681e+00
8.840735829460061979e+00
8.883496518721877067e+00
8.915969331741569803e+00
8.937409138690801669e+00
8.947112437464133095e+00
8.944429942840153913e+00
8.928779503674016738e+00
8.899659069465556627e+00
8.856659386414886370e+00
8.799476069114239962e+00
8.727920670362262712e+00
8.641930361152034834e+00
8.541575838250544450e+00
8.427067099906153658e+00
8.298756772155471140e+00
8.157140728897251947e+00
8.002855827021665647e+00
7.836674670741009763e+00
7.659497422877385553e+00
7.472340790124622600e+00
7.276324418316303166e+00
7.072655036221565439e+00
6.862608776194793592e+00
6.647512171597573349e+00
6.428722379881600446e+00
6.207607203668323415e+00
5.985525478947209876e+00
5.763808370350429477e+00
5.543742060814495609e+00
5.326552250774313713e+00
5.113390795426655977e+00
4.905324713260083236e+00
4.703327700827982127e+00
4.508274193162365329e+00
4.320935921088060461e+00
4.141980839793155234e+00
3.971974239970175624e+00
3.811381805090250374e+00
3.660574346208237184e+00
3.519833928447861915e+00
3.389361099548321210e+00
3.269282938606291378e+00
3.159661660161519947e+00
3.060503532701895235e+00
2.971767899236215094e+00
2.893376118735985436e+00
2.825220279204264884e+00
2.767171564439848908e+00
2.719088186113947092e+00
2.680822819765515064e+00
2.652229507233550443e+00
2.633170008598962664e+00
2.623519603810938516e+00
2.623172357867177951e+00
2.632045873841379002e+00
2.650085565395822407e+00
2.677268484892533884e+00
2.713606745025455957e+00
2.759150571209124880e+00
2.813991018896601304e+00
2.878262384614270086e+00
2.952144331765772289e+00
3.035863742049139891e+00
3.129696290418670923e+00
3.233967725551110117e+00
3.349054818249394216e+00
3.475385916484244220e+00
3.613441017006090661e+00
3.763751228634974133e+00
3.926897460222678937e+00
4.103508115430030578e+00
4.294255515211157892e+00
4.499850695400022360e+00
4.721036139092345429e+00
4.958575899663578035e+00
5.213242448558652598e+00
5.485799441339872295e+00
5.776979435977185773e+00
6.087455421150042234e+00
6.417804824853089229e+00
6.768464485418137500e+00
7.139674896325953313e+00
7.531411911914665858e+00
7.943304067433361482e+00
8.374533788167601855e+00
8.823721128713195583e+00
9.288789416113619524e+00
9.766813424985341996e+00
1.025385267664183431e+01
1.074477533525927342e+01
1.123308217007505938e+01
1.171074529428607924e+01
1.216808284774473137e+01
1.259369812863989679e+01
1.297451908071018778e+01
1.329598000336161867e+01
1.354238953210686169e+01
1.369752417960364888e+01
1.374547143131595206e+01
1.367171742519718691e+01
1.346443052931342343e+01
1.311583669282750897e+01
1.262352432044541750e+01
1.199147115845592282e+01
1.123057296213681866e+01
1.035849118945131764e+01
9.398731309301840753e+00
8.379002172291714956e+00
7.329057175183969264e+00
6.278334449647828386e+00
5.253756259492888603e+00
4.278001287463056634e+00
3.368443983063368563e+00
2.536804168781432001e+00
1.789415160080856992e+00
1.127933425415104107e+00
5.502871909308357790e-01
5.168421134492218183e-02
-3.744514640516029003e-01
-7.356886366210291239e-01
-1.039972144852515878e+00
-1.295175881287212505e+00
-1.508803367041627208e+00
-1.687806565497008915e+00
-1.838493608532952184e+00
-1.966499763868347461e+00
-2.076800960502187543e+00
-2.173754155948747435e+00
-2.261153132218811201e+00
-2.342291746395825047e+00
-2.420029266972988591e+00
-2.496854326756900111e+00
-2.574945367244279026e+00
-2.656226374985060978e+00
-2.742417328977385438e+00
-2.835079174298644311e+00
-2.935653372566783492e+00
-3.045496197789423043e+00
-3.165907976240455390e+00
-3.298157430525463507e+00
-3.443501192700247238e+00
-3.603198405241288427e+00
-3.778520133555525629e+00
-3.970753068032093935e+00
-4.181196693641525464e+00
-4.411152746095491572e+00
-4.661905351795015306e+00
-4.934689764129495337e+00
-5.230647069165486940e+00
-5.550761662254741324e+00
-5.895777741332912214e+00
-6.266090609594572314e+00
-6.661608375377446656e+00
-7.081579909296198849e+00
-7.524386007850843328e+00
-7.987293094879141186e+00
-8.466173088131361268e+00
-8.955200001092197937e+00
-9.446544170832938292e+00
-9.930099174714454691e+00
-1.039329427702934794e+01
-1.082106495746148589e+01
-1.119607170854074241e+01
-1.149926566996812660e+01
-1.171088829177139345e+01
-1.181194881419385467e+01
-1.178613830243783944e+01
-1.162201305812537200e+01
-1.131513390227629046e+01
-1.086972660703661830e+01
-1.029939635137054132e+01
-9.626542080742265028e+00
-8.880385948204997604e+00
-8.093894007633053889e+00
-7.300185849467080601e+00
-6.529174222351915802e+00
-5.805074570693180114e+00
-5.145128423517999039e+00
-4.559529464829681800e+00
-4.052267434477859531e+00
-3.622486391168435294e+00
-3.265980135887588620e+00
-2.976557667149855035e+00
-2.747139409959561185e+00
-2.570548104704502457e+00
-2.440022126815090342e+00
-2.349507767136203906e+00
-2.293792048080915080e+00
-2.268530171138915197e+00
-2.270209640585367783e+00
-2.296081006833794902e+00
-2.344075023967945093e+00
-2.412718334771118744e+00
-2.501054376775247334e+00
-2.608572578603779668e+00
-2.735146596190686896e+00
-2.880980903614015709e+00
-3.046564179327703847e+00
-3.232627380042254917e+00
-3.440104006792973124e+00
-3.670089729153129809e+00
-3.923798171109660782e+00
-4.202509232439823883e+00
-4.507505805175339830e+00
-4.839994156924587898e+00
-5.201002639551732365e+00
-5.591252844295814484e+00
-6.010997041644504435e+00
-6.459816004763222708e+00
-6.936372555052214395e+00
-7.438119005324236532e+00
-7.960961922184323747e+00
-8.498896245395034299e+00
-9.043633737318662824e+00
-9.584268569284194683e+00
-1.010704515095693878e+01
-1.059531765698257111e+01
-1.102981151206412669e+01
-1.138930462141922639e+01
-1.165182666060821859e+01
-1.179641331620875100e+01
-1.180533951247175573e+01
-1.166659793209635154e+01
-1.137621999071520129e+01
-1.093991889333930700e+01
-1.037354523546481744e+01
-9.702037160256496762e+00
-8.956901309177236925e+00
-8.172668727611226203e+00
-7.383067361201076650e+00
-6.617706573736104048e+00
-5.899858874023278688e+00
-5.245555947550994524e+00
-4.663855076676684419e+00
-4.157906023604065915e+00
-3.726394140277761391e+00
-3.365009998923809587e+00
-3.067725652870334052e+00
-2.827782059295431694e+00
-2.638380850717141346e+00
-2.493122118697872036e+00
-2.386247349869068390e+00
-2.312745462282339126e+00
-2.268370097250091977e+00
-2.249604305523984049e+00
-2.253597772728521687e+00
-2.278092965565347239e+00
-2.321350165171515378e+00
-2.382076938171787450e+00
-2.459364706220018792e+00
-2.552633271013196925e+00
-2.661583080954622815e+00
-2.786154427162873759e+00
-2.926492447817147902e+00
-3.082916677898779767e+00
-3.255893825917046236e+00
-3.446012439293244967e+00
-3.653958104636113813e+00
-3.880487800409965882e+00
-4.126401968965080158e+00
-4.392512801107816500e+00
-4.679607134176748673e+00
-4.988402265538816494e+00
-5.319492897300923673e+00
-5.673287385173310327e+00
-6.049931508786849044e+00
-6.449218173468744375e+00
-6.870481876087883855e+00
-7.312477524102394710e+00
-7.773244412606008069e+00
-8.249957978084420773e+00
-8.738774495221999672e+00
-9.234677263481199105e+00
-9.731337052660459008e+00
-1.022100448380594173e+01
-1.069445719100528081e+01
-1.114102924663096061e+01
-1.154875319083910057e+01
-1.190464438682056425e+01
-1.219515133753101921e+01
-1.240678217625382906e+01
-1.252689572975469190e+01
-1.254461604775282701e+01
-1.245179546711645635e+01
-1.224391962878579676e+01
-1.192082741462592743e+01
-1.148711901213236786e+01
-1.095215281822725295e+01
-1.032958661825195001e+01
-9.636491556615267129e+00
-8.892142183278716416e+00
-8.116642636056759841e+00
-7.329572147455941433e+00
-6.548817015443487044e+00
-5.789707590290106509e+00
-5.064513436278213376e+00
-4.382285952799715112e+00
-3.748989744905981247e+00
-3.167838588298825364e+00
-2.639747929724074016e+00
-2.163827493768672561e+00
-1.737857151462551153e+00
-1.358710223907668269e+00
-1.022706619947008289e+00
-7.258917507708785299e-01
-4.642458584113106079e-01
-2.338330285934725472e-01
-3.090085651323115634e-02
1.480584268920514535e-01
3.062757285417369579e-01
4.466937107379609917e-01
5.719698319397676922e-01
6.844888814303570213e-01
7.863813421969034767e-01
8.795449352841131496e-01
9.656674910696907421e-01
1.046249891377074581e+00
1.122628267655001011e+00
1.195994958797779173e+00
1.267417956848883920e+00
1.337858723625967805e+00
1.408188364884218835e+00
1.479202215246353980e+00
1.551632927441295218e+00
1.626162181272963414e+00
1.703431136900090515e+00
1.784049757544770021e+00
1.868605121556749848e+00
1.957668834851149509e+00
2.051803643468608218e+00
2.151569333262961958e+00
2.257527990038635579e+00
2.370248679117957558e+00
2.490311588406563637e+00
2.618311663486715624e+00
2.754861746933689570e+00
2.900595216656975062e+00
3.056168099275066385e+00
3.222260613930544082e+00
3.399578079069744518e+00
3.588851089022767393e+00
3.790834838153395836e+00
4.006307437301694030e+00
4.236067029601972678e+00
4.480927469938264629e+00
4.741712283789439653e+00
5.019246566664484988e+00
5.314346424653217049e+00
5.627805490166378100e+00
5.960377975708835763e+00
6.312757654463756474e+00
6.685552082844636423e+00
7.079251312117376571e+00
7.494190281299048628e+00
7.930504052631094147e+00
8.388075058947325857e+00
8.866471599231768863e+00
9.364876970619445018e+00
9.882008894813152367e+00
1.041602932414027016e+01
1.096444534331889997e+01
1.152400276752099906e+01
1.209057522488808800e+01
1.265905304273761267e+01
1.322323815000805425e+01
1.377575344254179690e+01
1.430797754650598819e+01
1.481001847858149922e+01
1.527074203475253533e+01
1.567787238793165905e+01
1.601818272590400483e+01
1.627779207149780660e+01
1.644257990183277585e+01
1.649872212960403672e+01
1.643334006546989201e+01
1.623523840944470820e+01
1.589569030336376443e+01
1.540920931661989890e+01
1.477423331482944491e+01
1.399363753111777697e+01
1.307499771308519065e+01
1.203054150215608509e+01
1.087675719247755168e+01
9.633670309289353639e+00
8.323843342107721810e+00
6.971193712549122345e+00
5.599751056914835878e+00
4.232481246077043124e+00
2.890289903145170314e+00
1.591286204295913942e+00
3.503460149777226640e-01
-8.210290125217718504e-01
-1.914594894465607045e+00
-2.925052694372845430e+00
-3.849610412160272777e+00
-4.687487308674178621e+00
-5.439417674998646035e+00
-6.107195999258583363e+00
-6.693289828976809908e+00
-7.200532803295578432e+00
-7.631899574073935710e+00
-7.990356918309482914e+00
-8.278780912293170147e+00
-8.499927938939530137e+00
-8.656446828679321470e+00
-8.750919977148328144e+00
-8.785922378776044539e+00
-8.764088862197892738e+00
-8.688181242495087275e+00
-8.561148543484623730e+00
-8.386174874555598180e+00
-8.166710978823504163e+00
-7.906486909859283152e+00
-7.609504733670977572e+00
-7.280011558240798486e+00
-6.922454509440088444e+00
-6.541420428923959030e+00
-6.141563992244163828e+00
-5.727528569079293419e+00
-5.303864429288013937e+00
-4.874948826481519504e+00
-4.444912087701693437e+00
-4.017573158860745508e+00
-3.596387181234099728e+00
-3.184406698807330294e+00
-2.784257115216976608e+00
-2.398126117417493486e+00
-2.027766026578025738e+00
-1.674507466090559449e+00
-1.339282367669970997e+00
-1.022654162528774613e+00
-7.248530014122067655e-01
-4.458139798841125878e-01
-1.852165740814069039e-01
5.747622161790363893e-02
2.829802541483048550e-01
4.921549623933944018e-01
6.859711313004969169e-01
8.654820164972157892e-01
1.031798003102661232e+00
1.186064802125930795e+00
1.329445068074067260e+00
1.463103237491977238e+00
1.588193334407176360e+00
1.705849459091854481e+00
1.817178665536876236e+00
1.923255935551211770e+00
2.025120969241553048e+00
2.123776529392122026e+00
2.220188098316218994e+00
2.315284628112301402e+00
2.409960187495151729e+00
2.505076329479305919e+00
2.601465023476649208e+00
2.699932012365675593e+00
2.801260469475078896e+00
2.906214841961538120e+00
3.015544775548206768e+00
3.129989020820538759e+00
3.250279223010617891e+00
3.377143495144028229e+00
3.511309668202452272e+00
3.653508101106756278e+00
3.804473917282045647e+00
3.964948512649324464e+00
4.135680151307044916e+00
4.317423429025590842e+00
4.510937340005911622e+00
4.716981628148450234e+00
4.936311039396202638e+00
5.169667015810567534e+00
5.417766284582426373e+00
5.681285696591872103e+00
5.960842561053209643e+00
6.256969608771913549e+00
6.570083603008412432e+00
6.900446514433963507e+00
7.248118101521224155e+00
7.612898714176980164e+00
7.994261201129738481e+00
8.391270998305675022e+00
8.802493869716384367e+00
9.225891445372774058e+00
9.658705750842566218e+00
1.009733546156199857e+01
1.053720875455394967e+01
1.097266046232061143e+01
1.139682479059567299e+01
1.180155905822275386e+01
1.217741847165118507e+01
1.251370628368266580e+01
1.279862684450610466e+01
1.301956962910102611e+01
1.316354851970973705e+01
1.321781047263922737e+01
1.317060957999546922e+01
1.301211596629688216e+01
1.273539561316115076e+01
1.233736184150422233e+01
1.181956993306666348e+01
1.118871374558060339e+01
1.045669730620925009e+01
9.640200837346471374e+00
8.759736241910212939e+00
7.838277660996052276e+00
6.899635691174315077e+00
5.966795115105521852e+00
5.060439351991492529e+00
4.197839098755542508e+00
3.392202533725935609e+00
2.652494448819478823e+00
1.983656004655880434e+00
1.387110942656548884e+00
8.614313682143318607e-01
4.030499643362965845e-01
6.934231442741856100e-03
-3.328290775193050166e-01
-6.225625211522949343e-01
-8.686417184678260073e-01
-1.077243545042741335e+00
-1.254181813139692681e+00
-1.404811918532429260e+00
-1.533987152463822223e+00
-1.646051915285986045e+00
-1.744859985365958321e+00
-1.833808763847544432e+00
-1.915882791604324842e+00
-1.993701752107133185e+00
-2.069569657097287685e+00
-2.145523023565143905e+00
-2.223376662159244344e+00
-2.304766274891579148e+00
-2.391187458979878055e+00
-2.484030977142744678e+00
-2.584614315191958944e+00
-2.694209628961568459e+00
-2.814068200867365199e+00
-2.945441492285662655e+00
-3.089598797300655342e+00
-3.247841377994804546e+00
-3.421512789623155637e+00
-3.612004880845324006e+00
-3.820758672032910308e+00
-4.049258963631634067e+00
-4.299021095466924791e+00
-4.571567756045928910e+00
-4.868393121211261665e+00
-5.190910885661688567e+00
-5.540381957993463224e+00
-5.917816769954075795e+00
-6.323846404335474070e+00
-6.758556253675357617e+00
-7.221275981804124555e+00
-7.710320634811413498e+00
-8.222680512013624821e+00
-8.753662778945949796e+00
-9.296496921061804031e+00
-9.841930212975084302e+00
-1.037785934101245289e+01
-1.088907009835566875e+01
-1.135718645443473207e+01
-1.176095736286545623e+01
-1.207702325431051626e+01
-1.228128741214243291e+01
-1.235095033013861432e+01
-1.226713223865854729e+01
-1.201781317520995351e+01
-1.160059892971618467e+01
-1.102465536697241077e+01
-1.031114974832739151e+01
-9.491777837964326281e+00
-8.605427487893772209e+00
-7.693586462900793954e+00
-6.795507569670963477e+00
-5.944199199339858630e+00
-5.163985361105988936e+00
-4.469841966012925383e+00
-3.868216783181076757e+00
-3.358762066549917158e+00
-2.936385770981252197e+00
-2.593175706176596318e+00
-2.319953533017396818e+00
-2.107387450494957459e+00
-1.946700518125402457e+00
-1.830059915983679675e+00
-1.750740530864800082e+00
-1.703143716349333259e+00
-1.682732626524336750e+00
-1.685926626715131604e+00
-1.709981970260493700e+00
-1.752874756290989877e+00
-1.813194612614533741e+00
-1.890052722707123545e+00
-1.983004916788026373e+00
-2.091988916747423932e+00
-2.217273982437701463e+00
-2.359420819997584573e+00
-2.519249459637161515e+00
-2.697812745674148527e+00
-2.896373010988868124e+00
-3.116379368354085688e+00
-3.359442798061278435e+00
-3.627305812046103028e+00
-3.921802904751661600e+00
-4.244807245312562927e+00
-4.598158125416357933e+00
-4.983562582790590056e+00
-5.402463453772415214e+00
-5.855865038532008349e+00
-6.344106895020228620e+00
-6.866576522993410592e+00
-7.421353652898678099e+00
-8.004783672612090228e+00
-8.610986956990256402e+00
-9.231326356636991193e+00
-9.853878635499677685e+00
-1.046298812073816542e+01
-1.103902077194746489e+01
-1.155847823083404791e+01
-1.199466096627097222e+01
-1.231906543738711868e+01
-1.250363362574196913e+01
-1.252381831908199850e+01
-1.236217967412364338e+01
-1.201192973019355748e+01
-1.147959580867925666e+01
-1.078592948804772611e+01
-9.964468058037539322e+00
-9.057755746080411896e+00
-8.111958854886799131e+00
-7.171139226226578955e+00
-6.272516294700629658e+00
-5.443620668098168025e+00
-4.701556312865899478e+00
-4.053978014972194899e+00
-3.501078681192679287e+00
-3.037887253041901214e+00
-2.656378954063093101e+00
-2.347145853180194308e+00
-2.100570847962189180e+00
-1.907562147933913321e+00
-1.759950356431104534e+00
-1.650652356369782359e+00
-1.573688457935131790e+00
-1.524116396794133355e+00
-1.497925061175156225e+00
-1.491914776937360188e+00
-1.503579663980331160e+00
-1.531000128185800779e+00
-1.572748928571545912e+00
-1.627811555654639752e+00
-1.695520191152829037e+00
-1.775499813964227958e+00
-1.867624756575677836e+00
-1.971983998140446559e+00
-2.088853581289717987e+00
-2.218674685244014011e+00
-2.362036035274569290e+00
-2.519659454339108873e+00
-2.692387454187049389e+00
-2.881171813977777330e+00
-3.087062101291697225e+00
-3.311193051725490832e+00
-3.554769638262758935e+00
-3.819048530251746953e+00
-4.105314465297221105e+00
-4.414849839227644068e+00
-4.748895567242723992e+00
-5.108600997958015810e+00
-5.494960396574997574e+00
-5.908733294784000556e+00
-6.350345896425301007e+00
-6.819770822467500437e+00
-7.316382907727492224e+00
-7.838789701428003021e+00
-8.384636998732826640e+00
-8.950392406593511652e+00
-9.531113906661438762e+00
-1.012021586468109113e+01
-1.070925205842773131e+01
-1.128774387668194201e+01
-1.184309120696024387e+01
-1.236061227023819242e+01
-1.282376442050648713e+01
-1.321459735167811367e+01
-1.351447919308570711e+01
-1.370511075227868325e+01
-1.376980156263124577e+01
-1.369492520864377383e+01
-1.347140843907389574e+01
-1.309605348380202372e+01
-1.257246532543787154e+01
-1.191137430280529053e+01
-1.113021903315897276e+01
-1.025197774711228860e+01
-9.303380476021620993e+00
-8.312759661653826626e+00
-7.307863896521756608e+00
-6.313948119134665582e+00
-5.352370574125139058e+00
-4.439802819920496191e+00
-3.588034013179123960e+00
-2.804257368679475615e+00
-2.091680331005114191e+00
-1.450297831336101018e+00
-8.776959272475951535e-01
-3.697942173427161139e-01
7.852386058788340950e-02
4.729111625036711564e-01
8.191837837368286523e-01
1.123059003080034923e+00
1.389983525027470801e+00
1.625031112183509485e+00
1.832851004205785284e+00
2.017651829866490498e+00
2.183209127934965910e+00
2.332887637796259295e+00
2.469672025203867083e+00
2.596201657221180792e+00
2.714806495906842532e+00
2.827542232712064951e+00
2.936223525554847225e+00
3.042454707333827724e+00
3.147657672247098581e+00
3.253096863878584433e+00
3.359901423117437336e+00
3.469084630993774621e+00
3.581560820169490178e+00
3.698159942171442172e+00
3.819639974468522770e+00
3.946697338258178700e+00
4.079975478411929757e+00
4.220071734119108520e+00
4.367542604112038873e+00
4.522907485082077628e+00
4.686650936735438755e+00
4.859223502385346727e+00
5.041041090409217773e+00
5.232482899664638865e+00
5.433887851449131112e+00
5.645549472308309724e+00
5.867709156614646204e+00
6.100547726249562430e+00
6.344175198101658530e+00
6.598618669958276506e+00
6.863808243620897365e+00
7.139560923054292907e+00
7.425562457879633982e+00
7.721347151788680030e+00
8.026275725131863936e+00
8.339511414928988842e+00
8.659994617819874563e+00
8.986416535643648729e+00
9.317192472179844032e+00
9.650435654267944585e+00
9.983932709624340873e+00
1.031512222196995054e+01
1.064107809110471337e+01
1.095849973407446498e+01
1.126371144807158409e+01
1.155267348131243210e+01
1.182100748022743630e+01
1.206403894649335307e+01
1.227685908645813306e+01
1.245440790863978009e+01
1.259157957048964072e+01
1.268334976119922786e+01
1.272492333394093578e+01
1.271189851728560960e+01
1.264044195062137277e+01
1.250746667810699542e+01
1.231080333927583581e+01
1.204935339678264761e+01
1.172321263974305161e+01
1.133375365482244845e+01
1.088365763319878887e+01
1.037688879795875252e+01
9.818608725246480873e+00
9.215032531743343469e+00
8.573233788098933772e+00
7.900909482352975743e+00
7.206119803529675849e+00
6.497019472795606987e+00
5.781597563809005358e+00
5.067441237043056823e+00
4.361535836619625961e+00
3.670109834292029305e+00
2.998528728527520393e+00
2.351237786272349251e+00
1.731749919616488054e+00
1.142672326158470142e+00
5.857639154864792141e-01
6.201495538400725316e-02
-4.282593609282589475e-01
-8.853188300620806750e-01
-1.309897763396698167e+00
-1.703108815218209005e+00
-2.066354394728167954e+00
-2.401247673107490321e+00
-2.709544140170460746e+00
-2.993083846604863041e+00
-3.253743880552106393e+00
-3.493400244432733448e+00
-3.713898082650874066e+00
-3.917029123952683989e+00
-4.104515207194412874e+00
-4.277996824811954646e+00
-4.439025719413821847e+00
-4.589060686929394173e+00
-4.729465861461283005e+00
-4.861510873795468868e+00
-4.986372382314187668e+00
-5.105136569301026661e+00
-5.218802276562565901e+00
-5.328284522293976089e+00
-5.434418197236456471e+00
-5.537961783799189242e+00
-5.639600978448633839e+00
-5.739952126777963848e+00
-5.839565403626095552e+00
-5.938927688639727975e+00
-6.038465101825012837e+00
-6.138545174826408157e+00
-6.239478642667905639e+00
-6.341520848144159395e+00
-6.444872757502645655e+00
-6.549681591976263206e+00
-6.656041085505290056e+00
-6.763991384971034471e+00
-6.873518615749368621e+00
-6.984554142640977403e+00
-7.096973564470663298e+00
-7.210595490056386225e+00
-7.325180153970931585e+00
-7.440427942640730485e+00
-7.555977914861475853e+00
-7.671406415681078172e+00
-7.786225898612926244e+00
-7.899884087956786871e+00
-8.011763630104754341e+00
-8.121182399370844962e+00
-8.227394639142529442e+00
-8.329593131787527582e+00
-8.426912599265323323e+00
-8.518434539033442832e+00
-8.603193694620893339e+00
-8.680186345028658934e+00
-8.748380569736067258e+00
-8.806728604500053237e+00
-8.854181345644523304e+00
-8.889704986092350936e+00
-8.912299674884151202e+00
-8.921019984531124436e+00
-8.914996850044362375e+00
-8.893460514513478188e+00
-8.855763885314557271e+00
-8.801405580999889011e+00
-8.730051841896397491e+00
-8.641556398710418918e+00
-8.535977354457635613e+00
-8.413590146251017643e+00
-8.274895722958911293e+00
-8.120623206795301030e+00
-7.951726500825542665e+00
-7.769374553606946954e+00
-7.574935284066912189e+00
-7.369953485980587082e+00
-7.156123349495378427e+00
-6.935256532303682775e+00
-6.709246960919696079e+00
-6.480033721874102426e+00
-6.249563498030664022e+00
-6.019754008826510017e+00
-5.792459825828633946e+00
-5.569441765821649071e+00
-5.352340829136535305e+00
-5.142657372607541966e+00
-4.941735908332874239e+00
-4.750755624908290287e+00
-4.570726457819083599e+00
-4.402490306433477940e+00
-4.246726817131728282e+00
-4.103963030285791014e+00
-3.974586122490939566e+00
-3.858858459729440860e+00
-3.756934204058962834e+00
-3.668876776301051912e+00
-3.594676559903340340e+00
-3.534268326990687381e+00
-3.487547968093436701e+00
-3.454388205179390603e+00
-3.434653058129938152e+00
-3.428210914010205279e+00
-3.434946114121237848e+00
-3.454769024765578234e+00
-3.487624593631327929e+00
-3.533499414993721555e+00
-3.592427334147966889e+00
-3.664493615323011433e+00
-3.749837678418379117e+00
-3.848654378705744339e+00
-3.961193760334078995e+00
-4.087759158970701634e+00
-4.228703460821755300e+00
-4.384423244018146093e+00
-4.555350433273045674e+00
-4.741940989330203138e+00
-4.944660031085334140e+00
-5.163962651533932302e+00
-5.400269541956268071e+00
-5.653936388159979565e+00
-5.925215859032670451e+00
-6.214210888859655668e+00
-6.520817888271142948e+00
-6.844658544876164541e+00
-7.184999051269961079e+00
-7.540656003838376087e+00
-7.909888953255297395e+00
-8.290280783445158619e+00
-8.678608894936001406e+00
-9.070712717685422533e+00
-9.461366493098623209e+00
-9.844170572207692871e+00
-1.021147952829018379e+01
-1.055439073482190437e+01
-1.086282183900894616e+01
-1.112570833989962793e+01
-1.133135124494608093e+01
-1.146793709576179943e+01
-1.152423616473579315e+01
-1.149045797532252600e+01
-1.135920745587997516e+01
-1.112644465918535275e+01
-1.079231514945920800e+01
-1.036169949634336085e+01
-9.844341707724913348e+00
-9.254465575041374237e+00
-8.609871497187709721e+00
-7.930607250823255683e+00
-7.237396612831459741e+00
-6.550060986847335620e+00
-5.886163863006398600e+00
-5.260048335724166080e+00
-4.682345127012161434e+00
-4.159932776253128850e+00
-3.696259106037087072e+00
-3.291896998679643804e+00
-2.945206666590141964e+00
-2.653000030389033981e+00
-2.411136829115262170e+00
-2.215015519199120320e+00
-2.059948464100350485e+00
-1.941428367545507516e+00
-1.855302211232188414e+00
-1.797872227137984336e+00
-1.765942906637523624e+00
-1.756830545598839999e+00
-1.768348597488370366e+00
-1.798778897335428617e+00
-1.846835997742478641e+00
-1.911629555741719555e+00
-1.992627924071816325e+00
-2.089624765710169640e+00
-2.202709536328880002e+00
-2.332241974488427960e+00
-2.478830221072741757e+00
-2.643311786387179119e+00
-2.826736235066443115e+00
-3.030348113870103166e+00
-3.255568260390028001e+00
-3.503971160901005799e+00
-3.777255435819836027e+00
-4.077203788687929098e+00
-4.405627834671315135e+00
-4.764292119267798498e+00
-5.154810371120127854e+00
-5.578505686067001257e+00
-6.036225092292402117e+00
-6.528098135571163141e+00
-7.053229324837250402e+00
-7.609316405700743857e+00
-8.192191834906225267e+00
-8.795295351875800804e+00
-9.409103412912967812e+00
-1.002056866126391732e+01
-1.061266069728933736e+01
-1.116414640485439236e+01
-1.164979640361730873e+01
-1.204123709255222607e+01
-1.230865725443356595e+01
-1.242348800112375073e+01
-1.236197328877532264e+01
-1.210923447271815689e+01
-1.166306982378622514e+01
-1.103646431198697009e+01
-1.025781082136914790e+01
-9.368298362108467003e+00
-8.416746147397505595e+00
-7.453040656739091219e+00
-6.521829870853947497e+00
-5.657967742303050329e+00
-4.884476212248685556e+00
-4.212903924473694772e+00
-3.645332114390008815e+00
-3.177093531331563359e+00
-2.799443871466279710e+00
-2.501747414359591914e+00
-2.273033290082330904e+00
-2.102967640826371998e+00
-1.982370435484933635e+00
-1.903418527650631242e+00
-1.859654769862786994e+00
-1.845891072542515055e+00
-1.858063683756904005e+00
-1.893076079209149887e+00
-1.948648966475164723e+00
-2.023186706770185417e+00
-2.115663332901749349e+00
-2.225527914030310139e+00
-2.352627263927227652e+00
-2.497143211844455646e+00
-2.659541403187819952e+00
-2.840528591455022678e+00
-3.041015455817655422e+00
-3.262082032963526057e+00
-3.504942832997671509e+00
-3.770908589410340905e+00
-4.061341362229242691e+00
-4.377599376407841802e+00
-4.720967556483487648e+00
-5.092569260066692749e+00
-5.493254299523001372e+00
-5.923458109479287081e+00
-6.383027079497923140e+00
-6.871005939663079154e+00
-7.385385099890180882e+00
-7.922809574275294864e+00
-8.478257253160990103e+00
-9.044703519743254816e+00
-9.612802058004508154e+00
-1.017062811223251373e+01
-1.070354923668289260e+01
-1.119430662092905848e+01
-1.162340166863472035e+01
-1.196987903427637256e+01
-1.221256824811984387e+01
-1.233178200148188353e+01
-1.231136756143901145e+01
-1.214088020638653553e+01
-1.181752523362732354e+01
-1.134744676313287215e+01
-1.074597859090747143e+01
-1.003664159439642312e+01
-9.248948991511147355e+00
-8.415382342488769041e+00
-7.568115336641729307e+00
-6.736102736908796018e+00
-5.943006286587829479e+00
-5.206166798207410906e+00
-4.536561018575579141e+00
-3.939493821987354760e+00
-3.415706250071343764e+00
-2.962609428225516428e+00
-2.575437882564198144e+00
-2.248209127106183036e+00
-1.974452212688885711e+00
-1.747716832557561606e+00
-1.561898983184347500e+00
-1.411426316687929727e+00
-1.291343587045455044e+00
-1.197331524637956557e+00
-1.125684465036096649e+00
-1.073264817930293047e+00
-1.037446626986596288e+00
-1.016056098593883128e+00
-1.007313868850516547e+00
-1.009781661135062958e+00
-1.022314600927475059e+00
-1.044019584995515393e+00
-1.074219584232531943e+00
-1.112423473919695871e+00
-1.158300848315050313e+00
-1.211661231216222046e+00
-1.272437102547981258e+00
-1.340670198385807144e+00
-1.416500592434577488e+00
-1.500158121111154541e+00
-1.591955766199322664e+00
-1.692284655196297338e+00
-1.801610378109555155e+00
-1.920470349628502715e+00
-2.049471966784838450e+00
-2.189291324108815662e+00
-2.340672250569822754e+00
-2.504425424829328062e+00
-2.681427306916400966e+00
-2.872618594517722279e+00
-3.079001869571134531e+00
-3.301638044455319054e+00
-3.541641145296187343e+00
-3.800170881212541651e+00
